tree
version=v4
num_class=1
num_tree_per_iteration=1
label_index=0
max_feature_idx=13
objective=binary sigmoid:1
feature_names=Column_0 Column_1 Column_2 Column_3 Column_4 Column_5 Column_6 Column_7 Column_8 Column_9 Column_10 Column_11 Column_12 Column_13
feature_infos=[-1.690814067662896:1.6849719453142082] [-1.5208114010562004:1.5300065184160159] [-1.7271340052841253:1.7347191517580063] [-1.7360152457153739:1.7299319812074401] [-1.6677946155945076:1.6821250630507807] [-1.6500328932094774:1.6501631510801775] [-1.7052341531086701:1.7104032756061347] [-0.99893067871298136:1.0010704659590559] [-1.7272792356016957:1.7277652596902884] [-1.7296737255880796:1.7292292620152721] [-1.731429740096657:1.7334604173728905] [-2.3006759554756941:2.3125268572786144] [-1.9384836539568588:3.0034927627570935] [-2.323055813570039:2.3317789352789582]
tree_sizes=3403 3374 3368 3378 3374 3381 3375 3405 3379 3391 3384 3396 3400 3395 3402 3396 3381 3396 3389 3404 3405 3397 3395 3418 3395 3422 3398 3396 3406 3393 3413 3403 3424 3420 3423 3417 3427 3423 3410 3421 3422 3414 3424 3427 3440 3441 3408 3433 3420 3428 3419 3425 3425 3432 3423 3430 3429 3426 3436 3423 3434 3432 3432 3429 3456 3429 3416 3431 3437 3429 3414 3433 3432 3416 3445 3439 3434 3425 3437 3446 3452 3440 3440 3429 3441 3465 3455 3487 3473 3480 3494 3442 3460 3500 3504 3493 3451 3483 3510 3506

Tree=0
num_leaves=31
num_cat=0
split_feature=0 12 12 12 12 3 4 1 0 4 8 0 5 8 10 10 4 10 10 6 8 13 5 13 3 7 3 2 7 6
split_gain=41961.3 52092.7 64691.8 381.886 77.9431 6.69416 10.0076 6.25993 6.44513 5.75745 6.28028 5.11954 4.37545 4.30294 8.39961 4.06423 3.24244 4.86966 5.33298 3.01493 4.31353 5.22523 3.83243 7.12516 3.67162 4.97261 4.4143 3.00865 2.83009 6.15645
threshold=0.94922371171663422 0.77800197229805812 -1.0140886165254834 -1.0010984696466598 0.76048314901579195 -0.81017358645179771 0.81576652547010275 -0.86706470402643965 -1.2147416812174068 -1.1479794930461005 -0.32705756067790093 0.17019617026037934 -0.69471298565194561 0.37256325280654762 -0.23321066936385054 0.10951097829436522 0.93128099714752655 0.74935951453767424 -0.61681357992819863 -1.1519971047957085 -1.2135957878260575 -0.62091474869242202 0.86853777216946992 0.66437544315394703 0.12257108343061587 1.0000000180025095e-35 -0.81017358645179771 0.3511582487906168 1.0000000180025095e-35 0.67609053310798972
decision_type=2 2 2 2 2 2 2 2 2 2 2 2 2 2 2 2 2 2 2 2 2 2 2 2 2 2 2 2 2 2
left_child=1 2 -1 7 -5 6 11 8 -4 12 19 13 -9 -6 -15 -12 17 18 -10 -11 21 -21 23 24 26 -26 -22 -23 29 -7
right_child=-2 -3 3 4 5 28 -8 9 16 10 15 -13 -14 14 -16 -17 -18 -19 -20 20 22 27 -24 -25 25 -27 -28 -29 -30 -31
leaf_value=-0.29415285539881209 -0.29415285539881209 -0.29415285539881209 -0.0076648125947663265 0.10693040452685208 -0.12818736853301999 0.047265126190802878 0.070468289988155339 -0.07538016816663165 -0.14830439724402505 -0.030024854959960073 0.042239556151744975 0.046767915538002455 0.034006175449458595 -0.13371955142854641 0.03172729329079009 -0.073557062439696799 -0.19388204041739604 -0.18184954261962613 -0.017543710622491965 -0.05647388655397409 -0.05063801901537314 -0.1222600297163846 -0.0037132533836759657 -0.19388204041739604 0.049632795966042961 -0.079286823295777714 -0.17382787742111278 -0.2212286263214186 0.05961159296258832 -0.038142263956898792
leaf_weight=5156.2858513444662 8992.3969730883837 6756.7016378045082 5.2358204573392895 18742.990613356233 7.2304187268018785 30.168298825621605 10.970290482044218 5.4851452410221126 5.4851452410221162 10.222316130995749 7.7290682941675168 4.9864956736564627 10.970290482044218 4.9864956736564654 7.9783930778503382 4.9864956736564636 5.9837948083877555 6.2331195920705786 7.2304187268018714 6.7317691594362286 6.9810939431190491 6.9810939431190473 7.2304187268018714 4.9864956736564627 5.235820457339285 6.9810939431190491 4.986495673656469 5.48514524102211 44.379811495542526 11.718264833092688
leaf_count=20681 36067 27100 21 75175 29 121 44 22 22 41 31 20 44 20 32 20 24 25 29 27 28 28 29 20 21 28 20 22 178 47
internal_value=-0.104033 -0.0487119 0.0199667 0.105256 0.106411 0.0268771 -0.00924544 -0.0688431 -0.108528 -0.05624 -0.067509 -0.0439722 -0.00245594 -0.0663772 -0.0319061 -0.00317088 -0.129709 -0.109443 -0.0739503 -0.0799379 -0.0891148 -0.127469 -0.0688869 -0.0850411 -0.0625996 -0.0240356 -0.101967 -0.165806 0.0420152 0.0233714
internal_weight=39896 30903.6 24146.9 18990.6 18865.4 122.418 36.1521 125.161 30.1683 94.9927 78.5373 25.1818 16.4554 20.1953 12.9649 12.7156 24.9325 18.9487 12.7156 65.8217 55.5994 19.198 36.4014 29.171 24.1845 12.2169 11.9676 12.4662 86.2664 41.8866
internal_count=160016 123949 96849 76168 75666 491 145 502 121 381 315 101 66 81 52 51 100 76 51 264 223 77 146 117 97 49 48 50 346 168
is_linear=0
shrinkage=1


Tree=1
num_leaves=31
num_cat=0
split_feature=0 12 12 12 12 3 4 6 8 9 4 9 4 11 3 2 0 8 13 8 2 10 2 13 3 10 3 1 8 2
split_gain=34567.9 42666.2 52606.9 309.266 63.6072 5.86722 7.51277 5.27779 6.94602 9.51906 6.45257 6.64904 7.71257 6.18033 7.20881 6.86235 6.57106 5.2552 4.55795 4.27227 3.60926 2.78877 5.32777 6.19089 4.56046 3.92299 3.37392 6.61912 3.06899 2.71788
threshold=0.94922371171663422 0.77800197229805812 -1.0140886165254834 -1.0010984696466598 0.76048314901579195 -1.3206411503366957 0.46922311043783155 -0.23795328584385958 -0.216183153001451 1.1214112376330594 -1.1479794930461005 -0.37754295507554841 -0.22386371962671089 -0.52267070472663746 -0.014458602311122311 -0.95040088364737763 -0.26259690832642885 -1.2135957878260575 -0.62091474869242202 -0.86050070617261987 0.11059095614020266 -0.1523013701944376 0.94714594716005207 -0.16932630290856013 -0.90554870901742224 -0.38348310985279183 0.78331752025794776 0.44042869003308155 -0.27210723949329085 0.2292242710174299
decision_type=2 2 2 2 2 2 2 2 2 2 2 2 2 2 2 2 2 2 2 2 2 2 2 2 2 2 2 2 2 2
left_child=1 2 -1 7 -5 6 -6 8 9 10 -4 -12 -13 17 15 -15 29 -9 -17 -14 -19 24 28 -24 -7 26 -26 -28 -23 -16
right_child=-2 -3 3 4 5 21 -8 13 -10 -11 11 12 19 14 16 18 -18 20 -20 -21 -22 22 23 -25 25 -27 27 -29 -30 -31
leaf_value=-0.17451626635938922 -0.17451626635938922 -0.17451626635938922 0.14044135965209953 0.18985881638311211 -0.0067890215365523157 0.037347836166926655 0.14320531103737322 -0.017006803668621211 0.15226010203085139 -0.07061055966481615 0.13809235112171167 -0.064851312314291573 0.013022446659067178 0.039111489848196263 0.038670734337180511 -0.0007339396488727218 -0.023807752605370991 0.14451891914497791 -0.11266527413134662 0.10787478552213217 0.044604440978105293 0.08341760236585867 0.16014918955636775 0.017174064694754989 0.15716776986305214 0.045972557869940617 0.14881842933998468 0.0059585804357892153 0.16460023092519432 0.12622013024576068
leaf_weight=5060.0030879676342 8824.4829250872135 6630.5344849824905 7.9894750863313666 18740.129635855556 7.9798487424850446 7.7272365093231192 5.7421168684959412 6.2263211309909847 6.4947431683540335 6.481513485312461 5.7362881153821901 7.7345160394906989 11.209068387746811 6.9722020030021694 8.2270206362009066 5.2340754717588487 11.951965048909186 6.9922058433294279 11.930592551827425 8.2388476431369853 7.4864393472671509 5.245683327317237 5.4964563250541687 6.7450154870748502 22.481275364756584 5.9944488555192939 8.4937674850225431 5.2466043978929511 41.46649768948555 6.2318009436130515
leaf_count=20681 36067 27100 32 75175 32 31 23 25 26 26 23 31 45 28 33 21 48 28 48 33 30 21 22 27 90 24 34 21 166 25
internal_value=-9.73091e-05 0.0500734 0.111998 0.18835 0.189389 0.1176 0.0559779 0.031661 0.0552767 0.0419852 0.0598249 0.0402591 0.0196134 0.0138017 -0.00504747 -0.0445506 0.0310545 0.0598187 -0.0785337 0.0532054 0.0928564 0.125365 0.140094 0.0813703 0.107978 0.120907 0.133308 0.094269 0.155484 0.0764048
internal_weight=39502.9 30678.4 24047.9 18987.9 18862.7 122.619 13.722 125.137 53.8845 47.3897 40.9082 32.9187 27.1824 71.2526 50.5477 24.1369 26.4108 20.705 17.1647 19.4479 14.4786 108.897 58.9537 12.2415 49.9433 42.2161 36.2216 13.7404 46.7122 14.4588
internal_count=160016 123949 96849 76168 75666 491 55 502 216 190 164 132 109 286 203 97 106 83 69 78 58 436 236 49 200 169 145 55 187 58
is_linear=0
shrinkage=0.1


Tree=2
num_leaves=31
num_cat=0
split_feature=0 12 12 12 12 1 0 3 4 4 8 8 1 11 1 10 6 6 6 6 7 0 13 10 13 6 9 3 3 13
split_gain=28953.1 35582.4 43640.6 261.961 55.5231 4.84811 4.85768 4.82867 6.15889 3.7507 4.45181 3.62196 3.06295 2.91911 2.79798 2.92069 2.42909 3.25463 4.29876 4.42445 5.25762 2.8838 3.78383 4.70865 4.20322 3.39107 2.40363 4.90319 4.68477 3.71932
threshold=0.94922371171663422 0.77800197229805812 -1.0140886165254834 -1.0010984696466598 0.76048314901579195 -0.86706470402643965 -1.2147416812174068 -1.3206411503366957 0.46922311043783155 -1.1479794930461005 -0.32705756067790093 -0.67088614866351626 0.44042869003308155 -0.81099588052378169 -1.3028958353796132 0.57123747487965637 1.4458116438042838 0.62798296368947126 0.86852081078206311 1.0609510884561368 -1.0000000180025095e-35 -1.5609761440868535 0.24752457012269341 -0.13790968973596698 -0.37775173942418688 -0.23795328584385958 -0.054874171721550825 0.82496827681257057 -0.54953701388482301 0.212786997370085
decision_type=2 2 2 2 2 2 2 2 2 2 2 2 2 2 2 2 2 2 2 2 2 2 2 2 2 2 2 2 2 2
left_child=1 2 -1 5 -5 6 -4 8 -6 11 26 13 -12 -7 15 -8 17 21 -19 -20 -21 -9 23 25 -25 -23 27 28 -11 -28
right_child=-2 -3 3 4 7 9 14 16 -10 10 12 -13 -14 -15 -16 -17 -18 18 19 20 -22 22 -24 24 -26 -27 29 -29 -30 -31
leaf_value=-0.1625834684403448 -0.1625834684403448 -0.1625834684403448 0.081042178573808091 0.17432007146477069 -0.0061114436525562255 0.15834283087841916 0.044811574329037818 0.046515952720687495 0.13004137827813117 0.018605680496866877 0.13898029783856056 0.011849449841784231 0.040245349136573703 0.056556924904101503 -0.060556606120616141 -0.05156550839497314 0.17195308775247964 0.0046363294207835883 0.16067628405104056 -7.6598755377393666e-05 0.13282776967218338 0.095344729641401477 0.15333878634496279 0.17360943600555309 0.089019373639114038 9.9499202261362597e-05 0.0043464064304555294 0.070705778983549322 -0.10196558355138091 0.060296487394968935
leaf_weight=4896.4167213439941 8539.1935539245605 6416.1739349365234 5.2407131642103222 18385.893797129393 7.978210121393202 6.4689063131809244 7.953826785087589 4.9621021002531043 5.6932078897953033 6.2053039073944101 5.7212230265140516 4.9777490943670264 6.9692760556936264 4.9917622059583673 11.668992966413494 5.200210377573967 6.7055938839912406 5.9658666700124767 7.6973550766706493 6.2291756570339238 5.7003867924213356 13.150786608457567 28.754707336425781 13.103954687714575 10.64675803482533 5.2226068377494768 24.143714010715485 5.237590253353118 6.7042011767625818 23.393122807145119
leaf_count=20681 36067 27100 21 75175 32 26 32 20 23 25 23 20 28 20 47 21 27 24 31 25 23 53 116 53 43 21 97 21 27 94
internal_value=-0.000155738 0.0461623 0.103086 0.1729 0.173874 0.02855 -0.00644111 0.106583 0.0505869 0.0396452 0.0305363 0.0830741 0.0847578 0.114009 -0.0249108 0.00671064 0.113662 0.109808 0.0789728 0.101568 0.06343 0.120214 0.125374 0.106284 0.13569 0.0682714 0.0200604 -0.0109007 -0.0440097 0.0318797
internal_weight=38484.4 29945.2 23529 18632.6 18507.7 124.877 30.0637 121.811 13.6714 94.8128 78.3744 16.4384 12.6905 11.4607 24.823 13.154 108.139 101.434 25.5928 19.6269 11.9296 75.8409 70.8788 42.1241 23.7507 18.3734 65.6839 18.1471 12.9095 47.5368
internal_count=160016 123949 96849 76168 75666 502 121 491 55 381 315 66 51 46 100 53 436 409 103 79 48 306 286 170 96 74 264 73 52 191
is_linear=0
shrinkage=0.1


Tree=3
num_leaves=31
num_cat=0
split_feature=0 12 12 12 12 6 6 10 10 0 6 8 9 11 4 4 9 4 0 3 8 3 10 10 0 10 3 2 4 8
split_gain=24556.8 30078.6 36739.5 229.608 50.7359 4.27028 5.21332 7.86903 6.56281 6.48805 8.10896 5.19821 7.58056 4.66344 6.92379 4.56822 5.5686 6.12246 4.12828 7.64685 3.61595 3.47205 2.79683 8.94566 3.46957 3.27616 3.09985 2.92761 2.12777 1.96116
threshold=0.94922371171663422 0.77800197229805812 -1.0140886165254834 -1.0010984696466598 0.76048314901579195 -0.23795328584385958 0.72419810252650807 0.74935951453767424 1.1045464744863895 0.17019617026037934 0.14690726950428742 -0.216183153001451 1.1214112376330594 -0.61877909665901887 1.0000000180025095e-35 -1.1479794930461005 -0.37754295507554841 -0.10834924794928717 0.083637554543017689 -1.307178841663015 -0.86050070617261987 1.2289444607067286 -0.041925179454817295 -0.38348310985279183 -1.3878589126521301 -1.268071453479241 -0.75474345809317389 0.94714594716005207 0.70025205379267896 0.90052349813520427
decision_type=2 2 2 2 2 2 2 2 2 2 2 2 2 2 2 2 2 2 2 2 2 2 2 2 2 2 2 2 2 2
left_child=1 2 -1 5 -5 11 7 9 13 10 -7 12 15 -8 -15 -4 -17 -18 19 -6 -19 29 23 25 -24 -21 -27 -26 -16 -20
right_child=-2 -3 3 4 18 6 8 -9 -10 -11 -12 -13 -14 14 28 16 17 20 21 22 -22 -23 24 -25 27 26 -28 -29 -30 -31
leaf_value=-0.15319250375092519 -0.15319250375092519 -0.15319250375092519 0.11988695010012129 0.16243093539940118 0.00069360942509301199 0.11923557283387227 0.076841259994157154 -0.09972359480809051 0.1208204611981631 -0.073232303619613831 -0.018304792092660501 0.1317077726271495 -0.065090899832718915 -0.084271291740024498 0.085144919529711885 0.12475012091812987 -0.052875168893859292 0.011255079717712871 0.15320308503051797 0.1410073939085312 0.1010486676747739 0.048961296898926102 0.03627733986038157 -0.045870422605349875 0.14121125751923991 0.007906316071930054 0.098223975880637054 0.064445199815136731 0.0038625161140117049 0.10355026507263426
leaf_weight=4687.5612800419331 8174.9563699662685 6142.4936264753342 7.8901171386241904 17788.355010002851 9.6474727541208249 7.6871571093797746 8.6983396261930483 8.9057079404592496 7.2080803066492072 6.7097726166248313 9.6896845102310163 6.391210824251174 6.4532621800899497 7.9494555741548565 4.9603115916252127 5.7271524667739824 8.7053759247064573 10.699232280254362 21.999868348240852 10.544048205018045 7.7210046201944449 5.3929669111967078 4.9099910706281653 5.199414759874343 25.984220191836357 5.4578743427991894 12.510999411344526 6.1422713696956626 9.1822998821735364 12.46001163125038
leaf_count=20681 36067 27100 32 75175 39 31 35 36 29 27 39 26 26 32 20 23 35 43 90 43 31 22 20 21 107 22 51 25 37 51
internal_value=-0.000192823 0.0431414 0.0962197 0.161052 0.161993 0.0257616 0.00967604 -0.0194065 0.0349271 0.0102896 0.0425402 0.0470713 0.03561 0.0148193 -0.00960068 0.05156 0.0351502 0.0162326 0.0972562 0.0842108 0.0488929 0.123573 0.0955994 0.0747596 0.114569 0.0967569 0.0707908 0.126534 0.0323711 0.13525
internal_weight=37038.2 28863.2 22720.7 18033.2 17908.6 124.578 70.9908 32.9923 37.9985 24.0866 17.3768 53.5874 47.1961 30.7904 22.0921 40.7429 32.8528 27.1256 120.249 80.3963 18.4202 39.8528 70.7488 33.7123 37.0365 28.5129 17.9689 32.1265 14.1426 34.4599
internal_count=160016 123949 96849 76168 75666 502 286 133 153 97 70 216 190 124 89 164 132 109 491 328 74 163 289 137 152 116 73 132 57 141
is_linear=0
shrinkage=0.1


Tree=4
num_leaves=31
num_cat=0
split_feature=0 12 12 12 12 5 1 6 1 6 10 6 2 10 10 2 5 0 3 3 8 9 6 0 10 10 0 10 10 2
split_gain=21033.5 25694.1 31281.2 205.753 47.9922 3.71504 6.68552 3.92348 4.04792 4.53807 6.78682 4.71387 4.05521 4.05252 7.93522 6.4512 6.10749 3.52187 6.41183 2.98718 2.9029 4.25891 2.69545 2.61458 2.42231 7.38833 2.98528 2.79668 2.87992 2.56696
threshold=0.94922371171663422 0.77800197229805812 -1.0140886165254834 -1.0010984696466598 0.76048314901579195 1.3896213581099419 -0.43123357267326595 -0.57470627177348821 1.3120909527394293 0.72419810252650807 0.74935951453767424 0.2431224083413242 -0.093156858665566125 1.0628855155696153 -0.13790968973596698 -0.10609377164401582 -0.17362939971147384 0.083637554543017689 -1.307178841663015 1.2289444607067286 -1.3496515965836851 1.4840638157699424 -0.093630577588304467 -0.43571413976115214 -0.041925179454817295 -0.38348310985279183 -1.3878589126521301 -1.268071453479241 -0.80667951280395922 0.94714594716005207
decision_type=2 2 2 2 2 2 2 2 2 2 2 2 2 2 2 2 2 2 2 2 2 2 2 2 2 2 2 2 2 2
left_child=1 2 -1 5 -5 7 -7 20 9 10 11 12 -9 14 16 -16 -11 18 -6 -19 -4 -22 -12 -10 25 27 -26 -20 -29 -28
right_child=-2 -3 3 4 17 6 -8 8 23 13 22 -13 -14 -15 15 -17 -18 19 24 -21 21 -23 -24 -25 26 -27 29 28 -30 -31
leaf_value=-0.14563728307887072 -0.14563728307887072 -0.14563728307887072 0.11481197155490981 0.15307096908231943 0.00062425807396383304 -0.10011532332802003 0.042898510143526622 0.12607490184794182 -0.09466427597933183 0.00074248945205779814 -0.015718525194039192 -0.025850107835499642 0.021044942635935222 0.12070096090536304 -0.10593084968236544 0.049867973218361276 0.14297456092965177 0.1247656521070242 0.12987060323413199 0.044372411576768966 0.025356901642574755 0.12837404185905013 -0.11931105028715372 0.0081407031123020765 0.032812394506615807 -0.041138004672451406 0.13088563441404336 0.035566062479294412 0.1205419723983541 0.05854895528085298
leaf_weight=4449.8585757613182 7760.4104855656624 5831.0123980045319 6.901898428797721 17027.259941771626 9.64732977747917 6.4009184092283249 6.6799599528312665 6.1549993753433183 4.9512565284967422 4.9671162664890316 4.9243535399436951 9.6767141073942167 9.127586051821714 6.9533138126134864 5.450623631477356 5.1868602782487851 7.6977543383836773 33.66197969019413 10.314985528588297 5.3575249910354605 23.972044020891193 4.819999247789382 5.1266807317733747 4.9441505670547468 4.8868809640407518 5.2167714089155188 25.267367422580726 11.745805054903032 6.0387760102748862 6.0876496434211722
leaf_count=20681 36067 27100 28 75175 39 26 27 25 20 20 20 39 37 28 22 21 31 141 43 22 97 20 21 20 20 21 107 48 25 25
internal_value=-0.00021738 0.0407447 0.090783 0.151702 0.15263 0.0233183 -0.027083 0.0292657 0.0163011 0.0253375 0.000824417 0.0287643 0.0633453 0.0537027 0.0337108 -0.029963 0.0871917 0.0891368 0.0770226 0.113727 0.0565653 0.0426027 -0.0685574 -0.0432987 0.0876186 0.0681553 0.105511 0.0884459 0.0644197 0.116841
internal_weight=35310.7 27550.3 21719.3 17269.4 17145.5 123.936 13.0809 110.855 75.1614 65.266 35.0103 24.9593 15.2826 30.2557 23.3024 10.6375 12.6649 118.225 79.2056 39.0195 35.6939 28.792 10.051 9.89541 69.5582 33.3163 36.2419 28.0996 17.7846 31.355
internal_count=160016 123949 96849 76168 75666 502 53 449 304 264 142 101 62 122 94 43 51 491 328 163 145 117 41 40 289 137 152 116 73 132
is_linear=0
shrinkage=0.1


Tree=5
num_leaves=31
num_cat=0
split_feature=0 12 12 12 12 0 6 3 6 5 1 8 3 6 11 11 3 1 3 3 6 4 8 2 5 5 0 5 5 0
split_gain=18157.9 22132.2 26872.1 188.069 46.384 3.36788 3.71077 5.83716 3.74389 4.51651 4.22907 3.81951 3.89929 3.62431 3.74945 3.60408 3.38332 3.34411 4.15364 4.64826 3.10045 2.43348 3.43396 4.66395 4.14176 5.56851 3.9735 3.01705 2.79409 2.76289
threshold=0.94922371171663422 0.77800197229805812 -1.0140886165254834 -1.0010984696466598 0.76048314901579195 0.68954786456454931 0.53176782485243457 -1.334489711270118 -1.3444273824697821 0.34745418622899804 -1.0000000180025095e-35 -1.0000000180025095e-35 1.0013628714464617 1.4458116438042838 0.63062999846193957 -0.52267070472663746 0.10968543110742657 -0.86706470402643965 -0.028116428598775587 0.79720315990756629 -0.57470627177348821 -1.1479794930461005 -1.2135957878260575 0.51535635651961276 0.86853777216946992 1.3896213581099419 -1.2147416812174068 -0.69471298565194561 -0.69471298565194561 0.51643063312982607
decision_type=2 2 2 2 2 2 2 2 2 2 2 2 2 2 2 2 2 2 2 2 2 2 2 2 2 2 2 2 2 2
left_child=1 2 -1 17 -5 6 8 -8 10 11 -6 -10 16 14 15 -9 -13 18 20 -20 -4 27 23 -23 26 -26 -24 -19 -28 -30
right_child=-2 -3 3 4 5 -7 7 13 9 -11 -12 12 -14 -15 -16 -17 -18 21 19 -21 -22 22 24 -25 25 -27 28 -29 29 -31
leaf_value=-0.13945211289154821 -0.13945211289154821 -0.13945211289154821 0.012751040878271849 0.14553854183163936 -0.022243191513883098 0.14520520478343904 -0.042301620937064292 0.069534663451246065 0.14768677756535037 0.13568293206435178 0.092807568975814214 0.063804924647818048 0.12465401624884709 0.14315868968602605 0.10712059473506126 -0.022086322472189793 -0.029464847140771029 0.0053497202852962411 0.079804250477676197 -0.028173424403308389 -0.085300860651242122 0.022734460885075029 -0.046239193331961165 -0.073664873158329286 0.14100863603342445 0.0043863776921535215 0.070399494734150095 0.097010213740258977 -0.0070957159636154321 0.076669619700401287
leaf_weight=4195.57658444345 7316.9508568793535 5497.8059783577919 5.1689490824937812 16162.052849307656 5.7092175036668777 7.8639284670352927 5.6081304848194113 9.049458667635923 6.5467844158410982 23.282263472676277 7.2549219429492933 15.702931806445131 7.5284815579652777 5.3822429329156867 8.5363652110099775 8.1692772507667559 5.1695704311132422 5.4378494918346432 8.0891023427247983 7.8612921535968772 8.5743337571620959 14.792547285556795 7.17391712963581 7.5960922837257376 7.5625930130481702 4.9268264472484589 13.868282854557032 10.57352392375469 16.48533949255944 5.173296406865119
leaf_count=20681 36067 27100 21 75175 24 34 23 38 28 100 31 66 32 23 36 34 22 22 33 32 35 60 29 31 31 20 56 44 67 21
internal_value=-0.000234179 0.0388028 0.0863837 0.144155 0.145087 0.0820239 0.0774209 0.0516125 0.0907414 0.101562 0.0421409 0.07883 0.0629577 0.0685273 0.052931 0.0260659 0.0407045 0.0211091 -0.00813046 0.0265865 -0.0484228 0.030386 0.0230604 -0.00997223 0.0364605 0.0871139 0.0216451 0.0658801 0.0353529 0.0129121
internal_weight=33411.5 26094.5 20596.7 16401.1 16277.9 115.804 107.94 36.7455 71.1942 58.23 12.9641 34.9478 28.401 31.1373 25.7551 17.2187 20.8725 123.284 29.6937 15.9504 13.7433 93.5903 77.5789 22.3886 55.1903 12.4894 42.7008 16.0114 35.5269 21.6586
internal_count=160016 123949 96849 76168 75666 491 457 154 303 248 55 148 120 131 108 72 88 502 121 65 56 381 315 91 224 51 173 66 144 88
is_linear=0
shrinkage=0.1


Tree=6
num_leaves=31
num_cat=0
split_feature=0 12 12 12 12 13 0 4 6 6 5 8 5 0 11 0 6 6 0 10 10 10 8 0 5 10 6 0 8 3
split_gain=15776.2 19193 23250.2 174.778 45.7573 3.08359 3.02559 3.18622 5.80077 3.44609 3.5411 5.09922 8.00044 3.24033 3.15815 4.93525 2.84237 6.80408 4.50057 5.54941 7.58762 4.44789 4.34088 4.0242 3.78492 3.77869 3.65974 2.77905 2.82564 2.89605
threshold=0.94922371171663422 0.77800197229805812 -1.0140886165254834 -1.0010984696466598 0.76048314901579195 1.7412401984846864 0.68954786456454931 0.23819416708298405 0.62798296368947126 -1.3444273824697821 0.17375965758217404 0.64535790159567352 -0.86840751429876961 -1.3013002969347685 -0.52267070472663746 -0.52227275547851371 0.14690726950428742 0.72419810252650807 1.0000000180025095e-35 -1.009668293270096 0.99333222055775705 1.0628855155696153 -1.2135957878260575 -0.34915552404379052 0.69484324352264604 -0.68472687928666642 1.1571662272931735 -1.3878589126521301 -1.2419374712069864 0.041630726429457483
decision_type=2 2 2 2 2 2 2 2 2 2 2 2 2 2 2 2 2 2 2 2 2 2 2 2 2 2 2 2 2 2
left_child=1 2 -1 5 -5 16 7 8 9 -6 11 -11 -13 -9 15 -10 18 22 27 -20 -21 24 -18 -24 25 -19 -27 -4 -29 -30
right_child=-2 -3 3 4 6 -7 -8 13 14 10 -12 12 -14 -15 -16 -17 17 21 19 20 -22 -23 23 -25 -26 26 -28 28 29 -31
leaf_value=-0.13431682307681944 -0.13431682307681944 -0.13431682307681944 0.0035068807781539488 0.13937064685029354 0.019347936877507643 -0.056959286458218676 0.13684413999303244 0.023469658008398522 0.1132296197773574 0.11727859237098721 0.12938915732960585 0.10414198986298458 -0.068156781711941825 0.10249694056026484 -0.038815796130899798 -0.020243595914186539 -0.11117767617473512 0.053909606426287851 -0.089270959562928742 0.06913652129358204 -0.067200304380224854 0.096254840108174519 -0.058909085645793662 0.057664739650139255 0.083408603084402358 0.025937844314506766 -0.075291406184504278 0.030829133978300689 0.060493739827946841 0.13705673913958044
leaf_weight=3933.8498001694679 6860.5077483057976 5154.8440396785736 7.5823433399200431 15237.136013805866 8.3764778822660428 5.1090293526649466 7.5273091942071906 6.0057960301637641 5.3766697496175775 9.5792547613382357 14.09611754119396 5.3293597400188402 5.4518025964498547 38.12296949326992 7.7267163246870032 5.7146862745285043 6.299430429935458 6.9272019416093853 5.1355832815170315 13.430571585893633 5.8645068109035483 8.0802280604839307 6.887405291199685 5.1947899609804127 5.8482945263385764 5.8916721940040615 9.0685448050498945 11.26018914580345 11.507322072982793 8.6573314368724805
leaf_count=20681 36067 27100 31 75175 36 21 34 25 23 42 62 23 23 167 32 24 26 28 21 55 24 33 28 21 24 24 37 46 47 36
internal_value=-0.000245945 0.0372021 0.0827605 0.137949 0.1389 0.0190957 0.0755868 0.0712278 0.0565443 0.0768759 0.0908611 0.064187 0.0170142 0.0917416 0.0102664 0.0444592 0.0223988 0.00558153 0.0367665 0.00311035 0.0276986 0.0309649 -0.043877 -0.00878769 0.011944 -0.0071513 -0.035425 0.0578457 0.0709569 0.0933647
internal_weight=31422.4 24561.9 19407 15473.2 15350.4 122.744 113.307 105.78 61.6511 42.833 34.4565 20.3604 10.7812 44.1288 18.8181 11.0914 117.635 54.1976 63.4378 24.4307 19.2951 35.8159 18.3816 12.0822 27.7357 21.8874 14.9602 39.0072 31.4248 20.1647
internal_count=160016 123949 96849 76168 75666 502 491 457 265 186 150 88 46 192 79 47 481 221 260 100 79 146 75 49 113 89 61 160 129 83
is_linear=0
shrinkage=0.1


Tree=7
num_leaves=31
num_cat=0
split_feature=0 12 12 12 12 3 4 4 4 0 9 10 1 0 3 11 11 10 8 0 1 10 7 11 13 1 11 6 1 7
split_gain=13779.8 16736.9 20234.9 164.085 45.6463 2.91478 6.72012 3.07903 3.08072 2.95134 3.34886 5.4805 2.69371 3.38766 2.36287 3.05943 3.9108 3.37962 2.0405 2.93286 5.34181 4.25683 4.02362 3.53952 3.02271 3.05856 3.26269 2.85604 1.92608 2.20351
threshold=0.94922371171663422 0.77800197229805812 -1.0140886165254834 -1.0010984696466598 0.76048314901579195 -0.81017358645179771 0.81576652547010275 1.2778244121797979 0.23819416708298405 0.17019617026037934 -0.77311142668310451 -0.23321066936385054 -0.86706470402643965 -1.2147416812174068 0.027043336647320417 -0.52267070472663746 -1.1954294482533074 -0.32827742643574037 -0.16225507701033551 1.0000000180025095e-35 -0.43123357267326595 -1.0238705361069325 -1.0000000180025095e-35 0.34230482266479528 1.4980771892164542 -0.43123357267326595 -1.0032126643885444 -0.093630577588304467 -1.3028958353796132 1.0000000180025095e-35
decision_type=2 2 2 2 2 2 2 2 2 2 2 2 2 2 2 2 2 2 2 2 2 2 2 2 2 2 2 2 2 2
left_child=1 2 -1 12 -5 6 9 8 14 10 -6 -12 13 -4 -7 16 -16 -17 19 24 -21 -22 27 -24 25 -14 -27 -23 29 -15
right_child=-2 -3 3 4 5 7 -8 -9 -10 -11 11 -13 18 28 15 17 -18 -19 -20 20 21 22 23 -25 -26 26 -28 -29 -30 -31
leaf_value=-0.13000364709392925 -0.13000364709392925 -0.13000364709392925 0.065055570837298529 0.13424873807669496 -0.05535700490741477 0.10461253520412389 0.11456899993529482 0.019858840997245754 0.11658697117954389 0.089478743510605419 -0.050636508033614393 0.08532996630280934 0.08487992398038946 -0.0358166447191322 0.034976471887360007 -0.042088365761207093 0.12769728014133694 0.062655065928938089 0.087372369624084095 -0.097566311751507984 -0.066392657761073531 0.042767089728507048 0.12635280794206347 0.015666501947397594 0.10947172460004782 0.081276668881484548 0.0053544963437311991 -0.058855604714973191 -0.054420594960277874 0.047067271144401464
leaf_weight=3671.4234679192305 6402.8446505218744 4810.9654262661934 5.1042465418577221 14285.570864379406 7.0418599396944073 14.994140163064001 9.9076723754405958 7.5401126146316519 23.496800258755684 4.5115034431219092 4.9348136782646197 7.4250628501176834 8.1146784424781782 7.0482489317655599 8.885186493396759 5.3355582654476166 9.3210291862487793 7.2882904708385485 5.068573370575904 4.9228593558073035 5.1771078556776073 5.4229879677295685 6.2503188699483854 5.3722639530897141 5.1160844117403022 6.7642033249139777 34.683271303772926 5.6436273753643054 11.442920327186581 5.8863389939069748
leaf_count=20681 36067 27100 21 75175 29 68 44 34 107 20 20 32 33 29 39 23 43 32 22 20 21 22 26 22 21 29 142 23 47 24
internal_value=-0.000254408 0.0358647 0.079735 0.132774 0.133753 0.0697813 0.0453175 0.0805461 0.0871471 0.0166254 -0.000315314 0.0310439 0.0172988 -0.00902462 0.0720515 0.0562154 0.0824467 0.0183845 0.0256854 0.0221108 -0.0015356 0.0154292 0.0340989 0.0751907 0.0362909 0.0287368 0.0177449 -0.0090573 -0.0245358 0.0019026
internal_weight=29403.5 23000.7 18189.7 14518.3 14396.3 110.682 33.8209 76.8611 69.321 23.9132 19.4017 12.3599 122.018 29.4818 45.8242 30.8301 18.2062 12.6238 92.536 87.4674 32.7892 27.8663 22.6892 11.6226 54.6782 49.5622 41.4475 11.0666 24.3775 12.9346
internal_count=160016 123949 96849 76168 75666 491 145 346 312 101 81 52 502 121 205 137 82 55 381 359 134 114 93 48 225 204 171 45 100 53
is_linear=0
shrinkage=0.1


Tree=8
num_leaves=31
num_cat=0
split_feature=0 12 12 12 12 0 3 5 13 4 11 0 4 1 6 6 1 3 2 11 13 11 2 6 6 9 3 8 2 3
split_gain=12089.5 14662.8 17696.6 155.606 45.8055 2.69446 2.78007 4.00622 2.60692 2.14487 4.6249 3.4178 2.50924 2.19087 2.14486 5.32703 4.32317 3.70851 6.76391 3.62881 4.40239 4.24047 4.34871 6.10933 4.07574 4.56746 3.4742 2.44907 2.1723 2.04959
threshold=0.94922371171663422 0.77800197229805812 -1.0140886165254834 -1.0010984696466598 0.76048314901579195 0.68954786456454931 -1.3206411503366957 -1.0000000180025095e-35 1.7412401984846864 -0.57040713465898196 -0.52267070472663746 -0.52227275547851371 1.2778244121797979 1.3120909527394293 0.14690726950428742 0.72419810252650807 1.3120909527394293 0.12257108343061587 -0.40954589609364939 -0.71488748859140039 0.14331185186487708 0.24619643073241385 0.74442681851000558 -0.86335168828459841 -0.7671365494475616 0.59560163105178909 0.7280853000807227 -1.0631747289398275 0.12458752576278252 -0.23518287975775931
decision_type=2 2 2 2 2 2 2 2 2 2 2 2 2 2 2 2 2 2 2 2 2 2 2 2 2 2 2 2 2 2
left_child=1 2 -1 8 -5 6 7 -6 14 10 11 -8 13 29 19 26 17 -17 -19 20 -4 24 23 -23 25 -21 27 -16 -26 -11
right_child=-2 -3 3 4 5 -7 9 -9 -10 12 -12 -13 -14 -15 15 16 -18 18 -20 21 -22 22 -24 -25 28 -27 -28 -29 -30 -31
leaf_value=-0.12634596886048396 -0.12634596886048396 -0.12634596886048396 0.039001039421335162 0.12994616046728372 -0.047157342153529409 0.12513752562282743 0.12244481604815011 0.069066615740151313 -0.054576932469538424 0.070941511173238866 -0.018301398808645418 0.040764788284619435 0.032587958200221985 0.038709047581796552 -0.12514432329264977 0.0068840952908127903 -0.060941587868266249 -0.0069377990753261721 0.13137885232750232 -0.011759445823885583 -0.069018166676447487 0.06412760954436246 0.086409435966004783 -0.060546998311224634 0.15888094964122879 0.10658586636028163 0.021168908251057605 -0.033477670362175992 0.07108965526651477 0.11654275622964219
leaf_weight=3413.2092157304287 5952.5272851288319 4472.6062446832657 8.103605240583418 13331.765325367451 5.5393334031105042 6.8705120980739585 7.7800626605749157 6.3837006092071515 5.0622016489505759 17.380457982420914 8.3598726093769056 14.999486893415453 10.112577736377714 7.7441915124654761 4.9516630768775949 15.804373592138292 4.8638339638710013 5.8560110777616492 8.9220384806394559 8.0195085108280164 7.0601978152990332 6.372933998703961 6.0231708586215964 10.255039125680923 6.0100163519382495 5.4962159097194663 6.156158208847045 7.0847735702991494 5.3075508028268814 22.767591610550888
leaf_count=20681 36067 27100 35 75175 23 34 36 27 21 78 37 68 46 35 21 65 20 24 37 33 29 26 25 42 25 23 25 29 22 107
internal_value=-0.000260555 0.0347342 0.0771777 0.128403 0.129421 0.0645393 0.0604199 0.01507 0.0156722 0.0664854 0.045315 0.0686616 0.0778506 0.087408 0.0187303 0.00405291 0.0266298 0.0405572 0.0765689 0.0312969 -0.0112922 0.0448975 0.0136076 -0.0127635 0.0734378 0.0363661 -0.0399358 -0.0711884 0.11771 0.0968016
internal_weight=27399.4 21446.9 16974.3 13561.1 13439.7 107.938 101.067 11.923 121.349 89.1442 31.1394 22.7795 58.0048 47.8922 116.287 53.6389 35.4463 30.5824 14.778 62.6482 15.1638 47.4844 22.6511 16.628 24.8333 13.5157 18.1926 12.0364 11.3176 40.148
internal_count=160016 123949 96849 76168 75666 491 457 50 502 407 141 104 266 220 481 221 146 126 61 260 64 196 93 68 103 56 75 50 47 185
is_linear=0
shrinkage=0.1


Tree=9
num_leaves=31
num_cat=0
split_feature=0 12 12 12 12 0 3 3 10 10 10 2 10 9 1 3 3 6 11 7 9 6 13 11 4 8 3 3 3 11
split_gain=10646.5 12895.9 15539.8 148.377 46.4961 2.71497 3.97079 2.83422 2.32963 5.15899 4.78008 3.18952 2.84977 2.68471 2.26102 2.85271 3.81501 2.13889 2.05327 4.39872 1.87302 2.12029 2.01012 1.79964 1.794 2.6227 2.59288 4.90039 7.19216 3.23798
threshold=0.94922371171663422 0.77800197229805812 -1.0140886165254834 -1.0010984696466598 0.76048314901579195 0.083637554543017689 -1.307178841663015 1.2289444607067286 -1.268071453479241 -0.1523013701944376 -0.44000321258388958 0.94714594716005207 -0.80667951280395922 -0.040847957665091104 -0.86706470402643965 -0.028116428598775587 0.79720315990756629 -0.57470627177348821 -0.52267070472663746 1.0000000180025095e-35 -0.25016036207985193 -0.95956682712163521 0.073836706359672072 0.053979646867650943 -1.1479794930461005 -0.67088614866351626 1.4579391076469963 0.86599025107984462 1.1756748752130268 -0.81099588052378169
decision_type=2 2 2 2 2 2 2 2 2 2 2 2 2 2 2 2 2 2 2 2 2 2 2 2 2 2 2 2 2 2
left_child=1 2 -1 14 -5 6 -6 20 -8 10 12 13 23 18 15 17 -17 -4 -11 -20 21 -7 -22 -10 25 -16 27 29 -29 -26
right_child=-2 -3 3 4 5 7 8 -9 9 11 -12 -13 -14 -15 24 16 -18 -19 19 -21 22 -23 -24 -25 26 -27 -28 28 -30 -31
leaf_value=-0.12321896051980148 -0.12321896051980148 -0.12321896051980148 0.0072368183842078659 0.12629700160642593 -0.011887330260327967 0.055095822181171698 0.10429956577680942 0.01264079045362769 -0.036176203131209998 0.11225014463079015 -0.077447542116361665 0.015680054517167707 0.10268502785832981 0.14047416976814991 0.080854578991068252 0.067971623906026485 -0.030750943748902377 -0.074793298281172968 -0.024547133495670198 0.10356203473863934 0.018286539838897792 0.13386172322540532 0.10497361155891155 0.045228777429032613 -0.06624726900443742 -0.0084756692423519509 -0.055083346246708902 0.14109506430847291 0.0044434409938230194 0.014649801299634641
leaf_weight=3162.7090978771448 5515.6631223410368 4144.3555220961571 5.1196905970573416 12393.489046767354 9.4360925257205945 4.5498078465461758 9.1601385921239835 4.9082029908895484 4.8646548837423325 6.8874865770339957 4.7620142549276343 7.1964867860078803 4.6421852260828027 7.6796085089445141 10.593774557113646 7.8961294144391996 7.7625153362751007 8.3839691430330294 5.1362967044115084 5.6049116998910904 5.355707600712778 13.733480066061018 5.3440420478582382 6.1476907283067703 5.4887078702449719 4.7649064213037482 4.849208176136016 7.4416998326778394 7.9833168536424637 50.202313467860229
leaf_count=20681 36067 27100 21 75175 39 22 43 22 21 34 20 32 22 38 46 33 32 35 24 28 25 68 26 27 23 20 20 31 33 208
internal_value=-0.000265151 0.0337686 0.0749933 0.12467 0.125735 0.0595996 0.0485517 0.0829131 0.0577381 0.0496788 0.0102831 0.0744236 0.0369702 0.0911275 0.0142286 -0.0100131 0.0190315 -0.0436929 0.0696306 0.042302 0.0948135 0.114261 0.0615828 0.00926849 0.0219697 0.0531406 0.0156676 0.0204919 0.0703701 0.00667688
internal_weight=25442.1 19926.4 15782.1 12619.4 12498.9 105.409 71.5176 33.8912 62.0815 52.9213 20.4165 32.5048 15.6545 25.3083 120.486 29.1623 15.6586 13.5037 17.6287 10.7412 28.983 18.2833 10.6997 11.0123 91.3239 15.3587 75.9652 71.116 15.425 55.691
internal_count=160016 123949 96849 76168 75666 491 328 163 289 246 90 156 70 124 502 121 65 56 86 52 141 90 51 48 381 66 315 295 64 231
is_linear=0
shrinkage=0.1


Tree=10
num_leaves=31
num_cat=0
split_feature=0 12 12 12 12 0 6 6 3 0 8 6 11 5 8 3 3 8 5 1 10 2 5 1 3 13 2 5 10 2
split_gain=9405.74 11379.6 13693 142.875 46.9254 2.42638 2.67544 4.43309 3.09776 3.17682 3.94748 2.90682 4.20936 3.65085 3.37783 3.26492 2.8606 2.17806 2.95541 4.61314 2.43143 5.60717 3.01889 3.18578 3.9822 5.58224 6.06709 5.38255 4.8214 3.70722
threshold=0.94922371171663422 0.77800197229805812 -1.0140886165254834 -1.0010984696466598 0.76048314901579195 0.68954786456454931 0.53176782485243457 1.4458116438042838 -1.307178841663015 -0.52227275547851371 0.40021290890178646 -1.3444273824697821 -0.4265623127942561 0.34745418622899804 -1.0000000180025095e-35 1.0013628714464617 0.10968543110742657 -0.14841745813215609 1.3896213581099419 -0.43123357267326595 0.74935951453767424 0.96080534625484559 1.0422323008162941 1.3120909527394293 -0.60446797241066519 -0.75986503970283492 -0.12014160512237225 -0.86840751429876961 -0.21964064334977065 -0.82464673911775621
decision_type=2 2 2 2 2 2 2 2 2 2 2 2 2 2 2 2 2 2 2 2 2 2 2 2 2 2 2 2 2 2
left_child=1 2 -1 17 -5 6 11 8 -8 -10 -11 12 -6 14 -13 16 -16 18 20 -20 22 -22 23 24 25 -4 -27 28 -26 -29
right_child=-2 -3 3 4 5 -7 7 -9 9 10 -12 13 -14 -15 15 -17 -18 -19 19 -21 21 -23 -24 -25 27 26 -28 29 -30 -31
leaf_value=-0.12052719543757849 -0.12052719543757849 -0.12052719543757849 0.074243221446198368 0.12317695057523673 -0.052662645383880151 0.1159745470377686 -0.060903153632556661 0.11052980230051153 0.068476004900973442 0.061676210648698652 -0.050990832573708449 0.12359397718446277 0.068213258457810164 0.10805064215877891 0.039230892218607989 0.098643652223131525 -0.049667911374988473 0.07534785204036322 -0.099443798863199054 0.024603385291925201 -0.028178905360775788 0.074757951869271214 0.09402508025305778 -0.034210223205856365 -0.063537540182754981 0.034454855060554054 -0.10547915860306406 0.023341643951325503 0.056544930494607529 0.10689636890093522
leaf_weight=2922.3413315266371 5096.4694552570581 3829.3820455670357 5.5576339662075069 11483.405830711126 4.8464610278606415 6.1847574114799491 4.7674855440855053 5.5256053060293189 10.471903219819071 5.2060379385948163 7.7229564338922501 5.5597754567861548 7.1037573069334012 19.443173781037331 14.412590533494958 6.5496267080306998 4.833553045988082 5.3329094648361197 5.955905869603157 6.0364033579826337 25.882930219173431 6.6517299562692633 5.9596664160490027 9.3855946063995344 6.5879207402467728 5.391852706670762 7.2841313630342386 8.2545278221368736 6.7895035445690066 14.886903643608113
leaf_count=20681 36067 27100 23 75175 22 34 20 27 48 24 35 28 33 100 66 32 22 24 25 25 108 28 26 39 27 22 30 34 28 63
internal_value=-0.000268447 0.0329369 0.0731105 0.121451 0.122575 0.055256 0.0513622 0.0286328 0.0125676 0.0275358 -0.00562389 0.0635671 0.0191915 0.0740063 0.0528959 0.0376583 0.0169045 0.0128769 0.00997045 -0.0370039 0.0154593 -0.00713341 0.0259453 0.0196193 0.0288467 -0.0093197 -0.0459569 0.047903 -0.00259155 0.0770925
internal_weight=23554.2 18457.7 14628.3 11706 11586 102.628 96.4429 33.694 28.1684 23.4009 12.929 62.7489 11.9502 50.7987 31.3555 25.7958 19.2461 119.958 114.625 11.9923 102.632 32.5347 70.0977 64.1381 54.7525 18.2336 12.676 36.5189 13.3774 23.1414
internal_count=160016 123949 96849 76168 75666 491 457 154 127 107 59 303 55 248 148 120 88 502 478 50 428 136 292 266 227 75 52 152 55 97
is_linear=0
shrinkage=0.1


Tree=11
num_leaves=31
num_cat=0
split_feature=0 12 12 12 12 0 3 4 4 11 11 6 3 0 6 9 8 9 4 4 11 3 2 10 2 0 8 13 13 13
split_gain=8332.48 10069.9 12100.9 137.97 47.7025 2.37888 3.095 4.011 3.12412 4.55682 7.29335 7.77198 2.7003 2.21268 1.96559 3.23449 4.16708 4.17857 4.36037 4.96825 3.03533 3.85064 4.72556 6.14973 4.3731 3.79763 3.50652 3.12684 2.33306 2.1141
threshold=0.94922371171663422 0.77800197229805812 -1.0140886165254834 -1.0010984696466598 0.76048314901579195 0.083637554543017689 -1.0712928866886842 0.81576652547010275 1.2778244121797979 0.053979646867650943 -0.52267070472663746 -0.14173814700682283 1.2289444607067286 -0.52227275547851371 -0.23795328584385958 -0.37754295507554841 -0.216183153001451 1.1214112376330594 -1.1479794930461005 -0.45489266298155834 -0.52267070472663746 -0.014458602311122311 -0.76865030069767848 -0.50811099232618007 -0.95040088364737763 -0.26259690832642885 -1.1303777410926246 -0.62091474869242202 0.35173728838050383 -0.16932630290856013
decision_type=2 2 2 2 2 2 2 2 2 2 2 2 2 2 2 2 2 2 2 2 2 2 2 2 2 2 2 2 2 2
left_child=1 2 -1 14 -5 6 7 -6 9 10 13 -12 -7 -8 15 -4 17 18 -17 -20 26 24 -23 -24 -22 -25 -16 -26 -29 -21
right_child=-2 -3 3 4 5 12 8 -9 -10 -11 11 -13 -14 -15 20 16 -18 -19 19 29 21 22 23 25 27 -27 -28 28 -30 -31
leaf_value=-0.11819638916314207 -0.11819638916314207 -0.11819638916314207 0.091978608653367683 0.1204909036278012 -0.026457321970125475 0.086050192390368624 0.10665167579657842 0.082678977019774044 -0.018665156986468513 0.10218849125687307 0.045336739507848701 -0.13099290818036732 0.0043630250324998903 0.037790079897528341 -0.023018328438839032 0.095758852985847451 0.097817149833680478 -0.068856507274052361 -0.0784219014268695 -0.028330359189803801 0.025254938166316285 -0.057366046874577074 -0.046024978233100734 0.12701464619813205 -0.0054040725650073441 0.017882410414078242 0.065611445770873342 -0.15327305919009915 -0.061103172825088037 0.04451946280167203
leaf_weight=2693.6942295730114 4697.7162505686283 3529.7671109437943 6.5728276669979087 10610.258797556162 12.263010397553446 26.936215713620189 9.8819944709539431 4.642411768436431 5.4639294743537894 17.125618577003479 5.7719398587942123 4.4091224223375338 4.7621635049581519 8.8407258540391904 6.9449325799942043 6.128504097461696 5.5612882375717154 6.3611685633659354 5.937065362930297 5.3998487293720272 6.7903146445751217 6.7872265577316311 5.7406566590070787 7.1554029583931005 5.1290233135223433 5.7518302053213031 12.495586439967154 4.7122818082570994 6.5826420485973358 15.187599241733556
leaf_count=20681 36067 27100 28 75175 52 141 52 22 26 85 28 20 22 43 30 27 26 26 24 22 28 28 24 30 21 24 53 20 28 63
internal_value=-0.000270955 0.0322147 0.0714741 0.118652 0.119843 0.0511326 0.0406379 0.00351269 0.0528262 0.0613126 0.0370934 -0.0310265 0.073778 0.0741358 0.0116772 0.026491 0.0168346 0.00529087 0.0197356 0.00217038 0.000549356 -0.0127974 0.01408 0.0400841 -0.0422462 0.0783822 0.0339493 -0.0701539 -0.0995568 0.0254118
internal_weight=21750.8 17053.1 13523.3 10829.6 10710.4 100.097 68.3988 16.9054 51.4933 46.0294 28.9038 10.1811 31.6984 18.7227 119.238 51.1483 44.5755 39.0142 32.653 26.5245 68.0899 48.6494 25.4351 18.6479 23.2143 12.9072 19.4405 16.4239 11.2949 20.5874
internal_count=160016 123949 96849 76168 75666 491 328 74 254 228 143 48 163 95 502 216 188 162 136 109 286 203 106 78 97 54 83 69 48 85
is_linear=0
shrinkage=0.1


Tree=12
num_leaves=31
num_cat=0
split_feature=0 12 12 12 12 0 6 6 13 9 3 6 11 5 8 13 13 10 13 3 5 3 2 10 8 8 0 3 10 2
split_gain=7399.26 8932.82 10721.1 133.292 48.5053 2.22544 2.20913 6.31372 4.65961 3.54654 3.36111 2.50862 3.46309 3.05496 3.36088 3.16155 3.74343 3.96262 1.84342 1.69512 3.1639 2.63285 4.22166 3.11441 3.30571 6.19662 4.06741 3.9102 3.20256 3.21324
threshold=0.94922371171663422 0.77800197229805812 -1.0140886165254834 -1.0010984696466598 0.76048314901579195 0.68954786456454931 0.67609053310798972 0.86852081078206311 -0.27353902116637646 -0.47304638165179769 -0.38574087695561848 -1.3444273824697821 -0.4265623127942561 0.17375965758217404 -1.0000000180025095e-35 0.28226214287529888 -0.96829047621846309 -0.1523013701944376 1.7412401984846864 -1.334489711270118 -1.5631856288860653 -0.042010063753663167 -0.25928192296599245 1.2283225442482579 -1.2956642393901887 -0.77758639044889799 1.0000000180025095e-35 0.64716365577292112 -0.68472687928666642 0.52929128673610593
decision_type=2 2 2 2 2 2 2 2 2 2 2 2 2 2 2 2 2 2 2 2 2 2 2 2 2 2 2 2 2 2
left_child=1 2 -1 18 -5 6 11 -8 10 -10 -9 12 -6 14 -13 16 -16 -18 19 -4 -21 22 -22 24 27 28 -27 -23 -26 -30
right_child=-2 -3 3 4 5 -7 7 8 9 -11 -12 13 -14 -15 15 -17 17 -19 -20 20 21 23 -24 -25 25 26 -28 -29 29 -31
leaf_value=-0.11616788594206569 -0.11616788594206569 -0.11616788594206569 0.044776237073078672 0.11816488055741591 -0.052542024437543522 0.10873719614344746 -0.085440719328923651 -0.064137956517756223 0.028477921118621404 0.12936407514258774 0.049829004569685871 0.11619419594510479 0.058350727926386264 0.093255977395592882 0.06918601221063457 0.1118724923634376 -0.068812455233984104 0.038299973484592402 -0.049384214600624338 -0.080082408163351951 0.027012213614322975 -0.09676043233205836 -0.040585426465374747 0.08837930110383542 0.13590146430017375 0.034998269511397485 -0.050662650835652551 0.02379607465641588 0.0021152369608760111 0.10901290677283218
leaf_weight=2477.7217350825667 4321.0671543553472 3246.7607475817204 14.801750257611273 9779.7811042517424 4.8337372243404388 5.5639888048171988 4.6916490048170116 5.3973778635263443 6.9539417177438763 6.9841784536838452 4.9712125062942558 5.2795557379722586 6.7469915896654111 20.721021741628647 7.7696156799793288 3.8614746481180182 7.2164263278245961 6.6242974698543549 4.9066200852394095 3.8750826120376578 17.501346692442894 5.0177502483129413 19.569622784852982 6.9288298040628424 5.7545442581176784 11.951963856816308 10.337358623743055 5.8005017638206482 7.0401557385921389 4.6820071637630463
leaf_count=20681 36067 27100 62 75175 22 34 21 24 33 35 24 29 33 113 38 20 32 33 21 16 74 21 83 30 25 52 43 25 30 20
internal_value=-0.000272876 0.0315839 0.0700433 0.116202 0.117465 0.0473227 0.0436105 0.0207671 0.0412672 0.0790304 -0.00949659 0.0541163 0.0120647 0.0635775 0.0435794 0.0285285 0.013636 -0.0175475 0.0106242 0.0132239 0.00848046 0.0121089 -0.00867232 0.0255037 0.0168912 0.0302248 -0.00472962 -0.0321208 0.0748048 0.0448118
internal_weight=20041.1 15720 12473.3 9995.56 9877.4 97.6155 92.0515 28.9984 24.3067 13.9381 10.3686 63.0531 11.5807 51.4724 30.7514 25.4718 21.6103 13.8407 118.168 113.261 98.4592 94.5841 37.071 57.5131 50.5843 39.766 22.2893 10.8183 17.4767 11.7222
internal_count=160016 123949 96849 76168 75666 491 457 137 116 68 48 320 55 265 152 123 103 65 502 481 419 403 157 246 216 170 95 46 75 50
is_linear=0
shrinkage=0.1


Tree=13
num_leaves=31
num_cat=0
split_feature=0 12 12 12 12 0 4 4 11 0 8 2 2 0 1 2 13 3 5 0 1 0 8 10 6 3 13 13 4 5
split_gain=6584.1 7940.66 9518.68 129.792 49.2055 2.04948 2.14187 3.22984 4.09214 3.16903 2.29896 2.6121 2.10305 3.49208 3.81116 3.28756 2.71439 1.75031 2.51317 1.71341 1.66362 1.96825 1.54695 1.76461 1.8264 1.4083 4.78446 2.24133 2.52841 3.20356
threshold=0.94922371171663422 0.77800197229805812 -1.0140886165254834 -1.0010984696466598 0.76048314901579195 0.68954786456454931 -1.6100373797557954 -0.57040713465898196 -0.52267070472663746 -0.60883137119587538 1.5000654820155306 1.2709210868999621 0.92030479273021126 -1.3013002969347685 1.0000000180025095e-35 0.28374823516938835 0.28226214287529888 -0.4405881272553932 0.52114871487582204 -0.60883137119587538 -0.86706470402643965 -1.2147416812174068 -0.53319071976018773 -0.9305218241279033 -0.3341684246808963 -1.2799595651868871 -0.48196445768200319 -1.3156662037445088 -1.1479794930461005 -1.0421020429455934
decision_type=2 2 2 2 2 2 2 2 2 2 2 2 2 2 2 2 2 2 2 2 2 2 2 2 2 2 2 2 2 2
left_child=1 2 -1 20 -5 6 -6 8 9 -8 11 12 13 -9 15 16 -15 -11 -19 -10 21 -4 23 -23 -25 26 -22 -27 -29 -30
right_child=-2 -3 3 4 5 -7 7 10 19 17 -12 -13 -14 14 -16 -17 -18 18 -20 -21 25 22 -24 24 -26 27 -28 28 29 -31
leaf_value=-0.11439467911940715 -0.11439467911940715 -0.11439467911940715 0.04687474200784552 0.11614039739008414 0.11342943968189639 0.10480184739795323 0.096160424455943083 -0.031650548251113825 -0.08933921212212842 -0.033613020576342544 0.10216167250478772 0.10153267409765698 -0.014977221328067981 -0.043921868531881125 0.091623601642242619 0.096270830467515403 0.060808531053155812 0.094574156515782756 -0.016006090666468197 -0.0014122082981212587 0.12061923644257302 -0.089949565721850921 0.023105788919712072 0.020387605518682669 -0.053636101963748586 -0.032679157659502675 -0.0016403223460369825 0.072700642668340434 0.062695125483470157 0.00016860959649325272
leaf_weight=2274.8979690074921 3967.3490183353424 2980.9842348098755 4.8092722147703197 8995.4111887142062 3.8356548994779578 5.2138151228427878 5.9275718927383449 5.2212733775377229 4.5769981741905212 5.7192327529191997 7.556975618004798 6.6056446284055701 7.2850516438484183 7.1643062978982979 15.532472237944601 4.2063833922147742 3.7806618213653564 4.0473693460226041 4.1756754219532013 4.2967913746833784 5.2568939179182044 4.7266267538070759 5.5058211833238557 6.2845905870199266 7.0973644107580123 10.149001285433767 8.1840226650238019 7.4421808570623389 9.8714268505573255 48.225879639387131
leaf_count=20681 36067 27100 21 75175 20 34 31 24 20 27 40 33 36 36 85 22 21 21 20 21 22 20 23 26 31 43 35 35 41 205
internal_value=-0.000274209 0.0310281 0.0687797 0.114034 0.115384 0.0438473 0.0403135 0.0370561 0.0096969 0.0349121 0.0507678 0.0429683 0.0340113 0.043951 0.0568156 0.021132 -0.00774541 0.00887227 0.0384213 -0.0467639 0.00962982 -0.0114361 -0.0233116 -0.0374245 -0.0188722 0.0163478 0.0461768 0.0110507 0.0178224 0.0107926
internal_weight=18431.3 14464 11483 9208.11 9090.56 95.1459 89.9321 86.0964 28.7436 19.8698 57.3528 49.7958 43.1901 35.9051 30.6838 15.1514 10.945 13.9423 8.22304 8.87379 117.553 28.4237 23.6144 18.1086 13.382 89.1294 13.4409 75.6885 65.5395 58.0973
internal_count=160016 123949 96849 76168 75666 491 457 437 140 99 297 257 224 188 164 79 57 68 41 41 502 121 100 77 57 381 57 324 281 246
is_linear=0
shrinkage=0.1


Tree=14
num_leaves=31
num_cat=0
split_feature=0 12 12 12 12 6 6 6 4 6 5 11 6 6 11 3 11 8 7 8 5 1 10 2 2 11 6 11 0 4
split_gain=5869.23 7071.41 8466.47 126.871 50.1469 2.03221 3.11102 3.91964 3.31161 3.33447 3.8115 2.82795 3.02519 2.57199 3.86629 2.36273 2.03888 1.82919 1.53353 1.5162 2.11511 3.61959 2.01968 4.68561 2.85884 4.33915 3.47035 3.36024 3.01109 2.88328
threshold=0.94922371171663422 0.77800197229805812 -1.0140886165254834 -1.0010984696466598 0.76048314901579195 1.4939192132228023 0.67609053310798972 0.86852081078206311 0.81576652547010275 1.0609510884561368 -0.34732392835829778 1.2072803500562281 -0.52659870235496975 -0.62281384119200645 -1.1954294482533074 -0.81017358645179771 -0.52267070472663746 1.3503807707524753 -1.0000000180025095e-35 -0.14841745813215609 1.3896213581099419 -0.43123357267326595 0.74935951453767424 0.96080534625484559 0.62228326972062076 -0.61877909665901887 0.050692130667250666 0.34230482266479528 1.0000000180025095e-35 0.93128099714752655
decision_type=2 2 2 2 2 2 2 2 2 2 2 2 2 2 2 2 2 2 2 2 2 2 2 2 2 2 2 2 2 2
left_child=1 2 -1 19 -5 6 11 -8 9 -9 -11 13 -13 14 -6 -16 -17 -15 -18 20 22 -22 24 -24 25 -4 -27 -28 -26 -29
right_child=-2 -3 3 4 5 -7 7 8 -10 10 -12 12 -14 17 15 16 18 -19 -20 -21 21 -23 23 -25 28 26 27 29 -30 -31
leaf_value=-0.11283870584467777 -0.11283870584467777 -0.11283870584467777 0.090590921026801191 0.11437059896168185 -0.034032786837033001 0.10780259753538338 -0.072891834847890608 0.066610251257735648 0.097591537393451416 -0.096930154838200278 0.026161594696338272 0.058805648964674877 -0.063912711055306132 0.092103155106633403 -0.0013252106386110421 0.12906447618087988 0.013066781464059313 0.02458553891583929 0.084843572393494437 0.062362267243936058 -0.090283446124058697 0.020863035377535508 -0.02909477132860018 0.066019118016850509 0.017124138723550213 0.051873637085722638 -0.058458182023613969 0.076310317818095427 -0.062574421240099279 -0.023483619598347823
leaf_weight=2085.3380331844091 3636.7625764161348 2732.5883999466896 10.645955383777617 8258.8511869311333 6.1205995529890052 4.2824086099863043 4.8684975355863598 5.5402828007936504 5.0123124569654456 4.6164582222700146 5.5277123898267702 3.7965979874134064 4.265847906470297 21.706236094236381 5.4841342717409161 4.8365526199340882 5.4652331620454824 4.922584429383277 6.5369921475648791 5.0412219911813727 5.7750667035579681 5.9474702477455121 25.464524954557422 6.501834347844123 14.030186742544176 16.554859220981598 8.3445040732622164 5.6046916991472226 7.1595462560653678 5.9888490736484528
leaf_count=20681 36067 27100 48 75175 31 25 22 28 27 20 27 20 22 121 26 29 29 26 38 24 25 25 108 28 61 70 35 23 30 25
internal_value=-0.000275274 0.0305347 0.0676554 0.112099 0.113548 0.0405202 0.0372719 0.0078413 0.0268321 0.00421943 -0.0298556 0.0491892 -0.00612475 0.057287 0.0363771 0.0556824 0.074249 0.0796219 0.0521599 0.00871462 0.00630026 -0.0338929 0.0109981 -0.00974897 0.0207042 0.0344183 0.0180312 -0.0100686 -0.00980426 0.02476
internal_weight=16923.6 13286.8 10554.2 8468.89 8351.83 92.9825 88.7 25.5653 20.6968 15.6845 10.1442 63.1348 8.06245 55.0723 28.4435 22.3229 16.8388 26.6288 12.0022 117.059 112.017 11.7225 100.295 31.9664 68.3286 47.1389 36.4929 19.938 21.1897 11.5935
internal_count=160016 123949 96849 76168 75666 491 466 124 102 75 47 342 42 300 153 122 96 147 67 502 478 50 428 136 292 201 153 83 91 48
is_linear=0
shrinkage=0.1


Tree=15
num_leaves=31
num_cat=0
split_feature=0 12 12 12 12 0 3 9 9 10 10 5 6 0 13 2 13 13 9 13 10 10 6 10 8 6 10 6 11 11
split_gain=5240.22 6307.33 7542.72 124.004 50.9782 1.9217 3.30997 2.97698 2.57744 3.9693 5.29789 3.6565 6.63866 3.47949 2.59401 2.28736 2.30503 2.2264 2.128 1.67506 1.35889 3.14874 1.99211 3.84336 3.62765 3.48252 5.19698 3.36724 3.36005 6.50051
threshold=0.94922371171663422 0.77800197229805812 -1.0140886165254834 -1.0010984696466598 0.76048314901579195 0.17019617026037934 1.2289444607067286 -0.25016036207985193 0.014656119460425913 -0.97037160448773896 0.082653536141746489 1.0422323008162941 1.0609510884561368 -0.52227275547851371 1.0000000180025095e-35 0.77060091822411547 0.45595000663832025 0.073836706359672072 -1.0192472141463351 -0.48196445768200319 -1.5113819949079257 -1.3640569083095226 -0.23795328584385958 -1.009668293270096 -0.216183153001451 0.53176782485243457 1.1045464744863895 0.96473594961910003 0.34230482266479528 -0.61877909665901887
decision_type=2 2 2 2 2 2 2 2 2 2 2 2 2 2 2 2 2 2 2 2 2 2 2 2 2 2 2 2 2 2
left_child=1 2 -1 20 -5 8 7 -7 9 15 13 12 18 -11 -10 16 -6 -9 -12 -20 -4 -22 24 -24 -23 -25 27 -27 29 -29
right_child=-2 -3 3 4 5 6 -8 17 14 10 11 -13 -14 -15 -16 -17 -18 -19 19 -21 21 22 23 25 -26 26 -28 28 -30 -31
leaf_value=-0.11146874409483681 -0.11146874409483681 -0.11146874409483681 0.049359060666862395 0.11281753543194362 -0.014111849282224094 0.10552987896194299 -0.021674610920834194 -0.021409712560725248 0.02110555792691339 -0.0053817837267280746 0.1314894039061088 -0.058325183399917171 -0.064499467193227203 -0.11000112442355939 0.10082445513296744 0.12384372624217498 0.091199343773603822 0.081967993939092154 0.099101792203646732 0.016164685424703382 -0.064406712219854514 0.016267109688738329 0.066040395029350468 -0.046781060411608011 0.11527081558136848 0.035647693562180609 0.078587942178081807 0.0088224243499360946 0.015492540386460592 -0.14710600131716026
leaf_weight=1908.8912320360541 3329.0450203493237 2501.375774294138 7.4043020308017722 7570.5032488331199 4.5194623321294767 13.317340545356277 4.1119123995304099 4.244647741317749 7.8312326371669796 7.2073929458856583 4.9529630094766608 4.0122389942407599 4.1929678916931143 5.6877404600381833 8.5252926349639875 4.3311640322208396 3.8479872047901154 4.0913344770669937 4.2252338677644721 5.7480564638972345 6.1517872959375373 38.639035046100616 7.2009765803813925 18.522431030869484 4.0930812805891028 8.9832129031419772 7.8318039029836646 5.0074142813682547 6.775595396757125 5.7364636063575771
leaf_count=20681 36067 27100 32 75175 22 84 20 22 40 36 29 22 20 27 48 22 20 25 22 32 26 165 31 80 21 38 34 22 29 24
internal_value=-0.000276025 0.0300954 0.0666516 0.110368 0.111924 0.0374599 0.0605752 0.0761943 0.0283088 0.0167787 -0.000166525 0.0284654 0.0466788 -0.0515269 0.0626564 0.064853 0.0343182 0.0293285 0.0779101 0.0513014 0.00790456 0.00508707 0.00924614 -0.00249671 0.0257501 -0.0118339 0.00701908 -0.0141302 -0.0396541 -0.0744322
internal_weight=15517 12188 9686.59 7777.7 7661.35 90.847 25.7652 21.6533 65.0817 48.7252 36.0266 23.1315 19.1192 12.8951 16.3565 12.6986 8.36745 8.33598 14.9263 9.97329 116.346 108.942 102.79 60.0579 42.7321 52.8569 34.3345 26.5027 17.5195 10.7439
internal_count=160016 123949 96849 76168 75666 491 151 131 340 252 188 125 103 63 88 64 42 47 83 54 502 470 444 258 186 227 147 113 75 46
is_linear=0
shrinkage=0.1


Tree=16
num_leaves=31
num_cat=0
split_feature=0 12 12 12 12 6 6 5 5 2 1 6 6 5 6 1 6 6 2 1 3 3 6 2 10 2 2 13 10 13
split_gain=4685.07 5633.54 6728.94 121.405 51.7637 1.97565 2.87231 2.00242 2.74228 2.11947 4.08331 2.60944 3.91088 2.77835 2.96012 2.14149 2.59094 1.93694 2.02654 1.21589 1.74997 2.91414 1.70085 1.3955 5.96032 3.79719 3.66597 2.92189 5.292 3.65953
threshold=0.94922371171663422 0.77800197229805812 -1.0140886165254834 -1.0010984696466598 0.76048314901579195 1.4458116438042838 1.1571662272931735 -1.5631856288860653 -1.3894911002392414 -0.58924077478839498 1.3120909527394293 0.57987539427095292 0.86852081078206311 0.34745418622899804 -1.200104674214227 0.44042869003308155 -0.62281384119200645 -0.3341684246808963 1.1630302906026888 -0.86706470402643965 -0.028116428598775587 0.79720315990756629 -0.57470627177348821 1.2167174691223024 -0.38348310985279183 0.96080534625484559 0.74442681851000558 -0.75986503970283492 -0.13790968973596698 -1.107240767228882
decision_type=2 2 2 2 2 2 2 2 2 2 2 2 2 2 2 2 2 2 2 2 2 2 2 2 2 2 2 2 2 2
left_child=1 2 -1 19 -5 6 7 -6 -9 15 11 13 -13 17 -15 16 -10 18 -11 20 22 -22 -4 25 -25 26 27 29 -29 -21
right_child=-2 -3 3 4 5 -7 -8 8 9 10 -12 12 -14 14 -16 -17 -18 -19 -20 23 21 -23 -24 24 -26 -27 -28 28 -30 -31
leaf_value=-0.11025900825337182 -0.11025900825337182 -0.11025900825337182 0.0076492009639475209 0.11145008318445482 -0.028525386047226958 0.094946514339845869 -0.024344670649469408 0.11705687374418222 -0.016714504452247519 0.016686410304589682 -0.049023364952063921 -0.076649673492441728 0.048629385153547727 0.017203371135831525 0.1150392494995213 0.10139124733506258 0.081086578250940525 -0.023862763220185771 0.1088404862997126 0.020617257398673157 0.056508166517148385 -0.031671914316191749 -0.066570300707445726 -0.092730732324389595 0.042402356123506964 0.10472598597920742 -0.07145926754364243 0.044782247173251896 -0.023391888701098887 0.11564375075435851
leaf_weight=1745.2150335907936 3043.5989853739738 2286.8975102901459 5.0410899370908737 6929.8072770237923 4.3730069249868384 5.1176296919584265 8.4484614655375463 4.4653719142079344 5.17746651917696 6.9662042558193153 6.4886338710784903 4.5289285331964475 5.5398733913898468 4.5675748512148848 9.5762119293212873 8.5369652360677701 5.6809100210666603 5.7427456378936936 3.6296572014689445 11.979364007711412 7.4780060946941358 7.5130569338798523 7.9680923521518725 5.8189271688461304 7.4337211996316892 4.7574762552976599 4.8515070229768744 19.727524310350415 26.928956761956218 6.1245480775833121
leaf_count=20681 36067 27100 21 75175 23 32 41 24 30 38 33 21 28 24 63 49 35 30 20 52 33 32 35 25 32 21 21 88 115 27
internal_value=-0.000276437 0.0297013 0.0657479 0.108803 0.110478 0.0346299 0.0309429 0.0371483 0.0411989 0.0361002 0.024631 0.0364165 -0.0077209 0.0509958 0.0834443 0.0639164 0.0344533 0.0229063 0.0482542 0.00716703 -0.0109736 0.012315 -0.0378101 0.012964 -0.0169314 0.0182914 0.0123842 0.0186653 0.00543384 0.0527647
internal_weight=14210 11166.4 8879.48 7134.27 7018.65 88.8396 83.722 75.2736 70.9005 66.4352 47.0398 40.5512 10.0688 30.4824 14.1438 19.3953 10.8584 16.3386 10.5959 115.622 28.0002 14.9911 13.0092 87.622 13.2526 74.3694 69.6119 64.7604 46.6565 18.1039
internal_count=160016 123949 96849 76168 75666 491 459 418 395 371 257 224 49 175 87 114 65 88 58 502 121 65 56 381 57 324 303 282 203 79
is_linear=0
shrinkage=0.1


Tree=17
num_leaves=31
num_cat=0
split_feature=0 12 12 12 12 4 11 6 11 11 3 10 10 1 11 2 11 11 8 2 3 6 13 3 2 2 10 0 10 10
split_gain=4193.8 5037.69 6009.91 119 52.6278 1.86062 2.52239 4.10146 5.4694 2.27372 3.53323 1.99528 2.08075 2.36751 4.11283 3.1952 2.93039 1.96447 1.77071 1.53108 1.16295 2.95048 3.37328 1.81141 5.1189 4.57054 4.35267 2.34266 3.02022 3.17217
threshold=0.94922371171663422 0.77800197229805812 -1.0140886165254834 -1.0010984696466598 0.76048314901579195 -1.6100373797557954 0.053979646867650943 0.57987539427095292 -0.52267070472663746 -1.1954294482533074 -0.90554870901742224 0.87054858298269977 -1.1726746274556004 0.87625982138625536 1.2072803500562281 0.79839157785853232 0.63062999846193957 -0.52267070472663746 0.46897262770859288 0.18963383335473086 -1.334489711270118 -0.62281384119200645 -0.34301416667158141 -0.042010063753663167 -0.25928192296599245 -0.79562568277099743 -0.69802839176171305 -1.4744175283694918 1.1045464744863895 0.41027710321276106
decision_type=2 2 2 2 2 2 2 2 2 2 2 2 2 2 2 2 2 2 2 2 2 2 2 2 2 2 2 2 2 2
left_child=1 2 -1 20 -5 -6 7 9 19 -7 -11 12 -8 14 15 16 -14 -12 -19 -9 21 -4 -23 24 -22 26 -25 -27 29 -29
right_child=-2 -3 3 4 5 6 11 8 -10 10 17 -13 13 -15 -16 -17 -18 18 -20 -21 23 22 -24 25 -26 27 -28 28 -30 -31
leaf_value=-0.10918799124153106 -0.10918799124153106 -0.10918799124153106 0.097909111663951387 0.11024250307918247 0.10312374967228309 -0.016851146113381118 0.087232846182683385 0.04550752524793885 -0.12270316876597608 -0.028167325339437756 0.11050783348868487 0.087477518536076077 -0.065234810912152733 0.070960139408478895 -0.068663783158829761 0.11048100018206622 0.056369117871787104 0.097971675878819414 0.012767511751762526 -0.033076364322507636 0.025450648728927855 0.062612760405168943 -0.051903191869392309 0.041522621560509426 -0.047728496274933273 -0.036213462977715889 -0.071042343056092735 0.044583118160517743 0.097459346434880065 -0.022229116792392714
leaf_weight=1593.8317729309201 2779.5914392098784 2088.5276846587658 4.7214359939098349 6335.5103336274624 3.5241506323218337 6.7697843089699736 6.0454744473099735 5.4956958889961225 4.4969439208507529 4.6680923700332668 7.0685139819979712 9.3835700228810293 3.7323570400476509 6.9621943384408942 5.5939949154853812 3.83160150796175 4.2247601449489594 3.7530221566557884 6.9667078331112862 4.5171881094574928 17.559460163116455 4.897498592734336 5.4179211705923072 5.1419338881969443 20.979029014706612 4.8972727954387656 10.349164918065069 23.967965573072433 6.8693203926086417 10.10124212503433
leaf_count=20681 36067 27100 21 75175 21 36 35 29 20 23 49 57 20 40 29 21 24 25 39 23 76 21 23 23 91 21 44 108 31 43
internal_value=-0.000276669 0.0293451 0.0649275 0.107377 0.109182 0.031949 0.0289454 0.0123718 -0.0310897 0.033949 0.0492634 0.0471699 0.0347242 0.021685 0.0019491 0.0354564 -0.000670293 0.0695832 0.0425978 0.0100554 0.00650768 0.0324343 0.00246607 0.00260388 -0.0143856 0.0132802 -0.0336788 0.029151 0.0369702 0.0247738
internal_weight=12999.4 10219.8 8131.28 6537.45 6422.54 87.0341 83.5099 43.7359 14.5098 29.2261 22.4563 39.774 30.3904 24.3449 17.3827 11.7887 7.95712 17.7882 10.7197 10.0129 114.902 15.0369 10.3154 99.8654 38.5385 61.3269 15.4911 45.8358 40.9385 34.0692
internal_count=160016 123949 96849 76168 75666 491 470 244 72 172 136 226 169 134 94 65 44 113 64 52 502 65 44 437 167 270 67 203 182 151
is_linear=0
shrinkage=0.1


Tree=18
num_leaves=31
num_cat=0
split_feature=0 12 12 12 12 6 6 5 5 6 13 8 9 0 13 10 2 3 2 2 2 4 11 1 6 9 8 8 13 5
split_gain=3758.04 4509.53 5373.11 116.913 53.2703 1.88363 2.1795 1.60794 2.34417 1.87455 2.14167 5.28941 4.44443 3.86002 3.25277 3.18748 2.53776 1.8124 1.80881 1.57515 1.53373 1.17646 4.59307 2.3629 3.50824 2.35684 5.27842 5.0001 2.02246 4.09323
threshold=0.94922371171663422 0.77800197229805812 -1.0140886165254834 -1.0010984696466598 0.76048314901579195 1.4458116438042838 1.1571662272931735 -1.5631856288860653 -1.3894911002392414 -1.584965229562374 0.28226214287529888 -0.16225507701033551 -0.54304982349090736 -0.69538998691323706 -0.06511358465074972 -0.041925179454817295 0.55635399053827406 0.67406438029958127 0.55635399053827406 0.41971458518705479 0.24277816415522382 -0.91695054969125322 -0.81099588052378169 1.3120909527394293 0.19501483892280583 0.15002912901962442 -0.72466385220054275 -1.469716721544098 1.7412401984846864 0.86853777216946992
decision_type=2 2 2 2 2 2 2 2 2 2 2 2 2 2 2 2 2 2 2 2 2 2 2 2 2 2 2 2 2 2
left_child=1 2 -1 21 -5 6 7 -6 -9 -10 11 -11 13 -12 15 16 -13 20 -15 -16 -17 25 -23 28 -25 27 -27 -4 29 -24
right_child=-2 -3 3 4 5 -7 -8 8 9 10 12 14 -14 18 19 17 -18 -19 -20 -21 -22 22 23 24 -26 26 -28 -29 -30 -31
leaf_value=-0.10823759857936155 -0.10823759857936155 -0.10823759857936155 0.058249896291894365 0.10917336439849551 -0.027366692799393466 0.090473795334651205 -0.022233017355725321 0.10883214963618662 -0.045114613267831311 0.12512809203395495 -0.054956188007779766 -0.044979964891495285 0.098374967727105175 0.10563489918970013 -0.0088566924972916326 0.080980728766670715 0.051518071006665812 0.12520252634167425 0.00028699547981504215 -0.096909882045943932 -0.0040992865775994715 -0.07905217672547854 0.0082860593571879564 0.015319340520459463 -0.098564935503681672 0.11380941713453735 0.0016080852384405494 -0.091734188757921178 -0.051401401841278997 0.08168059416346346
leaf_weight=1454.1733369752765 2536.0316108837724 1905.5218525230885 4.3961814790964127 5785.8699556440115 4.3562674149870864 4.7842358425259581 8.4260342717170698 4.075705684721469 3.1099985837936392 4.1611113995313564 4.8806090205907822 7.9702409952878934 12.683781564235685 3.9271852150559443 4.445198811590684 4.0981903523206693 4.1413759291172028 3.2106786444783202 2.7860833555459976 3.7415358573198318 4.3869215995073318 6.7299632132053366 56.9326441437006 5.9599272459745389 4.9528672993183136 6.8954401761293438 10.69760577380657 4.4958940446376818 4.4743729382753363 8.7690745890140516
leaf_count=20681 36067 27100 21 75175 23 32 41 24 16 28 27 39 82 27 24 26 22 21 17 20 22 29 245 26 21 33 47 20 20 40
internal_value=-0.000276699 0.0290214 0.0641782 0.106067 0.108018 0.0295144 0.0258871 0.0315204 0.0353142 0.0305987 0.034495 0.0190689 0.0574682 0.012716 0.005275 0.0239728 -0.011984 0.061208 0.0619143 -0.0490991 0.0369932 0.00590308 0.000331664 0.00692012 -0.036368 0.0243767 0.0455844 -0.0175831 0.0136517 0.0180819
internal_weight=11881.1 9345.05 7439.53 5985.36 5871.06 85.1852 80.4009 71.9749 67.6186 63.5429 60.4329 36.1553 24.2777 11.5939 31.9941 23.8074 12.1116 11.6958 6.71327 8.18673 8.48511 114.304 87.8188 81.0889 10.9128 26.4851 17.593 8.89208 70.1761 65.7017
internal_count=160016 123949 96849 76168 75666 491 459 418 395 371 355 202 153 71 174 130 61 69 44 44 48 502 381 352 47 121 80 41 305 285
is_linear=0
shrinkage=0.1


Tree=19
num_leaves=31
num_cat=0
split_feature=0 12 12 12 12 0 10 6 6 6 4 4 6 6 11 6 3 9 10 13 0 10 10 4 13 2 2 0 6 10
split_gain=3370.75 4040.41 4807.93 114.859 53.852 1.91892 1.81392 1.5448 2.95189 2.89316 2.85282 2.32863 2.26285 1.7891 3.48042 2.2372 2.63518 2.89476 1.43255 2.29503 1.09962 4.10917 3.47501 3.12226 2.57859 2.95268 4.44116 4.21931 6.45558 2.71135
threshold=0.94922371171663422 0.77800197229805812 -1.0140886165254834 -1.0010984696466598 0.76048314901579195 0.68954786456454931 -1.5652883895741709 1.4458116438042838 0.67609053310798972 0.86852081078206311 0.81576652547010275 1.3933388838572214 1.1571662272931735 -0.62281384119200645 -1.1954294482533074 -1.4406425213068188 0.98737906631256778 -0.16686629553546931 -0.1523013701944376 0.24752457012269341 1.0000000180025095e-35 -0.94416257880514365 0.054567330952941896 0.35370863876040776 0.6991130159065525 1.3241100771955576 -0.27273498558894366 -0.60883137119587538 0.098799700085769049 0.47742131607248317
decision_type=2 2 2 2 2 2 2 2 2 2 2 2 2 2 2 2 2 2 2 2 2 2 2 2 2 2 2 2 2 2
left_child=1 2 -1 20 -5 6 -6 8 11 -10 12 13 -11 14 -8 -16 17 -17 19 -15 24 -22 -23 -24 25 26 27 28 -4 -28
right_child=-2 -3 3 4 5 -7 7 -9 9 10 -12 -13 -14 18 15 16 -18 -19 -20 -21 21 22 23 -25 -26 -27 29 -29 -30 -31
leaf_value=-0.10739254500086191 -0.10739254500086191 -0.10739254500086191 0.065433900155692101 0.10822461330826479 0.089700068847123823 0.093754782528573263 -0.051831190306889756 0.081534948144481992 -0.087028534870731256 0.019368697408744383 0.081725271987960146 -0.039375799778214302 -0.065381422108239148 -0.0047757578963297633 0.09664402041554071 -0.050796171696831011 0.094283347983104671 0.059609061728323122 0.079867297394420556 0.096279933899709527 -0.062072537958602382 0.060689617416430586 0.017395749757394267 -0.057740902020459908 0.046625225442619322 0.064056715648276058 -0.010173844061955213 0.10641318707337202 -0.06518449254144118 -0.077875888358721945
leaf_weight=1325.6146010234952 2311.8293029889464 1737.0608620345592 7.7300930768251437 5278.817143291235 3.9688958376646033 4.1261676400899878 5.5418708249926558 3.9109424576163283 4.3678261190652874 7.1655556783080119 3.7083365991711608 4.4110818505287162 5.6224948167800903 6.7166545018553752 4.8752651214599618 6.1501704007387152 3.3503893613815316 3.8686919137835494 12.301199294626715 3.3773682862520218 10.366338536143301 9.6245089918374997 14.855249986052515 8.8106499314308149 17.301487073302269 6.716828078031539 16.423956573009495 5.1325212121009818 7.4117523580789566 9.2452045679092389
leaf_count=20681 36067 27100 35 75175 23 34 29 26 20 38 21 24 25 33 28 36 24 23 83 24 44 44 64 38 77 30 74 24 32 40
internal_value=-0.000276397 0.0287254 0.063489 0.104856 0.106965 0.0272665 0.0238085 0.0203387 0.0169893 -0.0146605 0.00450072 0.0300415 -0.0178932 0.036672 0.0175736 0.0386557 0.0175096 -0.0081642 0.0569568 0.0290366 0.00536042 -0.00709338 0.0100266 -0.0105771 0.0131317 0.00212743 -0.00692647 0.0280574 0.00149776 -0.0345579
internal_weight=10850.4 8538.57 6801.51 5475.9 5362.28 83.4629 79.3367 75.3678 71.4569 20.8642 16.4964 50.5927 12.7881 46.1816 23.7864 18.2445 13.3693 10.0189 22.3952 10.094 113.619 43.6567 33.2904 23.6659 69.9618 52.6604 45.9435 20.2744 15.1418 25.6692
internal_count=160016 123949 96849 76168 75666 491 457 434 408 104 84 304 63 280 140 111 83 59 140 57 502 190 146 102 312 235 205 91 67 114
is_linear=0
shrinkage=0.1


Tree=20
num_leaves=31
num_cat=0
split_feature=0 12 12 12 12 4 11 6 11 10 5 4 9 10 3 11 6 8 6 9 0 2 3 2 5 5 11 8 2 10
split_gain=3025.86 3622.92 4305.32 112.897 54.3554 1.77741 2.17784 3.00227 4.37951 1.78276 1.79679 2.91098 2.18011 1.98556 1.61886 2.30434 2.01627 3.54757 1.50399 1.6278 1.44531 1.1066 5.11347 3.54137 3.49087 3.841 3.20263 2.68527 2.86998 2.67186
threshold=0.94922371171663422 0.77800197229805812 -1.0140886165254834 -1.0010984696466598 0.76048314901579195 -1.6100373797557954 0.053979646867650943 0.57987539427095292 -0.52267070472663746 1.2691585761521822 0.52114871487582204 1.3933388838572214 -0.59788693557327599 -0.67151939114149362 -0.74133678368104239 -1.1954294482533074 -0.91145925770311675 0.72705172380853744 -0.23795328584385958 -0.026919765966474583 -0.52227275547851371 -0.79562568277099743 -0.94787761364223899 -0.14908702780047126 -1.2157965715924173 1.0000000180025095e-35 -0.4265623127942561 -1.2956642393901887 -1.4160208979530753 -0.45393778986061756
decision_type=2 2 2 2 2 2 2 2 2 2 2 2 2 2 2 2 2 2 2 2 2 2 2 2 2 2 2 2 2 2
left_child=1 2 -1 21 -5 -6 7 14 20 10 11 12 13 -8 -7 -16 -17 -18 -14 -20 -9 22 -4 26 -25 29 -23 -24 -29 -26
right_child=-2 -3 3 4 5 6 9 8 -10 -11 -12 -13 18 -15 15 16 17 -19 19 -21 -22 23 27 24 25 -27 -28 28 -30 -31
leaf_value=-0.10663978326710635 -0.10663978326710635 -0.10663978326710635 0.060949744930138897 0.10738098034324853 0.097826847518762791 -0.01401392313711327 0.1326910312422642 0.053459142555286922 -0.11274292133604363 0.091023283909939592 0.085128336096884749 -0.047655517903266061 0.052537392084296336 0.0358981725671298 -0.017806556789058074 0.1067189970822553 0.095430970718316799 -0.030237200649504855 -0.062300649020698477 0.030702406362047081 -0.025229355464203736 0.099822589194851874 -0.091325160265582059 0.048925961604821738 -0.089652708907841397 0.011769027476644878 0.017136124938091798 0.053685960215676357 -0.04021573969307151 -0.017407791938429968
leaf_weight=1207.4997003264725 2105.8407084606588 1582.2852801531553 7.3011143654584911 4812.077341042459 3.2336021140217772 7.4236194714903823 3.5024532154202461 3.9442677572369567 4.4780520349740973 5.7322718203067771 5.0366533547639838 5.1314086467027655 4.8735991492867514 5.3666780889034325 5.0169414952397373 5.7794063463807115 4.382346510887146 4.6088270172476768 4.0151597335934683 3.5421929731964994 5.7182217314839354 7.3529392033815411 6.2096469104290035 11.488306879997252 7.9898514449596432 29.26480758190155 12.906149357557295 4.5186280161142411 11.637819305062289 14.247885778546332
leaf_count=20681 36067 27100 33 75175 21 38 22 22 20 39 36 26 29 32 28 41 36 29 22 20 30 36 27 50 35 131 57 20 51 62
internal_value=-0.00027617 0.0284525 0.0628498 0.103726 0.106007 0.0251677 0.0221766 0.00638375 -0.0309945 0.0397319 0.0303886 0.0199577 0.0362464 0.074122 0.0258077 0.0407475 0.0606358 0.0310141 0.00922319 -0.0187094 0.00689161 0.00486885 -0.0117144 0.0107785 -0.000918249 -0.0120366 0.0471468 -0.0354346 -0.0139534 -0.0433648
internal_weight=9902.41 7796.57 6214.28 5006.78 4893.86 81.7857 78.5521 41.3517 14.1405 37.2004 31.4681 26.4315 21.3001 8.86913 27.2111 19.7875 14.7706 8.99117 12.431 7.55735 9.66249 112.917 29.6672 83.2499 62.9909 51.5025 20.2591 22.3661 16.1564 22.2377
internal_count=160016 123949 96849 76168 75666 491 470 244 72 226 187 151 125 54 172 134 106 65 71 42 52 502 131 371 278 228 93 98 71 97
is_linear=0
shrinkage=0.1


Tree=21
num_leaves=31
num_cat=0
split_feature=0 12 12 12 12 0 3 3 11 4 2 2 10 8 4 13 7 4 0 10 1 5 5 6 11 2 0 6 6 5
split_gain=2718.24 3250.68 3857.44 111.286 54.734 1.69478 1.68157 3.90815 1.53414 3.44567 2.57553 4.17136 4.60667 4.46503 3.62456 4.57793 1.58121 1.47941 1.17026 1.02985 1.01173 4.31897 3.06013 3.04245 4.6471 3.82031 2.94534 2.77682 2.10508 3.01531
threshold=0.94922371171663422 0.77800197229805812 -1.0140886165254834 -1.0010984696466598 0.76048314901579195 0.68954786456454931 -1.5719998362511427 -1.3206411503366957 0.72673839039432109 1.3933388838572214 1.3513989753214828 1.0414489348102174 -0.11040204298734967 -0.14841745813215609 -1.1479794930461005 0.35173728838050383 1.0000000180025095e-35 -0.68592160633640564 -0.43571413976115214 -0.94416257880514365 -0.43123357267326595 1.215926829463118 1.0422323008162941 -0.62281384119200645 -0.52267070472663746 0.027526681387095329 0.34331340169510266 -0.23795328584385958 -0.7671365494475616 0.17375965758217404
decision_type=2 2 2 2 2 2 2 2 2 2 2 2 2 2 2 2 2 2 2 2 2 2 2 2 2 2 2 2 2 2
left_child=1 2 -1 20 -5 6 -6 -8 10 18 11 12 14 -14 -9 -16 17 -15 -10 -17 21 23 26 -4 -25 -26 28 -28 -22 -30
right_child=-2 -3 3 4 5 -7 7 8 9 -11 -12 -13 13 16 15 19 -18 -19 -20 -21 22 -23 -24 24 25 -27 27 -29 29 -31
leaf_value=-0.10596816606144344 -0.10596816606144344 -0.10596816606144344 0.051527920602177452 0.10662947434988145 0.093763879957535656 0.089039018587077759 -0.051596177600102371 0.054009013057983613 0.057892777063331118 -0.010909648093080312 0.082456922919027884 -0.087652164810888555 -0.041329162405957978 0.09690637215522574 -0.096130036202969213 0.060242672191419239 0.10860309733227971 0.014293001967481626 0.12546469309137173 -0.01888305234607654 -0.048597410564754084 -0.081475349221758642 0.057757985875540423 0.057644822979209732 -0.088046574020999899 0.00710864526026324 0.096647245331669018 0.0062716759750361013 0.023464090559668603 -0.038064532082234849
leaf_weight=1099.1618300676346 1916.9029411077499 1440.3213381767273 10.33747950196266 4383.2659342326224 2.9723539426922789 3.7321259975433341 7.4536729902029029 5.259497411549094 6.4122244492173204 5.7870934531092635 5.2174159139394751 4.1200889125466338 4.192556917667388 3.5441521629691115 7.5961597636341995 3.0549548491835603 7.3921363055706015 5.5811106190085509 4.26956481486559 3.5637579634785643 10.802773579955099 6.715264379978179 11.94340059161186 6.5886677503585807 8.6029963195323997 8.2801053673028928 5.6335586458444586 8.5739134699106199 22.728877656161785 12.261725552380083
leaf_count=20681 36067 27100 45 75175 15 34 35 29 39 31 33 22 27 24 39 22 55 36 29 21 48 30 56 30 38 36 26 37 101 55
internal_value=-0.000275758 0.0281981 0.0622494 0.102657 0.105132 0.0232393 0.0200258 0.0170415 0.0247942 0.051234 0.0160014 0.0081754 0.0180006 0.0508333 -0.0169153 -0.0431573 0.0742266 0.0463791 0.0849016 0.0176385 0.00441363 -0.00822369 0.0115319 0.00632571 -0.0135823 -0.0413789 0.00233046 0.0421075 -0.0100104 0.00190267
internal_weight=9032.27 7115.37 5675.05 4575.88 4463.41 80.1489 76.4167 73.4444 65.9907 16.4689 49.5218 44.3044 40.1843 20.71 19.4744 14.2149 16.5174 9.12526 10.6818 6.61871 112.469 40.5245 71.9442 33.8092 23.4718 16.8831 60.0008 14.2075 45.7934 34.9906
internal_count=160016 123949 96849 76168 75666 491 457 442 407 99 308 275 253 142 111 82 115 60 68 43 502 179 323 149 104 74 267 63 204 156
is_linear=0
shrinkage=0.1


Tree=22
num_leaves=31
num_cat=0
split_feature=0 12 12 12 12 6 10 8 0 3 6 4 3 8 11 4 10 2 5 10 11 10 5 5 10 2 10 2 3 9
split_gain=2443.48 2918.42 3457.97 109.516 55.0338 1.66768 1.72317 2.16943 1.80267 3.38784 2.18573 2.00549 3.32502 3.75618 3.08557 2.45 2.06057 1.77587 3.00526 1.7578 2.07265 1.40884 1.00234 1.61866 3.42914 2.32706 3.14608 2.4414 2.52095 6.57654
threshold=0.94922371171663422 0.77800197229805812 -1.0140886165254834 -1.0010984696466598 0.76048314901579195 1.4939192132228023 -1.3513481440443671 0.91425224714770381 0.083637554543017689 1.2289444607067286 1.2533813661302105 1.162309940502374 -0.81017358645179771 0.37256325280654762 0.053979646867650943 -1.1479794930461005 0.068467282758021122 0.92030479273021126 0.34745418622899804 0.35685403976478186 -0.4265623127942561 -0.49496935667099234 -1.5631856288860653 -1.2157965715924173 0.1496424447889215 1.2167174691223024 -0.38348310985279183 0.96080534625484559 0.63399076837389146 0.36836238417625394
decision_type=2 2 2 2 2 2 2 2 2 2 2 2 2 2 2 2 2 2 2 2 2 2 2 2 2 2 2 2 2 2
left_child=1 2 -1 22 -5 6 7 -6 10 19 11 12 13 -8 15 -14 -15 18 -17 21 -21 -10 -4 24 -24 27 -27 28 -25 -30
right_child=-2 -3 3 4 5 -7 8 -9 9 -11 -12 -13 14 16 -16 17 -18 -19 -20 20 -22 -23 23 25 -26 26 -28 -29 29 -31
leaf_value=-0.10536808690962325 -0.10536808690962325 -0.10536808690962325 -0.040205498618542113 0.10595895777004241 0.11096556138623721 0.091521521805911055 -0.093105875883746289 0.0073619222285151061 0.046581423367727914 -0.051798368613086759 -0.069719285455944011 -0.042514499736315096 0.066816724100005373 -0.034286066236790654 0.090972202310879158 -0.061966774336655997 0.061982612102361417 -0.083249263149166919 0.072197501298346831 -0.050666870961742189 0.059975602727764449 0.12485159119640701 -0.0078970302329841157 -0.010038265613090225 0.095398448932636645 -0.093868923603520171 0.0058552755479281213 0.071147092192918468 0.092261216552293412 -0.012070883070354714
leaf_weight=999.93757531046867 1743.859026581049 1310.2997094392776 4.9034242928028098 3989.9585412815213 4.2752871066331846 3.2573737427592269 4.7438714206218675 3.8333360776305199 4.5391246452927625 3.4543048515915862 3.8475474864244452 6.450814574956893 5.6124595776200232 4.1735099554061872 8.0564700663089734 3.052923038601886 4.758372075855732 2.8082772269845009 3.6846562996506691 2.6223174780607224 4.7780296429991713 4.6612364649772662 7.0539417415857297 50.072434395551682 5.903512567281723 5.6573265790939331 7.1765567511320096 5.646608278155326 9.9084631055593508 15.481866255402563
leaf_count=20681 36067 27100 21 75175 28 25 22 23 31 19 19 36 37 19 53 18 27 15 30 18 37 34 31 225 26 26 31 26 46 70
internal_value=-0.000275096 0.0279607 0.0616846 0.101643 0.104326 0.0214675 0.0184392 0.0619871 0.013188 0.0383034 0.00251408 0.00892646 0.0179216 -0.0211937 0.0409643 0.0143857 0.0170001 -0.016441 0.0114052 0.0570519 0.0207694 0.0862359 0.00400429 0.00603215 0.0391652 0.00146216 -0.0381043 0.00772274 0.00297692 0.0286443
internal_weight=8234.47 6490.61 5180.31 4180.37 4068.57 78.6099 75.3525 8.10862 67.2439 20.055 47.1889 43.3414 36.8905 13.6758 23.2148 15.1583 8.93188 9.54586 6.73758 16.6007 7.40035 9.20036 111.804 106.901 12.9575 93.9433 12.8339 81.1094 75.4628 25.3903
internal_count=160016 123949 96849 76168 75666 491 466 51 415 139 276 257 221 68 153 100 46 63 48 120 55 65 502 481 57 424 57 367 341 116
is_linear=0
shrinkage=0.1


Tree=23
num_leaves=31
num_cat=0
split_feature=0 12 12 12 12 6 10 8 5 2 10 2 13 2 9 7 2 1 11 11 8 10 10 5 4 9 2 2 9 11
split_gain=2197.73 2621.34 3100.95 108.08 55.1884 1.53465 1.50045 1.9519 1.62557 2.21485 2.54872 4.59908 5.05509 3.30984 2.48875 2.33373 2.50231 1.80077 1.75343 2.29648 6.13326 0.989286 2.18643 1.31802 1.52757 2.39592 1.68861 3.38985 4.88876 2.74918
threshold=0.94922371171663422 0.77800197229805812 -1.0140886165254834 -1.0010984696466598 0.76048314901579195 1.4458116438042838 -1.3513481440443671 0.91425224714770381 -1.5631856288860653 -1.4292863358594909 -0.20661963350450915 0.94714594716005207 -0.16932630290856013 0.93427073020725648 -0.040847957665091104 -1.0000000180025095e-35 -0.13453558065947327 1.0000000180025095e-35 -0.71488748859140039 0.63062999846193957 0.35859946190331571 -1.5113819949079257 -1.3640569083095226 -1.5631856288860653 -1.3790084364009478 0.82370732083949605 -1.3892567967782352 -0.79562568277099743 0.90633822833022826 -0.81099588052378169
decision_type=2 2 2 2 2 2 2 2 2 2 2 2 2 2 2 2 2 2 2 2 2 2 2 2 2 2 2 2 2 2
left_child=1 2 -1 21 -5 6 7 -6 -8 -10 13 14 -13 18 15 16 -12 -17 -11 20 -20 -4 -23 -24 25 -25 -26 28 -28 -29
right_child=-2 -3 3 4 5 -7 8 -9 9 10 11 12 -14 -15 -16 17 -18 -19 19 -21 -22 22 23 24 26 -27 27 29 -30 -31
leaf_value=-0.10483124418055623 -0.10483124418055623 -0.10483124418055623 0.039876559632848134 0.10535985357437117 0.10645733799851934 0.080000928773367411 -0.046684251396411108 0.0066511454143879075 0.081554363649001302 0.014016451950732098 -0.053300343732293157 0.063445088552218282 -0.083483214878212794 0.052886152544501568 0.10726559807702214 0.029817308536762295 0.059582841021355394 0.11936993211500101 0.024170493467984375 0.0039611799447461958 -0.15394975882037731 -0.057664570135769033 -0.047135650871423587 0.096359462218660888 0.047459797158629843 -0.006589408568447132 -0.087854513700965461 -0.042638418369915061 0.036552380894002992 0.017139028926247715
leaf_weight=909.17785106599331 1585.5769814997911 1191.3698449730873 7.0529168695211402 3629.7445029951632 4.0238174870610228 4.0191612094640723 4.4637367874383918 3.8194553479552269 4.7296156957745543 4.8407344222068849 4.7266100347042084 3.7283942103385925 6.2955994904041273 5.3720505163073531 6.0635642707347932 5.3831871300935727 3.3594710156321508 3.8523338139057159 3.0863836482167226 4.1261886134743682 5.1736343577504158 5.9541172683238974 4.665664315223693 4.6557420343160612 7.8075268864631644 4.3943074643611908 9.3153646588325412 8.9764549508690745 4.7793121188879004 53.832787230610862
leaf_count=20681 36067 27100 32 75175 28 32 24 23 35 27 27 23 34 33 47 37 22 33 20 22 24 26 20 25 35 20 40 41 22 241
internal_value=-0.000274273 0.0277354 0.0611438 0.100665 0.103582 0.0198413 0.0165311 0.0578545 0.0115602 0.0158407 0.0102915 0.0278362 -0.0288337 -0.0156458 0.0521276 0.0328262 -0.00640151 0.0671716 -0.0370168 -0.0569614 -0.0873945 0.00362901 0.00117981 0.00473946 0.00732082 0.046372 0.00314883 -0.00134976 -0.0456698 0.00859587
internal_weight=7504.37 5918.79 4727.42 3818.24 3706.81 77.0639 73.0448 7.84327 65.2015 60.7378 56.0082 33.4092 10.024 22.599 23.3852 17.3216 8.08608 9.23552 17.2269 12.3862 8.26002 111.434 104.381 98.4272 93.7615 9.05005 84.7114 76.9039 14.0947 62.8092
internal_count=160016 123949 96849 76168 75666 491 459 51 408 384 349 223 57 126 166 119 49 70 93 66 44 502 470 444 424 45 379 344 62 282
is_linear=0
shrinkage=0.1


Tree=24
num_leaves=31
num_cat=0
split_feature=0 12 12 12 12 13 4 3 3 11 6 6 2 2 10 3 8 11 4 9 11 3 2 3 8 6 4 10 6 1
split_gain=1977.69 2355.48 2781.68 106.587 55.2605 1.42102 1.5253 1.64432 2.02776 1.45582 2.1657 3.57518 1.94852 3.802 2.62555 2.96121 2.83807 1.82705 1.69794 1.34238 1.75934 0.951165 5.78266 2.89899 3.0717 2.65739 2.72769 2.66931 2.38275 1.73224
threshold=0.94922371171663422 0.77800197229805812 -1.0140886165254834 -1.0010984696466598 0.76048314901579195 1.6022899074742647 -1.6100373797557954 -1.3206411503366957 -1.4893176748190962 0.63062999846193957 0.91662838020058157 -1.0000000180025095e-35 1.36521677863388 0.92030479273021126 -0.1523013701944376 -0.54953701388482301 -0.14841745813215609 1.2072803500562281 -1.0324650213686768 -0.040847957665091104 -0.52267070472663746 1.2700241483962793 0.20274694586505576 0.86599025107984462 -1.035495907991179 -1.1519971047957085 -1.3790084364009478 0.054567330952941896 -0.7671365494475616 0.44042869003308155
decision_type=2 2 2 2 2 2 2 2 2 2 2 2 2 2 2 2 2 2 2 2 2 2 2 2 2 2 2 2 2 2
left_child=1 2 -1 21 -5 6 -6 8 -8 12 11 17 13 14 15 -9 -16 -11 -17 20 -18 23 -23 25 -25 27 -27 -4 -28 -30
right_child=-2 -3 3 4 5 -7 7 9 -10 10 -12 -13 -14 -15 16 18 19 -19 -20 -21 -22 22 -24 24 -26 26 28 -29 29 -31
leaf_value=-0.10435042230333764 -0.10435042230333764 -0.10435042230333764 0.08355094298093857 0.10482386773936517 0.087623283745316791 0.074939449376900835 0.016302314751552544 -0.076986384609182223 -0.078629193719086554 0.11877542953401353 0.10395299048385072 -0.04023599572748951 0.070881215596224234 -0.06814714279697287 -0.03109823032046732 0.070416764085972874 0.095080500459889847 0.021164851609379615 -0.01386359878779728 0.11840478197310773 0.002376021549671703 -0.069099900349643945 0.054340326700716569 0.11158907300754846 0.012257406869893416 0.048576987394952108 -0.071998597622583232 -0.0024340554285838313 -0.023866105901999512 0.012516591027210014
leaf_weight=826.25529839470983 1440.9627120159566 1082.7096652239561 6.9665672034025174 3300.2646891400218 2.7807753756642333 4.1899671480059615 4.8611308261752129 5.0275020003318796 4.1890699639916402 3.5364702120423326 4.3063296601176253 5.395703338086606 4.4186704009771338 6.6154678612947455 3.8020899444818452 3.7391468733549109 3.8430402725934911 4.1890042722225189 6.6268714889883951 3.6737445890903606 4.3806928172707558 9.4346144422888738 6.3487856686115256 5.0787635371088973 8.0439533740282041 7.5109475404024044 6.606684535741798 7.4942018389701843 30.672323688864722 22.82424208521843
leaf_count=20681 36067 27100 32 75175 21 34 24 26 20 29 30 30 30 36 26 22 32 26 42 31 32 43 29 24 37 37 29 32 138 101
internal_value=-0.000273333 0.0275208 0.0606244 0.0997177 0.102888 0.0183404 0.0150183 0.0120754 -0.0276387 0.0181106 0.0424191 0.0222239 0.00805441 0.000692399 0.0153389 -0.0140074 0.0441132 0.0658478 0.0165373 0.0681485 0.0456978 0.00328938 -0.0194467 0.00705894 0.0507008 8.11687e-05 -0.00824028 0.0389898 -0.0153406 -0.00834347
internal_weight=6836.75 5395.79 4313.08 3486.82 3375.84 75.5757 71.3857 68.6049 9.0502 59.5547 17.4275 13.1212 42.1272 37.7086 31.0931 15.3935 15.6996 7.72547 10.366 11.8975 8.22373 110.981 15.7834 95.1977 13.1227 82.075 67.6142 14.4608 60.1033 53.4966
internal_count=160016 123949 96849 76168 75666 491 457 436 44 392 115 85 277 247 211 90 121 55 64 95 64 502 72 430 61 369 305 64 268 239
is_linear=0
shrinkage=0.1


Tree=25
num_leaves=31
num_cat=0
split_feature=0 12 12 12 12 0 6 10 13 8 3 7 9 8 10 13 1 6 10 3 2 13 10 10 3 10 13 0 1 0
split_gain=1780.46 2117.29 2495.79 105.062 55.3314 1.39878 1.28167 2.95206 1.35882 3.79446 2.61499 2.9579 2.30899 2.11625 4.76386 3.23354 2.84444 1.86122 1.5631 0.988323 2.56727 2.00985 2.54939 3.19313 1.94988 2.6457 2.61537 2.28282 3.33079 2.98328
threshold=0.94922371171663422 0.77800197229805812 -1.0140886165254834 -1.0010984696466598 0.76048314901579195 0.68954786456454931 -1.3444273824697821 0.54467602581949581 -0.27353902116637646 0.72705172380853744 -0.93393698764362976 1.0000000180025095e-35 -0.16686629553546931 0.48205816994010003 -0.97037160448773896 0.6991130159065525 0.87625982138625536 1.0000000180025095e-35 -0.94416257880514365 -1.334489711270118 0.41971458518705479 -1.3156662037445088 -1.5652883895741709 -1.2816962529195206 -0.042010063753663167 1.0479293696524496 -0.69038989419762997 -0.089479676891705606 -0.43123357267326595 -0.8685072183479603
decision_type=2 2 2 2 2 2 2 2 2 2 2 2 2 2 2 2 2 2 2 2 2 2 2 2 2 2 2 2 2 2
left_child=1 2 -1 19 -5 6 7 -6 9 10 -8 -12 -11 14 -10 -16 18 -14 -15 20 -4 -21 -23 -24 25 26 -25 29 -29 -26
right_child=-2 -3 3 4 5 -7 8 -9 13 12 11 -13 17 16 15 -17 -18 -19 -20 21 -22 22 23 24 27 -27 -28 28 -30 -31
leaf_value=-0.10391932873857233 -0.10391932873857233 -0.10391932873857233 0.061055249956188919 0.10434381469303887 0.025296319622463488 0.081759232251719452 -0.023540817890402507 -0.088657530048943167 0.10269469435217207 -0.090099450525912297 0.015467296862329855 0.12404353405793658 0.037952944290937929 0.029931540321365691 0.026280860650186533 -0.084184521278297952 -0.0064836817120543927 -0.054056582410016887 0.10279159069212772 -0.038082898265465959 -0.025925455179846058 0.082459330155375335 -0.063404505965025823 0.074392765410337527 0.013405468094420669 -0.063253258320059333 -0.012642175778461384 -0.060132225847900213 0.026839440141744331 0.084552075600734869
leaf_weight=750.56990852579474 1308.9698220975697 983.53292979300022 8.7963071241974813 2999.2406235076487 5.693838529288767 3.1860603652894488 4.6430420577526084 3.7842873111367226 3.6370179280638686 4.8465729281306258 5.2672349587082881 4.7915661633014679 4.7942353710532171 4.3320954516529993 5.2068482674658281 5.3960238918662071 5.3851141333580008 4.0606541931629181 9.1924476176500374 12.486395388841627 5.5245047509670249 4.0363862365484229 7.0202838629484168 4.3483655005693498 15.636761099100108 7.6811759173870078 16.760080337524407 7.0606787949800518 11.700598247349275 9.45879068225622
leaf_count=20681 36067 27100 40 75175 34 34 25 21 25 26 34 36 30 28 35 34 34 21 74 56 25 19 31 20 72 34 75 31 54 45
internal_value=-0.000272067 0.0273142 0.0601192 0.0987886 0.102233 0.0169377 0.0140301 -0.0202015 0.0193012 0.00324992 0.0385347 0.0671882 -0.0346111 0.0330544 0.00393832 -0.0299373 0.0549802 -0.00424057 0.0794535 0.00299178 0.0275009 -0.000657169 0.00492581 0.000997501 0.00722107 -0.0129997 0.00528713 0.0204949 -0.00589175 0.0402214
internal_weight=6227.04 4918.07 3934.54 3183.97 3073.46 74.217 71.031 9.47813 61.5529 28.4033 14.7018 10.0588 13.7015 33.1495 14.2399 10.6029 18.9097 8.85489 13.5245 110.51 14.3208 96.1895 83.7031 79.6667 72.6465 28.7896 21.1084 43.8568 18.7613 25.0956
internal_count=160016 123949 96849 76168 75666 491 457 55 402 172 95 70 77 230 94 69 136 51 102 502 65 437 381 362 331 129 95 202 85 117
is_linear=0
shrinkage=0.1


Tree=26
num_leaves=31
num_cat=0
split_feature=0 12 12 12 12 3 3 6 3 3 3 3 0 3 3 11 6 11 6 3 1 1 10 8 9 8 8 6 10 10
split_gain=1603.52 1903.69 2239.59 103.391 55.4614 1.3777 2.19062 1.38616 1.17866 3.7042 2.73781 2.16219 2.14969 2.57296 5.83625 1.90625 1.81122 1.57629 2.08845 3.30393 2.38036 1.52623 1.00321 0.977217 1.24549 4.7492 4.61524 2.28213 3.95372 7.55381
threshold=0.94922371171663422 0.77800197229805812 -1.0140886165254834 -1.0010984696466598 0.76048314901579195 -1.5719998362511427 -1.3206411503366957 1.4458116438042838 1.1493972036642754 0.97342321711386715 1.4709037304475834 0.75636843322117586 -1.3878589126521301 -0.97419226815285265 -0.85094424845171335 -1.1954294482533074 -1.2482122436327454 -0.4265623127942561 -0.4784911329364514 -0.49451916056579925 0.44042869003308155 0.44042869003308155 0.054567330952941896 -0.14841745813215609 0.73209997508990077 -0.67088614866351626 -0.94154328631317752 0.53176782485243457 0.53165376738354675 -0.94416257880514365
decision_type=2 2 2 2 2 2 2 2 2 2 2 2 2 2 2 2 2 2 2 2 2 2 2 2 2 2 2 2 2 2
left_child=1 2 -1 23 -5 -6 -7 8 9 11 21 12 -8 22 -15 -16 -17 -18 -19 -20 -21 -10 -14 24 26 -26 -4 28 29 -27
right_child=-2 -3 3 4 5 6 7 -9 10 -11 -12 -13 13 14 15 16 17 18 19 20 -22 -23 -24 -25 25 27 -28 -29 -30 -31
leaf_value=-0.10353249310596441 -0.10353249310596441 -0.10353249310596441 -0.0021010728498229167 0.10391340493910864 0.084076881815170576 -0.038120231598710051 -0.034064616008459794 0.085161139894749063 -0.0066375707780210545 0.11897096146103832 0.042325835691777169 -0.063428949730495301 0.045352385763967107 -0.10164351616983239 -0.018317750200435415 0.11806270970785415 0.09594837523785428 -0.042468304299687301 0.1273174803749684 -0.066204245440513718 0.0623337784036204 -0.10375095657945971 0.12242572600515429 0.048554376508625513 -0.090316591937518925 -0.060459899548163214 0.071584583894751128 0.032031256203946111 -0.079878770548434563 0.09099650333184571
leaf_weight=681.55195048078895 1188.6047192104161 893.09307374060154 53.718101896345615 2724.4924070313573 2.8260388970375052 7.5243247039616099 6.0934715792536656 3.0129772983491412 3.1776462048292142 3.6768249683082095 5.0154642462730408 3.2938539534807196 3.2285677418112675 3.6144367009401277 5.3720014542341188 3.1754789762198916 3.4038753062486675 3.8268763720989236 3.1971936970949173 2.7722121924162195 2.9996378272771835 3.2978055775165558 3.5411729589104652 4.4632074162363997 6.6246018111705771 6.8193379491567594 10.098060004413126 14.69652998447418 7.1002172529697409 6.3680703192949331
leaf_count=20681 36067 27100 247 75175 16 39 34 27 21 32 34 21 18 19 32 28 30 27 24 18 24 20 27 24 29 30 47 64 31 30
internal_value=-0.000270636 0.0271134 0.0596238 0.0978704 0.101608 0.0156194 0.0128645 0.0189829 0.0156423 0.0225039 -0.0131372 0.0145367 0.0207661 0.0302764 0.0170547 0.034391 0.049005 0.0354684 0.0193799 0.0457691 0.00059713 -0.0560953 0.0856686 0.00272244 0.000782127 -0.0126787 0.0095587 0.00202284 -0.0197155 0.0126769
internal_weight=5670.68 4482.08 3588.98 2907.43 2797.54 73.0499 70.2238 62.6995 59.6865 48.1956 11.4909 44.5188 41.2249 35.1315 28.3617 24.7473 19.3753 16.1998 12.7959 8.96904 5.77185 6.47545 6.76974 109.888 105.425 41.6088 63.8162 34.9842 20.2876 13.1874
internal_count=160016 123949 96849 76168 75666 491 475 436 409 334 75 302 281 247 202 183 151 123 93 66 42 41 45 502 478 184 294 155 91 60
is_linear=0
shrinkage=0.1


Tree=27
num_leaves=31
num_cat=0
split_feature=0 12 12 12 12 13 6 6 2 1 1 3 13 13 8 5 13 1 2 2 10 9 9 2 1 6 6 5 5 1
split_gain=1444.65 1712 2009.81 101.85 55.375 1.21809 1.05924 1.74621 1.15472 3.44028 2.11554 2.06616 1.70514 2.61519 2.55905 2.33181 2.21033 1.48448 1.22352 3.38505 0.995643 0.868336 3.80004 1.88727 1.86043 1.8523 4.55317 1.84223 3.34547 2.4747
threshold=0.94922371171663422 0.77800197229805812 -1.0140886165254834 -1.0010984696466598 0.76048314901579195 1.6022899074742647 1.4458116438042838 1.2533813661302105 -0.58924077478839498 1.0000000180025095e-35 1.3120909527394293 1.0402897547340382 0.97701359792738429 0.28226214287529888 0.92761250542043572 -0.34732392835829778 -1.0030280489710683 -0.86706470402643965 0.2707673465063985 1.2037471224388501 0.21804292224318197 -0.32009858816147962 -0.054874171721550825 -1.3892567967782352 -0.86706470402643965 -0.3341684246808963 0.57987539427095292 0.86853777216946992 1.3896213581099419 1.3120909527394293
decision_type=2 2 2 2 2 2 2 2 2 2 2 2 2 2 2 2 2 2 2 2 2 2 2 2 2 2 2 2 2 2
left_child=1 2 -1 21 -5 6 7 8 9 17 12 -11 13 14 16 -16 -10 -6 -18 -20 -15 25 -23 -24 -25 -4 -27 29 -29 -26
right_child=-2 -3 3 4 5 -7 -8 -9 10 11 -12 -13 -14 20 15 -17 18 -19 19 -21 -22 22 23 24 27 26 -28 28 -30 -31
leaf_value=-0.1031850543679439 -0.1031850543679439 -0.1031850543679439 0.065770375000524725 0.10352716656310848 0.030052584110767635 0.069485307260817447 0.067370145574635484 -0.051465302161522376 0.08538103710490999 0.1012302321617272 -0.050365907245496826 -0.0056239842116963569 -0.041801618297079436 0.096960275584927189 -0.088908037062428086 0.017684493943185633 -0.043520144548478239 -0.05957203937901006 0.092718848575691293 -0.038425560734393419 0.020118556564996767 -0.058027106044310751 0.053889243295684064 -0.026322737391510531 0.012747112102808655 -0.073881626076668677 0.061568032379198723 0.092641442757969802 -0.014601843887850114 -0.045780488473382917
leaf_weight=618.66432087682188 1078.9307122994214 810.68628672510386 6.3857231587171581 2473.9510399289429 3.5837565734982491 3.8089232742786399 3.2181445136666289 4.5048346519470206 4.8312567248940459 7.2291135378181917 6.0660401806235305 2.4138246551156044 4.8752980306744567 5.2596492543816558 4.4443504586815834 3.8130877092480642 3.602496471256023 3.8158144690096405 3.9179825857281685 3.9549257531762123 2.4818680956959724 10.465804055333136 7.4647798836231223 18.540963023900986 35.739121094346046 4.7589088380336744 5.1864613890647888 6.5936638340353948 5.2050416618585587 9.0547470003366453
leaf_count=20681 36067 27100 30 75175 27 34 30 24 34 57 35 16 32 36 25 23 22 28 24 25 19 47 34 84 162 22 25 34 24 40
internal_value=-0.000268684 0.0269168 0.0591334 0.0969543 0.101014 0.0144546 0.0113727 0.00859142 0.0130789 0.0351248 0.00439113 0.0744824 0.0133247 0.0216439 0.00567133 -0.0396862 0.0286397 -0.0161651 0.00475098 0.026839 0.0723254 0.00247288 -0.00125929 0.0059336 0.00116904 0.023741 -0.0032453 0.0101759 0.0453307 0.000916193
internal_weight=5163.45 4084.52 3273.83 2655.17 2545.77 71.8214 68.0124 64.7943 60.2895 17.0425 43.247 9.64294 37.1809 32.3056 24.5641 8.25744 16.3067 7.39957 11.4754 7.87291 7.74152 109.395 93.0641 82.5983 75.1335 16.3311 9.94537 56.5926 11.7987 44.7939
internal_count=160016 123949 96849 76168 75666 491 457 427 403 128 275 73 240 208 153 48 105 55 71 49 55 502 425 378 344 77 47 260 58 202
is_linear=0
shrinkage=0.1


Tree=28
num_leaves=31
num_cat=0
split_feature=0 12 12 12 12 0 11 6 11 2 10 1 2 1 13 5 10 11 6 0 0 10 2 2 2 2 3 10 5 5
split_gain=1301.87 1539.8 1803.51 100.163 55.4809 1.21952 1.28144 1.79986 2.90732 1.88276 1.4606 1.49674 3.5473 1.95539 1.38824 2.38418 3.54228 2.37661 1.76301 1.21036 1.6899 1.0977 0.926075 2.81966 1.45398 3.14776 2.73167 2.72661 2.43784 3.12401
threshold=0.94922371171663422 0.77800197229805812 -1.0140886165254834 -1.0010984696466598 0.76048314901579195 0.68954786456454931 0.053979646867650943 0.57987539427095292 -0.52267070472663746 0.66226473401069874 1.2691585761521822 1.0000000180025095e-35 0.3511582487906168 1.3120909527394293 -0.96829047621846309 0.34745418622899804 0.17776561688521722 -1.1954294482533074 -1.10388953537719 -1.2147416812174068 1.0000000180025095e-35 -0.16606017317269525 -1.5908244357736796 -1.4160208979530753 -0.79562568277099743 -0.14908702780047126 -0.481342064731971 0.42345257581262935 -1.2157965715924173 -1.0000000180025095e-35
decision_type=2 2 2 2 2 2 2 2 2 2 2 2 2 2 2 2 2 2 2 2 2 2 2 2 2 2 2 2 2 2
left_child=1 2 -1 22 -5 6 7 14 9 -9 11 12 -8 19 -6 21 18 -18 -17 -13 -21 -16 -4 -24 26 27 -25 -26 -27 -30
right_child=-2 -3 3 4 5 -7 10 8 -10 -11 -12 13 -14 -15 15 16 17 -19 -20 20 -22 -23 23 24 25 28 -28 -29 29 -31
leaf_value=-0.10287278931425986 -0.10287278931425986 -0.10287278931425986 -0.046843718491177133 0.10318027919250167 0.063163187750300831 0.077070229098511231 -0.062594494818596511 0.036277665073881596 -0.099167445230526424 -0.06053370779890143 0.077947553714350429 0.0062671191627388925 0.051878716700798945 -0.024899638268560301 -0.089599199703586041 0.0155079104664204 -0.083273013603999385 0.043991143579228398 0.11852926625847715 0.12275131642565645 0.030780232161178735 -0.0091474612423565315 0.084037648066384668 0.023655539211613046 0.077313981113196581 0.038072920747868624 -0.051347365008234697 0.0020516284090737187 -0.042330861268662395 0.0081608757411964807
leaf_weight=561.40323731116951 979.0692210290581 735.65242160111666 3.7110275700688353 2245.6657029688358 4.681184470653533 2.8771641366183749 6.0623800233006531 5.5685784220695478 4.2963324859738341 3.1424272134900093 4.568162389099597 3.2126787230372456 4.8909396678209305 3.7969262376427642 3.0594606176018715 2.7909712716937074 3.399731732904911 2.5817020609974861 4.1033140607178185 4.1922140866517967 3.8167099803686142 3.8053741604089799 4.2231386899948111 7.8026334941387203 10.228198185563089 11.044598385691641 12.858053117990492 9.092784032225607 21.727657422423359 28.103519625961784
leaf_count=20681 36067 27100 17 75175 36 34 36 37 20 17 38 18 33 22 14 15 20 27 36 33 29 26 20 36 50 50 58 43 97 131
internal_value=-0.000267069 0.0267207 0.0586407 0.0960274 0.100431 0.0133013 0.0106019 -0.00180099 -0.0318485 0.00135372 0.0258026 0.0166309 -0.0114793 0.0371322 0.0142027 0.00259245 0.0279682 -0.0283434 0.0768238 0.0581212 0.0789218 -0.0450025 0.00225155 0.0039854 0.00063342 0.00672766 -0.0230221 0.0418942 -0.00443364 -0.0138548
internal_weight=4701.43 3722.36 2986.71 2425.3 2316.51 70.8463 67.9691 37.4291 13.0073 8.71101 30.54 25.9718 10.9533 15.0185 24.4217 19.7406 12.8757 5.98143 6.89429 11.2216 8.00892 6.86483 108.792 105.081 100.857 80.1968 20.6607 19.321 60.8758 49.8312
internal_count=160016 123949 96849 76168 75666 491 457 248 74 54 209 171 69 102 174 138 98 47 51 80 62 40 502 485 465 371 94 93 278 228
is_linear=0
shrinkage=0.1


Tree=29
num_leaves=31
num_cat=0
split_feature=0 12 12 12 12 3 3 5 6 6 6 10 10 3 5 2 10 10 6 8 11 4 3 2 3 9 6 4 8 5
split_gain=1173.51 1385.09 1619.16 97.8672 55.144 1.62646 1.75291 1.77206 1.07111 1.4274 1.32125 1.06826 2.95113 2.87379 2.56629 2.52628 2.50471 2.42607 2.11127 1.99032 2.9448 1.13082 0.85906 4.61336 2.13205 2.64497 2.13956 2.21732 2.32227 2.29297
threshold=0.94922371171663422 0.77800197229805812 -1.0010984696466598 -1.0140886165254834 0.76048314901579195 -1.5997184696404585 -1.3206411503366957 1.0000000180025095e-35 -1.584965229562374 -1.4406425213068188 -1.2963198130512636 1.2691585761521822 1.0346698192870549 1.4709037304475834 0.52114871487582204 0.40561084162645172 -0.97037160448773896 -0.1523013701944376 0.91662838020058157 0.98231418805044135 1.1111719581238468 -0.57040713465898196 1.2700241483962793 0.20274694586505576 0.86599025107984462 0.36836238417625394 -1.1519971047957085 -1.3790084364009478 -1.6045129131647478 1.3896213581099419
decision_type=2 2 2 2 2 2 2 2 2 2 2 2 2 2 2 2 2 2 2 2 2 2 2 2 2 2 2 2 2 2
left_child=1 2 3 -1 -4 -6 7 -7 -8 -10 -11 12 13 14 18 -13 -16 -18 19 20 21 -12 24 -24 26 -26 -5 -28 -29 -30
right_child=-2 -3 4 22 5 6 8 -9 9 10 11 15 -14 -15 16 -17 17 -19 -20 -21 -22 -23 23 -25 25 -27 27 28 29 -31
leaf_value=-0.1025919599382567 -0.1025919599382567 -0.1025919599382567 0.10286849644553231 0.035085235792336515 0.10096407533695624 -0.078702440268177951 -0.042063270959755539 0.015852820073597937 0.07926105433609687 -0.049144265854046409 -0.012620878434841932 0.094875339859633673 -0.076689776834700435 0.10302154119347402 0.12118171544134559 -0.036571503266116447 -0.035546412991622908 0.074697843960085053 0.044076744622530438 -0.068435771585553681 -0.088732650395545828 0.059669406575349471 -0.064369132928496331 0.04734314069363886 0.10217446694449615 0.0079741147374184414 0.044487690912473961 -0.088714837158172508 -0.0024205965395903417 -0.072483347560467801
leaf_weight=509.29835392534733 888.1999773234129 667.37514585256577 2037.8071180544794 14.067745022475718 2.0095949433743945 4.2306253835558882 3.0599747449159613 3.7290308177471161 3.6390235535800448 3.0712386779487124 3.76500885933637 4.8105140030384055 3.4104094244539729 3.7932480946183196 3.4842778481543064 2.1005605198442936 3.9929164424538612 3.9916470535099489 6.0680038370192042 6.4917716681957236 2.799877416342496 5.0883609615266439 9.2690825089812261 6.1491142362356177 4.8137409985065442 7.8275198563933372 7.212988406419746 3.9101877212524334 50.00775778293611 5.1524447351694098
leaf_count=20681 36067 27100 75175 64 13 20 18 22 28 20 29 47 25 27 30 14 26 39 42 36 17 38 43 29 24 37 37 18 226 24
internal_value=-0.000265265 0.0265257 0.0581471 -0.0842276 0.0998803 0.0123098 0.00967142 -0.0344041 0.015561 0.0186815 0.0145117 0.0184377 0.012558 0.0202685 0.0114712 0.0549232 0.0504379 0.019567 -0.00698592 -0.0240622 0.000657432 0.028927 0.00204581 -0.0198158 0.00567048 0.0438452 -0.00033537 -0.00785291 -0.0142441 -0.00896507
internal_weight=4280.63 3392.43 2725.05 617.709 2107.34 69.5361 67.5265 7.95966 59.5668 56.5069 52.8678 49.7966 42.8855 39.4751 35.6819 6.91107 11.4688 7.98456 24.213 18.145 11.6532 8.85337 108.411 15.4182 92.9924 12.6413 80.3511 66.2834 59.0704 55.1602
internal_count=160016 123949 96849 21183 75666 491 478 42 436 418 390 370 309 284 257 61 95 65 162 120 84 67 502 72 430 61 369 305 268 250
is_linear=0
shrinkage=0.1


Tree=30
num_leaves=31
num_cat=0
split_feature=0 12 12 12 12 0 6 1 6 7 3 8 6 9 5 5 2 8 9 3 2 1 9 9 3 3 2 1 11 5
split_gain=1058.02 1245.95 1453.99 94.971 54.9588 1.08379 1.11575 2.8329 1.1639 1.91403 2.38835 2.30039 1.81558 3.12672 1.58885 2.76671 2.61568 1.94619 1.43203 1.11824 1.08389 0.813351 0.794695 3.09044 1.53489 2.97026 1.49298 1.50676 1.75041 1.66374
threshold=0.94922371171663422 0.77800197229805812 -1.0010984696466598 -1.0140886165254834 0.76048314901579195 0.68954786456454931 -1.3444273824697821 1.0000000180025095e-35 0.38744511659687936 1.0000000180025095e-35 -0.85094424845171335 0.98231418805044135 0.86852081078206311 -1.1312643473419854 0.17375965758217404 -0.52101845700512162 -0.79562568277099743 0.98231418805044135 -0.65102384376082634 0.79720315990756629 0.054884728895215014 0.44042869003308155 -0.32009858816147962 -0.054874171721550825 0.82496827681257057 -0.71444909407532975 -1.3892567967782352 -0.86706470402643965 -0.4265623127942561 0.86853777216946992
decision_type=2 2 2 2 2 2 2 2 2 2 2 2 2 2 2 2 2 2 2 2 2 2 2 2 2 2 2 2 2 2
left_child=1 2 3 -1 -4 6 7 -6 14 12 -11 -12 -10 -14 15 19 -16 -17 -18 21 -15 -8 24 -24 25 -5 -25 28 -28 -29
right_child=-2 -3 4 22 5 -7 8 -9 9 10 11 -13 13 20 16 17 18 -19 -20 -21 -22 -23 23 26 -26 -27 27 29 -30 -31
leaf_value=-0.10233922449609995 -0.10233922449609995 -0.10233922449609995 0.10258809147076267 0.062483983269040803 -0.079896042988394908 0.073706321930000249 -0.0044471823173013276 0.032102580904134315 -0.081446517112005345 -0.028793191802703285 0.10464083451650369 -0.0065136845074824914 -0.086586993504300602 -0.0087328353156732024 -0.0295306931056869 0.0045488666945520629 0.029909175399370987 -0.093474824923548194 0.11773619249792121 0.09351963715905022 0.070299421494872491 0.063654970926722648 -0.053260261474955196 0.047972704377093917 0.076912330895322956 -0.037965215362507375 0.012756667619709908 -1.208931886661094e-05 -0.049905744144903612 0.042735532915104582
leaf_weight=461.91229914873838 805.56021920591593 605.2813358604908 1848.6672681756318 5.1253315061330786 4.5098164305090886 2.6801296174526206 4.3314732015132904 4.5239172205328941 4.1919964291155347 4.7180865779519081 4.7733498252928257 3.0525081977248192 3.1086680665612212 3.2118154391646376 2.5599873624742022 5.5694686025381124 2.8843196704983702 3.1830312237143517 5.2098835296928874 3.2707626447081566 3.7747861370444298 2.9467786401510239 10.325598359107969 7.2958438247442237 3.9086940437555304 6.9159522280096999 7.5530188381671932 44.453999437391765 10.878262788057318 11.449646919965742
leaf_count=20681 36067 27100 75175 25 24 34 26 31 24 27 38 20 17 22 22 40 24 17 52 27 23 23 47 34 20 32 34 202 50 58
internal_value=-0.000263053 0.0263286 0.0576437 -0.0826072 0.0993289 0.011372 0.00883384 -0.0238093 0.0140268 -0.00110026 0.0274041 0.0612846 -0.0261265 -0.00315526 0.027576 0.0104653 0.0585743 -0.0310995 0.0864396 0.0449516 0.0339674 0.0231256 0.00185904 -0.00171505 0.0224648 0.00479064 0.00480498 0.000568143 -0.0242271 0.00874307
internal_weight=3897.83 3092.27 2486.99 569.819 1917.17 68.5008 65.8206 9.03373 56.7869 26.8312 12.5439 7.82586 14.2873 10.0953 29.9557 19.3015 10.6542 8.7525 8.0942 10.549 6.9866 7.27825 107.906 91.9564 15.95 12.0413 81.6308 74.3349 18.4313 55.9036
internal_count=160016 123949 96849 21183 75666 491 457 55 402 171 85 58 86 62 231 133 98 57 76 76 45 49 502 425 77 57 378 344 84 260
is_linear=0
shrinkage=0.1


Tree=31
num_leaves=31
num_cat=0
split_feature=0 12 12 12 12 6 6 3 3 3 1 1 2 3 9 13 13 8 3 9 13 0 13 13 2 9 8 8 10 9
split_gain=954.055 1120.79 1305.64 92.1497 54.6143 1.01119 1.16469 0.984839 3.00799 1.98667 1.88821 1.5744 4.64501 2.70328 2.35236 3.7843 2.3387 3.04612 1.82776 1.82981 1.31378 0.873271 0.829764 1.13352 1.62958 0.935457 5.5529 2.88897 2.567 3.46867
threshold=0.94922371171663422 0.77800197229805812 -1.0010984696466598 -1.0140886165254834 0.76048314901579195 1.4458116438042838 1.2533813661302105 1.1493972036642754 0.97342321711386715 0.75636843322117586 -0.86706470402643965 0.44042869003308155 1.0275929456883108 -0.7819392835237452 -0.78636479242091573 0.24752457012269341 0.45595000663832025 -0.028643367135229997 -0.91895715364721442 -0.13935787269758707 -0.34301416667158141 -0.43571413976115214 1.7412401984846864 0.97701359792738429 -0.20435560051614834 0.73209997508990077 -0.65626210184473954 -0.91612426315889517 -0.21964064334977065 1.1214112376330594
decision_type=2 2 2 2 2 2 2 2 2 2 2 2 2 2 2 2 2 2 2 2 2 2 2 2 2 2 2 2 2 2
left_child=1 2 3 -1 -4 6 7 8 9 11 -9 14 13 -13 16 18 17 -6 -16 -20 -12 -17 23 25 -25 27 -27 -5 -28 -30
right_child=-2 -3 4 22 5 -7 -8 10 -10 -11 20 12 -14 -15 15 21 -18 -19 19 -21 -22 -23 -24 24 -26 26 28 -29 29 -31
leaf_value=-0.1021116786171582 -0.1021116786171582 -0.1021116786171582 0.10233574349054614 -0.00097294795877619705 0.070215497474906671 0.066129584302943037 -0.040598943407392112 0.056148582119128224 0.11522155076044156 -0.066331346694790322 0.010136107429705516 0.022563741154563534 -0.050029508985090954 0.11699294038576143 0.040528313790669915 0.12540067192603918 -0.10381849497561708 -0.069102304314192106 -0.090058392179763358 0.014926522051199416 -0.075412904068681841 0.051811874109983364 -0.040647725451352069 -0.0018836957017798986 0.065029100222323458 -0.10430773535902418 -0.029795686357280644 0.070807386371495973 0.090977369415586512 -0.0025019423811279535
leaf_weight=418.83948153629899 730.44260821864009 548.83951209485531 1676.6579971648753 45.075980827212334 3.0612500421702862 3.1183273568749419 4.6115954257547846 2.6347098648548126 2.9552914872765532 3.0873636640608302 2.93619454652071 5.7429791837930688 4.1572185307741156 6.4214627966284761 4.0728540495038006 2.8582486435770988 3.4363217540085316 3.220377471297974 3.8084736615419361 2.9431066140532636 4.6191419027745706 3.7002271190285674 4.4388964474201194 7.8106398060917854 6.8155470341443998 5.6324726641178122 13.287948153913023 6.4035631045699111 5.9053600728511837 12.108701579272745
leaf_count=20681 36067 27100 75175 213 25 32 27 21 31 20 21 33 27 62 23 23 21 20 21 21 31 32 21 37 32 25 62 31 26 55
internal_value=-0.000260902 0.0261282 0.057129 -0.0809153 0.0987881 0.0105178 0.00781941 0.0115624 0.0173941 0.011178 -0.0167464 0.016689 0.0412253 0.0724118 0.00191179 0.0239404 -0.0374917 -0.00120802 -0.0123784 -0.044294 -0.0421664 0.0838826 0.00168547 0.00350915 0.0292965 -0.000756805 -0.0129006 0.00795584 0.00354723 0.0281424
internal_weight=3549.64 2819.2 2270.36 526.319 1744.04 67.3851 64.2668 59.6552 49.4652 46.5099 10.19 43.4225 16.3217 12.1644 27.1009 17.3829 9.71795 6.28163 10.8244 6.75158 7.55534 6.55848 107.479 103.04 14.6262 88.414 36.9345 51.4795 31.302 18.0141
internal_count=160016 123949 96849 21183 75666 491 459 432 359 328 73 308 122 95 186 120 66 45 65 42 52 55 502 481 69 412 168 244 143 81
is_linear=0
shrinkage=0.1


Tree=32
num_leaves=31
num_cat=0
split_feature=0 12 12 12 12 0 4 8 6 11 2 2 3 0 3 2 10 11 6 2 13 6 8 9 8 9 8 6 1 10
split_gain=860.436 1008.13 1172.28 89.4094 54.2065 0.901775 2.34995 2.27461 2.91901 2.98019 1.71723 2.01988 1.77136 1.54072 2.37071 2.19072 1.48218 2.16675 1.6031 1.54606 1.3093 0.940179 0.831024 0.96701 2.7819 2.38505 3.11523 2.5985 3.32232 1.96178
threshold=0.94922371171663422 0.77800197229805812 -1.0010984696466598 -1.0140886165254834 0.76048314901579195 -0.69538998691323706 0.23819416708298405 -0.216183153001451 -1.3444273824697821 -0.52267070472663746 -0.8098829863834619 0.83808570293428863 -0.89215202442997943 -0.17603829260906725 -0.1383233660265418 0.25685871209569172 -0.49496935667099234 -0.71488748859140039 -0.6709214106105249 -0.40954589609364939 -0.34301416667158141 0.82041324136354488 -0.14841745813215609 1.4293823415957378 -0.45206892485691524 0.73209997508990077 -0.94154328631317752 -0.52659870235496975 0.44042869003308155 -0.98425553830452006
decision_type=2 2 2 2 2 2 2 2 2 2 2 2 2 2 2 2 2 2 2 2 2 2 2 2 2 2 2 2 2 2
left_child=1 2 3 -1 -4 7 16 -6 -9 21 -11 12 -12 -8 15 -15 17 -7 20 -20 -18 -10 23 24 25 26 29 -27 -29 -5
right_child=-2 -3 4 22 5 6 13 8 9 10 11 -13 -14 14 -16 -17 18 -19 19 -21 -22 -23 -24 -25 -26 27 -28 28 -30 -31
leaf_value=-0.10190669555577808 -0.10190669555577808 -0.10190669555577808 0.10210853454854854 0.037029831975424213 -0.082221285551797835 0.020106939184461357 0.091321541978502743 -0.079809659114092116 0.12232703779383379 0.059945808434465619 -0.10558541589978171 0.042202383092876113 -0.0081355508940070594 0.052146323986893353 0.079792137226019189 -0.075762181773435036 0.11564616208899339 -0.076594892625964556 -0.056455802753667607 0.028029192537484489 0.021504937490750942 0.039085960641839473 0.044503054198952154 -0.030408765691380815 0.056556966782380251 0.017549763678404086 0.059586712111437672 -0.10077099238615156 -0.0061285451775200533 -0.011754681473077833
leaf_weight=379.70512673445046 662.19354992173612 497.55857717245817 1520.3068089671433 10.238848939537993 3.3010712228715446 4.3425553180277348 5.6463804282248029 3.3498240038752618 2.9457372911274513 3.3400005772709926 3.3075217306613975 3.3920974433422089 4.2776668742298831 2.4201530180871478 4.4649322107434246 2.9974614158272743 2.4215709902346134 4.9676919169723988 3.7814250849187347 5.0704897195100829 3.7887491807341549 2.5155821703374386 4.3190073296427718 9.649012587964533 8.7390784174203855 7.4153773486614254 9.6443476751446777 7.6584588140249235 7.1926058232784271 42.287528067827225
leaf_count=20681 36067 27100 75175 49 21 31 44 19 29 24 15 21 32 24 44 23 24 30 28 37 26 19 24 44 40 34 47 34 32 198
internal_value=-0.00025775 0.0259228 0.056597 -0.0791423 0.0982477 0.00975765 0.0192471 -0.00456887 0.00651429 0.0211346 -0.00283948 -0.0219428 -0.0506286 0.04965 0.0258409 -0.018623 -0.000124065 -0.0314905 0.0192641 -0.00806172 0.0582131 0.0839847 0.00153157 -0.000273376 0.00284734 -0.0027115 0.00734657 -0.0307949 -0.0549342 -0.00224523
internal_weight=3233.24 2571.05 2073.49 486.849 1586.64 66.3309 39.9014 26.4295 23.1284 19.7786 14.3173 10.9773 7.58519 15.5289 9.88255 5.41761 24.3725 9.31025 15.0622 8.85191 6.21032 5.46132 107.144 102.825 93.1762 84.4372 62.1707 22.2664 14.8511 52.5264
internal_count=160016 123949 96849 21183 75666 491 311 180 159 140 92 68 47 135 91 47 176 61 115 65 50 48 502 478 434 394 294 100 66 247
is_linear=0
shrinkage=0.1


Tree=33
num_leaves=31
num_cat=0
split_feature=0 12 12 12 12 4 4 9 13 0 11 0 2 8 3 10 1 2 4 7 4 3 2 2 11 3 10 4 3 13
split_gain=776.081 906.691 1052.39 86.6359 53.798 0.847211 1.70247 1.62064 2.50316 1.49902 1.4077 2.0028 1.25751 1.25226 2.58735 1.30238 1.9464 2.33061 1.21088 1.78495 0.93283 0.747427 3.6412 2.08188 4.40024 3.6692 3.66659 3.1702 4.10723 2.57205
threshold=0.94922371171663422 0.77800197229805812 -1.0010984696466598 -1.0140886165254834 0.76048314901579195 -0.33937819130413455 -0.80143607801382943 0.014656119460425913 -1.0000000180025095e-35 -0.8685072183479603 -0.52267070472663746 -0.43571413976115214 0.66226473401069874 0.01346937642773317 -0.49451916056579925 -1.1588894949106041 -0.43123357267326595 0.096179191304438513 0.81576652547010275 1.0000000180025095e-35 -1.1479794930461005 1.2700241483962793 0.20274694586505576 0.73061691897489178 -0.71488748859140039 0.86599025107984462 -0.39662400072924836 0.93128099714752655 -0.34502613023624434 0.14331185186487708
decision_type=2 2 2 2 2 2 2 2 2 2 2 2 2 2 2 2 2 2 2 2 2 2 2 2 2 2 2 2 2 2
left_child=1 2 3 -1 -4 6 10 13 -9 -8 11 12 -6 14 -7 -15 17 -17 19 -18 -13 23 -23 25 -25 27 -26 -5 -29 -28
right_child=-2 -3 4 21 5 7 9 8 -10 -11 -12 20 -14 15 -16 16 18 -19 -20 -21 -22 22 -24 24 26 -27 29 28 -30 -31
leaf_value=-0.10172195959059611 -0.10172195959059611 -0.10172195959059611 0.10190387028279124 0.0176654952675326 0.12298763659012223 -0.022617491197069677 -0.096879693036560965 -0.014035772214772889 0.093146542115973327 -0.0092882390593028961 -0.037715755781910873 -0.023646320972124921 0.022612715263343099 -0.057853368257911535 0.095710289054124431 -0.0070178042721405921 -0.092979700189734088 0.12595459140824644 0.023057271435720061 0.0090798737229566811 0.039015551876713156 -0.058654414100568875 0.041503090477303328 -0.093343135560799442 -0.0535555029540047 0.071062041536247927 0.0021730280750292719 0.021135701182324676 -0.090635167556036622 0.096022553849674161
leaf_weight=344.16358254104853 600.21023797243834 450.98559483885765 1378.2526669092476 42.732804588973522 2.7807648479938534 3.3898632675409317 3.1159621700644493 3.4017792530357838 6.0614212453365308 5.2386336214840394 4.4036944136023548 6.1243888176977652 2.2645670026540756 3.9153983183205154 4.0625215694308308 2.7636168003082338 3.5366821773350186 2.5200006887316704 4.5371223427355289 3.3244433552026749 3.8813379593193496 9.2025799527764303 5.9939414858818045 6.1153947710990932 7.1507412269711557 9.6972544789314252 8.0988191068172402 6.1732074543833733 7.0336198359727842 4.5669211968779555
leaf_count=20681 36067 27100 75175 202 25 24 19 23 55 39 28 42 16 29 40 22 20 19 38 24 28 43 29 28 33 48 37 28 32 22
internal_value=-0.000255096 0.0257103 0.0560454 -0.0773086 0.0977012 0.00902697 -0.00419998 0.0188325 0.0546172 -0.0419567 0.0120141 0.0265643 0.077935 0.00675968 0.0418866 -0.00594974 0.00623256 0.0564029 -0.0170237 -0.0435284 0.000660949 0.00138916 -0.0191494 0.0047977 -0.0191913 0.0142753 0.00369212 0.00443117 -0.0383906 0.0360126
internal_weight=2945.7 2345.49 1894.5 450.929 1443.57 65.3222 27.8093 37.5128 9.4632 8.3546 19.4548 15.0511 5.04533 28.0496 7.45238 20.5973 16.6819 5.28362 11.3982 6.86113 10.0057 106.765 15.1965 91.5688 25.9319 65.6369 19.8165 55.9396 13.2068 12.6657
internal_count=160016 123949 96849 21183 75666 491 197 294 78 58 139 111 41 216 64 152 123 41 82 44 70 502 72 430 120 310 92 262 60 59
is_linear=0
shrinkage=0.1


Tree=34
num_leaves=31
num_cat=0
split_feature=0 12 12 12 12 6 10 8 5 2 10 2 9 10 5 7 2 5 3 1 5 5 10 2 10 2 3 3 13 0
split_gain=700.056 815.354 944.557 83.749 53.4839 0.846937 1.20305 1.50694 1.25734 1.46232 1.50659 3.12676 2.42106 2.38691 2.34859 2.78325 2.05309 1.46136 0.885175 1.62128 0.748391 1.06362 2.85706 1.72648 3.7312 3.12594 2.2907 2.79015 2.78666 2.94848
threshold=0.94922371171663422 0.77800197229805812 -1.0010984696466598 -1.0140886165254834 0.76048314901579195 1.4458116438042838 -1.3513481440443671 0.91425224714770381 -1.5631856288860653 -1.4292863358594909 -0.20661963350450915 0.66226473401069874 -0.040847957665091104 1.2417403564824288 1.0422323008162941 1.0000000180025095e-35 0.93427073020725648 0.17375965758217404 0.78331752025794776 1.0000000180025095e-35 -1.5631856288860653 -1.2157965715924173 0.1496424447889215 -0.14908702780047126 1.3642298325321012 -0.40954589609364939 -0.042010063753663167 -0.81017358645179771 -0.75986503970283492 -0.26259690832642885
decision_type=2 2 2 2 2 2 2 2 2 2 2 2 2 2 2 2 2 2 2 2 2 2 2 2 2 2 2 2 2 2
left_child=1 2 3 -1 -4 6 7 -6 -8 -10 16 12 14 17 15 -12 18 -13 19 -11 -5 22 -22 24 25 -23 27 -25 -28 -30
right_child=-2 -3 4 20 5 -7 8 -9 9 10 11 13 -14 -15 -16 -17 -18 -19 -20 -21 21 23 -24 26 -26 -27 28 -29 29 -31
leaf_value=-0.10155541331693163 -0.10155541331693163 -0.10155541331693163 0.10171941170180498 -0.037380591039369568 0.096240204711993876 0.061554938356309132 -0.053587851566026128 0.00051031370806221561 0.065729675034097795 -0.055550484189207265 -0.0033454737264699101 -0.029633213495972463 0.11551676708667402 -0.096490288770628929 -0.061413266197482302 0.1005125354764527 0.038901485562301205 0.060452314564948442 -0.069951724174150617 0.026364515356702187 -0.012150625036973339 0.012658835999528304 0.085318474643433714 -0.0090262136944610476 -0.069651965822458001 0.093372026170884456 -0.057138397801085442 -0.081614195614190199 0.056352995788070515 -0.01921474501126547
leaf_weight=311.89679731149226 543.93800051417202 408.7037960998714 1249.2409528233111 4.7855141311883918 3.1483049578964701 2.8573698215186587 3.9150963276624671 3.4423268921673298 3.7035939693450919 5.5555941686034185 5.6298943273723108 4.683843329548834 3.5999145153910019 3.3320288993418217 2.6370529718697062 4.7635809369385242 4.4976062551140776 2.9254061654210091 5.5242683142423621 4.2757646627724171 6.8282427191734296 30.043058186769485 5.3744128197431564 13.794857896864416 4.6524779722094527 5.7103886380791655 5.4463143050670615 8.5945775955915398 11.750862613320352 9.2101887762546593
leaf_count=20681 36067 27100 75175 21 28 32 24 23 35 32 38 32 42 19 21 49 33 22 33 28 31 146 26 63 22 28 25 40 56 44
internal_value=-0.000252251 0.0254903 0.0554727 -0.0754402 0.097135 0.00833164 0.0058642 0.0462399 0.00102983 0.0052121 0.000486056 0.0156105 0.0429252 -0.0259072 0.0228705 0.0442552 -0.0205184 0.00500053 -0.0379222 -0.0199248 0.00126383 0.00308753 0.0307777 -0.000700396 0.0145881 0.02555 -0.01336 -0.0368904 0.00659025 0.0231489
internal_weight=2684.46 2140.52 1731.82 418.088 1313.73 64.4916 61.6343 6.59063 55.0436 51.1285 47.425 27.5717 16.6304 10.9413 13.0305 10.3935 19.8532 7.60925 15.3556 9.83136 106.191 101.405 12.2027 89.2027 40.4059 35.7534 48.7968 22.3894 26.4074 20.9611
internal_count=160016 123949 96849 21183 75666 491 459 51 408 384 349 223 150 73 108 87 126 54 93 60 502 481 57 424 196 174 228 103 125 100
is_linear=0
shrinkage=0.1


Tree=35
num_leaves=31
num_cat=0
split_feature=0 12 12 12 12 0 0 9 6 11 3 3 3 2 0 4 0 2 7 6 2 2 2 6 6 6 2 9 6 11
split_gain=631.521 733.094 847.629 80.9279 52.9996 0.754915 2.08412 1.89578 2.27215 2.27272 1.61253 3.34708 2.65732 2.80775 1.93176 1.7774 1.54243 1.37746 1.98062 1.11554 0.749294 2.1271 1.4201 4.73358 2.20779 2.58159 1.72594 2.33108 2.77615 2.61402
threshold=0.94922371171663422 0.77800197229805812 -1.0010984696466598 -1.0140886165254834 0.76048314901579195 -0.69538998691323706 -0.52227275547851371 -1.4054048385133349 -1.3444273824697821 -0.52267070472663746 -0.97419226815285265 -0.26278381503624576 1.2289444607067286 0.92030479273021126 0.17019617026037934 -0.91695054969125322 0.083637554543017689 -0.8098829863834619 -1.0000000180025095e-35 0.86852081078206311 -1.5908244357736796 -1.3892567967782352 -1.1297675645816752 0.43555268601539771 1.590134352059839 1.3495965049672469 -0.14908702780047126 -0.22211863530489998 -1.10388953537719 -0.13823713699711188
decision_type=2 2 2 2 2 2 2 2 2 2 2 2 2 2 2 2 2 2 2 2 2 2 2 2 2 2 2 2 2 2
left_child=1 2 3 -1 -4 7 -7 -6 -9 19 16 14 13 15 -12 -13 -8 -11 -19 -10 -5 -22 23 -23 25 26 27 -24 -29 -30
right_child=-2 -3 4 20 5 6 10 8 9 17 11 12 -14 -15 -16 -17 -18 18 -20 -21 21 22 24 -25 -26 -27 -28 28 29 -31
leaf_value=-0.10140521040161155 -0.10140521040161155 -0.10140521040161155 0.10155312062256426 -0.043626038021749775 -0.076948091201095151 0.087736244154424964 0.0080854261463579012 -0.070651816888963534 0.11950217230658214 0.055595954212650969 -0.097692087994208657 0.026178587561011431 -0.041212286530888986 -0.021664617335937626 -0.0014646804252459174 0.11291468338849803 0.10265389304811084 0.019891917342238091 -0.066531521923058889 0.023843085326436971 0.062208044129013408 -0.11252860618206535 0.079899375940334541 0.033624185603426969 -0.062613739486626283 0.080417784208120194 -0.0074948053439546844 -0.058500229497230896 0.083260166625590132 -0.0042358698158933032
leaf_weight=282.61264427937567 492.86737784557045 370.33038344234228 1132.1166758658364 3.6089402213692656 3.2510644458234337 3.718150306493043 3.7118408679962149 3.3804808706045213 2.7249966654926618 3.1656481176614841 4.6381380744278449 4.2670406177639961 5.0171708241105071 4.4897409640252581 3.7916672639548779 5.2934450879693049 3.2216244414448738 5.8174899034202152 4.8730814829468478 2.2059454657137394 5.6797945573925963 4.3991737738251668 5.8029077351093319 4.4654429405927658 4.8311573565006247 4.5195567756891242 53.215046450495727 4.7769348919391676 5.5530164316296622 8.8666115030646164
leaf_count=20681 36067 27100 75175 17 20 31 23 19 30 24 28 31 37 34 38 62 27 37 32 18 28 21 29 20 23 22 249 22 30 41
internal_value=-0.000248717 0.025262 0.0548758 -0.0734844 0.0965643 0.00771458 0.01661 -0.00563585 0.00482267 0.0184032 0.00892914 -0.00193794 0.0212601 0.0435683 -0.0544097 0.0742026 0.0520265 -0.00234518 -0.0195025 0.0767074 0.00115498 0.00273771 -0.00076514 -0.0389059 0.00309602 0.00693306 0.00268681 0.0243599 0.00757091 0.029459
internal_weight=2447.21 1954.35 1584.02 388.331 1195.68 63.5675 38.1488 25.4187 22.1676 18.7872 34.4307 27.4972 19.0674 14.0502 8.42981 9.56049 6.93347 13.8562 10.6906 4.93094 105.719 102.11 96.4298 8.86462 87.5652 82.7341 78.2145 24.9995 19.1966 14.4196
internal_count=160016 123949 96849 21183 75666 491 311 180 160 141 280 230 164 127 66 93 50 93 69 48 502 485 457 41 416 393 371 122 93 71
is_linear=0
shrinkage=0.1


Tree=36
num_leaves=31
num_cat=0
split_feature=0 12 12 12 12 10 9 3 13 0 9 13 13 3 11 1 4 11 6 7 1 3 5 8 5 4 9 8 11 2
split_gain=569.714 658.966 760.44 78.1462 52.4803 0.952102 0.828829 3.19833 1.37532 1.21992 1.76468 2.30473 3.55454 1.48837 2.35026 2.43121 3.14026 1.66765 1.55739 1.39754 1.21545 0.98967 0.961477 0.766046 0.919366 1.66793 1.67204 2.1826 1.99484 1.76053
threshold=0.94922371171663422 0.77800197229805812 -1.0010984696466598 -1.0140886165254834 0.76048314901579195 -1.5652883895741709 -0.026919765966474583 -0.042010063753663167 0.24752457012269341 0.083637554543017689 -0.25016036207985193 1.0000000180025095e-35 0.56016272489613073 0.21410773260456423 0.053979646867650943 -0.86706470402643965 -0.68592160633640564 0.53452160652955816 -1.0557819659586718 1.0000000180025095e-35 0.87625982138625536 1.1621727295781341 -0.34732392835829778 -0.14841745813215609 1.3896213581099419 1.5088533555346453 1.4569258356130785 -0.45206892485691524 1.3033887419886097 0.41971458518705479
decision_type=2 2 2 2 2 2 2 2 2 2 2 2 2 2 2 2 2 2 2 2 2 2 2 2 2 2 2 2 2 2
left_child=1 2 3 -1 -4 -6 9 8 -8 13 11 -11 -13 14 15 -7 -17 -16 -15 -19 22 -20 -9 24 25 26 27 28 -5 -29
right_child=-2 -3 4 23 5 6 7 20 -10 10 -12 12 -14 18 17 16 -18 19 21 -21 -22 -23 -24 -25 -26 -27 -28 29 -30 -31
leaf_value=-0.10126969636151968 -0.10126969636151968 -0.10126969636151968 0.10140313787514717 0.0028678002620800237 0.064672812026423582 -0.12329806803954779 0.032065863930599306 -0.034402794512009782 0.11820944140226163 0.089874567083582699 -0.051032115658542571 -0.091296745997770962 0.078116833489683207 -0.04779297536777994 0.067901598732007337 0.036136719519093717 -0.091258338939201558 -0.058785641505334954 0.079960705373471913 0.029642491427475954 -0.076138297875992952 0.0081379037263390065 0.053701843993108317 0.042596754900801892 -0.028978543190693845 0.062744441538707368 -0.053789650545609115 0.095225628459885969 -0.052742510483575991 0.0061841891388854835
leaf_weight=256.04326513782144 446.5312336795032 335.51436029374599 1025.8195716654882 64.812454916536808 2.7516509331762782 3.8423083573579726 4.0764078423380852 2.5667287819087505 3.3984707221388817 5.1174019612371904 2.5018177032470694 2.4543716013431549 2.4999490566551685 2.6279306299984455 3.1553579084575158 3.9669857844710288 3.7772832699120187 3.9954857379198074 3.5675660539418441 3.2337569333612919 2.614889245480299 4.1505336798727512 2.3938158452510816 4.260075479745864 10.317879118025301 4.3773058950901023 5.5177592337131491 4.358892157673834 7.1635247915983191 4.5264218002557755
leaf_count=20681 36067 27100 75175 308 23 20 29 17 36 51 20 18 32 20 23 30 20 23 33 23 17 33 23 24 50 20 26 21 33 20
internal_value=-0.000244445 0.0250221 0.0542468 -0.0714432 0.095975 0.00715547 0.00451508 0.0248235 0.0712312 -0.00229362 0.0241351 0.0428066 -0.00581069 -0.0125761 -0.0273026 -0.058266 -0.0260005 0.0072447 0.0186975 -0.0192303 -0.0209682 0.0413368 0.00811396 0.00105795 -0.000692822 0.00252292 -0.000528843 0.00310553 -0.00266691 0.0498655
internal_weight=2231.94 1785.4 1449.89 361.378 1088.51 62.6927 59.9411 15.0503 7.47488 44.8907 12.5735 10.0717 4.95432 32.3172 21.9712 11.5866 7.74427 10.3846 10.346 7.22924 7.57543 7.7181 4.96054 105.334 101.074 90.7564 86.3791 80.8613 71.976 8.88531
internal_count=160016 123949 96849 21183 75666 491 468 122 65 346 121 101 50 225 139 70 50 69 86 46 57 66 40 502 478 428 408 382 341 41
is_linear=0
shrinkage=0.1


Tree=37
num_leaves=31
num_cat=0
split_feature=0 12 12 12 12 3 3 6 0 2 2 3 3 8 4 4 0 5 0 7 10 10 8 3 4 3 10 11 10 2
split_gain=513.956 592.174 682.127 75.3892 51.8001 0.831084 1.31333 0.775591 2.29692 1.61161 1.24503 2.50503 3.06965 2.19904 2.10634 6.68815 2.25786 3.31184 2.06135 1.78898 2.56436 2.14534 2.73532 1.48962 1.45233 1.11455 1.45744 0.741019 2.05708 2.04563
threshold=0.94922371171663422 0.77800197229805812 -1.0010984696466598 -1.0140886165254834 0.76048314901579195 -1.5719998362511427 -1.3206411503366957 -1.3444273824697821 0.17019617026037934 -1.5908244357736796 -0.27273498558894366 -0.042010063753663167 -1.2799595651868871 -0.81902932131549833 -0.57040713465898196 -0.91695054969125322 -0.26259690832642885 -0.17362939971147384 0.34331340169510266 1.0000000180025095e-35 0.77557512564448772 -0.87534677065932576 -1.2135957878260575 0.24152360640880285 0.46922311043783155 -0.46786511929210833 0.2591231969045007 0.72673839039432109 -0.31449240659596422 1.3513989753214828
decision_type=2 2 2 2 2 2 2 2 2 2 2 2 2 2 2 2 2 2 2 2 2 2 2 2 2 2 2 2 2 2
left_child=1 2 3 -1 -4 -6 -7 8 -5 -9 19 12 13 -12 15 -13 17 -16 -18 20 24 -21 -23 -24 -11 26 -14 29 -29 -8
right_child=-2 -3 4 7 5 6 27 9 -10 10 11 14 25 -15 16 -17 18 -19 -20 21 -22 22 23 -25 -26 -27 -28 28 -30 -31
leaf_value=-0.10114741141327871 -0.10114741141327871 -0.10114741141327871 0.10126783635246664 -0.0069520290605995022 0.066729698764186718 -0.037260884482639332 -0.005009249711762415 -0.072850445201340444 0.085041499964308903 0.048834492591209006 0.067612146019320404 0.04128696596974453 -0.11380901089264031 -0.028572310950181957 -0.0010093646989218954 -0.11476290184508962 -0.054161789679978228 0.11537829941537321 0.038370254099682449 -0.027556259022806059 -0.065287379067457282 -0.00064347839894407272 0.13651902726518675 0.05163935544464892 -0.024073113448364394 -0.021837705829637663 -0.03846717064788481 0.073777907344935154 -0.0051696329202162916 0.069251201114362657
leaf_weight=231.94337509945035 404.5017992220819 303.9343100041151 929.37696108128875 7.8389935791492444 2.2191995307803145 6.7121645472943774 35.260950291529298 3.1138387843966475 4.1515523567795753 6.6716290488839167 4.0885045677423477 6.5507909432053566 5.5347008407115919 5.6780561879277247 4.3984247893095008 4.7293237894773466 4.4597175717353874 5.5045982897281673 5.231801301240921 3.8692572712898281 5.3082976788282386 5.0976325869560251 3.9833129942417109 4.2991454750299454 4.6272381991147995 5.1320511549711183 4.7892737090587616 5.9598668664693832 7.3964936546981317 4.1455927938222876
leaf_count=20681 36067 27100 75175 36 16 39 294 15 21 34 20 33 25 26 21 21 21 27 24 19 25 25 20 21 22 24 22 43 64 35
internal_value=-0.00024061 0.0247697 0.0535863 -0.0693155 0.0953775 0.00664423 0.00440226 0.000961762 0.0248994 -0.00212229 0.000326035 -0.00881365 -0.0321935 0.0116927 0.0102862 -0.0241388 0.0301038 0.0636848 -0.00420994 0.0154697 -0.00795748 0.0380247 0.0569894 0.0924608 0.0189766 -0.0599249 -0.0788581 0.00970238 0.0300583 0.002803
internal_weight=2036.51 1632.01 1328.07 337.002 991.071 61.6943 59.4751 105.058 11.9905 93.0676 89.9538 56.0972 25.2226 9.76656 30.8747 11.2801 19.5945 9.90302 9.69152 33.8565 16.6072 17.2493 13.3801 8.28246 11.2989 15.456 10.324 52.7629 13.3564 39.4065
internal_count=160016 123949 96849 21183 75666 491 475 502 57 445 430 264 117 46 147 54 93 48 45 166 81 85 66 41 56 71 47 436 107 329
is_linear=0
shrinkage=0.1


Tree=38
num_leaves=31
num_cat=0
split_feature=0 12 12 12 12 3 2 5 5 2 6 8 10 5 8 8 4 3 1 8 5 6 0 6 6 13 8 13 9 1
split_gain=463.636 531.976 611.368 72.3444 51.7279 0.746767 3.13628 1.38076 2.30789 1.70994 2.79004 1.65549 2.09921 3.03576 3.54416 3.35426 2.68854 3.82089 2.42184 2.02027 1.56908 1.50061 1.35134 0.722663 1.08002 0.807083 2.62314 3.15994 2.26501 2.16381
threshold=0.94922371171663422 0.77800197229805812 -1.0010984696466598 -1.0140886165254834 0.76048314901579195 1.2700241483962793 0.20274694586505576 -1.2157965715924173 -0.52101845700512162 0.36354692032126817 -0.38227599409941465 -0.27210723949329085 1.0479293696524496 1.3896213581099419 -1.1034737069058245 -0.53319071976018773 -0.10834924794928717 -0.481342064731971 1.0000000180025095e-35 -1.3229020236365214 -1.3894911002392414 0.14690726950428742 -0.34915552404379052 1.4458116438042838 1.2533813661302105 0.28226214287529888 -0.16225507701033551 -0.06511358465074972 -0.54304982349090736 -0.86706470402643965
decision_type=2 2 2 2 2 2 2 2 2 2 2 2 2 2 2 2 2 2 2 2 2 2 2 2 2 2 2 2 2 2
left_child=1 2 3 -1 -4 7 22 20 9 10 -9 12 13 14 19 16 -16 -18 -14 -10 21 -5 -7 24 25 26 -6 -28 29 -27
right_child=-2 -3 4 5 23 6 -8 8 11 -11 -12 -13 18 -15 15 -17 17 -19 -20 -21 -22 -23 -24 -25 -26 28 27 -29 -30 -31
leaf_value=-0.10103703430704508 -0.10103703430704508 -0.10103703430704508 0.10114572677608898 0.04904406241392481 0.074735448003919416 -0.015582617286169357 0.037278045870653011 0.056778945860199784 0.037858628899118431 -0.064328251633252079 -0.045021028782276859 0.055406495567577832 -0.080845627956400157 -0.049556617349918439 -0.072754747807729697 0.079690901535723474 0.080193276696157278 -0.047547293445177906 0.014043692307886373 0.12235500663420239 0.081594057205787981 -0.03151610928620683 -0.093327862595131331 0.057259277086651773 -0.044947937984711035 -0.091624651929965731 0.0058671653653126748 -0.070056297676439755 0.063143206828287016 0.018324320669806528
leaf_weight=210.08864499907941 366.38785161171108 275.2962757833302 841.89856930170208 4.7484629303216916 4.0487555526196948 4.200099140405654 5.819064572453498 4.4469166323542595 7.6922564879059792 8.4646630734205228 6.8230472654104251 6.8662042468786302 5.6874276548624021 6.280922219157218 6.1142555475234941 4.1904934570193353 4.414296209812159 4.986842498183254 5.1031895279884338 4.4762877970933861 4.5392078384757033 4.506710410118103 4.7802576050162306 2.636279333382844 4.2279785647988311 2.341067174449563 25.167132589966055 7.0083999745547798 8.3235651198774558 7.6031461320817488
leaf_count=20681 36067 27100 75175 22 40 20 29 22 39 37 33 36 26 32 30 20 21 24 23 22 22 21 23 32 27 18 182 45 86 61
internal_value=-0.000237891 0.0245022 0.0528891 -0.0672548 0.0946854 0.000895887 -0.01991 0.00434239 -0.000969832 -0.0303632 -0.00485267 0.00942337 0.00297279 0.013986 0.0265073 0.000303924 -0.0211374 0.0124332 -0.0359698 0.0689412 0.0334355 0.00981612 -0.0569665 0.00603972 0.00374018 0.00751783 -0.00112458 -0.0106703 0.0246554 -0.00755987
internal_weight=1859.17 1492.78 1217.48 314.229 903.255 104.141 14.7994 89.3412 75.5468 19.7346 11.27 55.8122 48.946 38.1554 31.8744 19.7059 15.5154 9.40114 10.7906 12.1685 13.7944 9.25517 8.98036 61.3563 58.72 54.4921 36.2243 32.1755 18.2678 9.94421
internal_count=160016 123949 96849 21183 75666 502 72 430 365 92 55 273 237 188 156 95 75 45 49 61 65 43 43 491 459 432 267 227 165 79
is_linear=0
shrinkage=0.1


Tree=39
num_leaves=31
num_cat=0
split_feature=0 12 12 12 12 4 4 13 6 6 10 13 9 6 6 0 0 11 1 1 8 10 10 5 4 9 8 4 4 11
split_gain=418.238 477.75 547.823 69.3655 51.42 0.726202 1.40905 1.27354 1.4482 1.71815 2.41002 2.95996 2.03115 1.48934 1.47129 1.36067 1.17919 1.1332 1.43645 1.54998 1.60871 0.651991 1.21378 0.92804 1.02928 2.99774 1.86675 1.68249 2.36533 2.7732
threshold=0.94922371171663422 0.77800197229805812 -1.0010984696466598 -1.0140886165254834 0.76048314901579195 -0.33937819130413455 -0.80143607801382943 -0.69038989419762997 1.3495965049672469 -1.4406425213068188 1.2691585761521822 0.24752457012269341 -0.52950834563063198 -0.23795328584385958 0.53176782485243457 -0.69538998691323706 -0.8685072183479603 -0.61877909665901887 -0.86706470402643965 1.0000000180025095e-35 0.75342585327082567 -1.5113819949079257 -1.3640569083095226 -1.5631856288860653 -1.1479794930461005 0.82370732083949605 -1.1303777410926246 -0.57040713465898196 -0.80143607801382943 -0.81099588052378169
decision_type=2 2 2 2 2 2 2 2 2 2 2 2 2 2 2 2 2 2 2 2 2 2 2 2 2 2 2 2 2 2
left_child=1 2 3 -1 -4 6 17 -7 9 -9 11 13 15 -11 -14 -13 -8 18 -6 -20 -21 -5 -23 -24 25 26 -25 28 29 -26
right_child=-2 -3 4 21 5 7 16 8 -10 10 -12 12 14 -15 -16 -17 -18 -19 19 20 -22 22 23 24 27 -27 -28 -29 -30 -31
leaf_value=-0.10093737223391326 -0.10093737223391326 -0.10093737223391326 0.10103550654409069 0.031532337476489154 -0.036336617354544153 0.066774274848832846 -0.091003646278235539 0.072947890986623992 0.080512631109352584 -0.01653590020287541 0.071590081168824607 -0.064836529407296895 0.11058374098562883 -0.094256891087443839 -0.0042249547450086203 0.024051304034014755 -0.011891979575113771 -0.030776808796025065 0.096279133126259464 0.056361083936567448 -0.044249321078591024 -0.046812787740392423 -0.042894154143999358 0.028608874001958537 -0.052096252164161597 -0.026913515372504332 0.13065096306102944 0.0072414149662197655 -0.081854160713009605 0.050606402456403687
leaf_weight=190.27421822119504 331.83212748821825 249.33181731030345 762.57008472457528 6.4841284826397887 3.0142629519105002 4.1832313723862162 3.0448511950671673 2.9934766292572084 2.5208617113530627 4.4653299897909164 3.3559197038412085 3.3886081203818392 2.8532625027000815 5.5054859071970039 1.8334967792034147 3.5018033795058727 4.9422447755932799 5.2783381044864663 3.4814765192568284 3.7394690625369549 2.7638804279267788 5.5075287818908683 4.4729134291410437 4.2632981836795807 5.3211470991373071 5.3394701033830643 3.0937399268150312 58.081607602536685 5.589247927069656 5.196991130709649
leaf_count=20681 36067 27100 75175 32 22 32 19 23 30 32 36 21 41 32 11 36 39 37 27 34 19 26 20 24 26 26 20 279 25 24
internal_value=-0.000234315 0.0242217 0.0521576 -0.0651161 0.0939756 0.00552441 -0.00701288 0.0150409 0.00792638 0.00136735 -0.00723671 -0.0195133 0.0148823 -0.0594503 0.0656697 -0.0196625 -0.042051 0.00829853 0.0241652 0.0424298 0.0136023 0.00083327 -0.0012217 0.00152675 0.00381356 0.0301236 0.071519 -0.000689064 -0.0292856 -0.00135108
internal_weight=1698.22 1366.39 1117.06 293.624 823.436 60.866 26.2645 34.6015 30.4182 27.8974 24.9039 21.548 11.5772 9.97082 4.68676 6.89041 7.9871 18.2774 12.9991 9.98483 6.50335 103.35 96.8659 91.3584 86.8855 12.6965 7.35704 74.189 16.1074 10.5181
internal_count=160016 123949 96849 21183 75666 491 197 294 262 232 209 173 109 64 52 57 58 139 102 80 53 502 470 444 424 70 44 354 75 50
is_linear=0
shrinkage=0.1


Tree=40
num_leaves=31
num_cat=0
split_feature=0 12 12 12 12 10 11 11 6 3 3 0 5 5 9 3 6 10 11 5 3 2 0 6 8 2 0 6 11 3
split_gain=377.277 428.903 490.892 66.545 50.6837 0.745547 0.714364 2.35087 1.58489 1.8445 2.38388 1.87524 2.08312 2.93105 1.84501 1.7314 1.25754 1.73101 1.22961 2.36089 0.63874 2.71679 3.41479 1.30458 1.90668 1.77086 2.27349 2.51872 1.9125 2.90398
threshold=0.94922371171663422 0.77800197229805812 -1.0010984696466598 -1.0140886165254834 0.76048314901579195 -1.5652883895741709 -1.1954294482533074 -1.38764623211807 -1.4406425213068188 1.4709037304475834 1.1621727295781341 0.17019617026037934 -0.86840751429876961 -1.0000000180025095e-35 -0.36314803144900593 0.21410773260456423 -0.23795328584385958 -0.23321066936385054 0.053979646867650943 -0.69471298565194561 1.2700241483962793 -0.68794189927162985 -0.26259690832642885 -1.1519971047957085 -1.6045129131647478 0.096179191304438513 -0.60883137119587538 0.14690726950428742 -0.90710427245616321 -0.46786511929210833
decision_type=2 2 2 2 2 2 2 2 2 2 2 2 2 2 2 2 2 2 2 2 2 2 2 2 2 2 2 2 2 2
left_child=1 2 3 -1 -4 -6 7 -7 -8 10 11 14 -13 -14 15 18 -16 -18 -10 -20 23 -22 -23 -5 -25 26 27 -26 -27 -30
right_child=-2 -3 4 20 5 6 8 -9 9 -11 -12 12 13 -15 16 -17 17 -19 19 -21 21 22 -24 24 25 28 -28 -29 29 -31
leaf_value=-0.10084737227854493 -0.10084737227854493 -0.10084737227854493 0.10093599599135461 0.03047437670434951 0.058020594678425255 0.020968361612402571 0.065736832960540711 -0.079766049722405488 -0.076967207897574969 0.076475471863881234 -0.075050424510864425 0.12071899281240306 -0.055187108549293255 0.082224508737804416 0.06842812780258456 0.039616367508418272 -0.052609012620549706 0.044370388865640271 -0.067343103809960128 0.049192162331585437 -0.085935040826589648 0.066345322906816065 -0.048650137437243272 -0.068207626224486576 0.032219933571735103 -0.070537240150735467 0.040576135519018564 -0.046906360273067244 -0.043644969351404578 0.022114211614254142
leaf_weight=172.3130542812869 300.50843425188214 225.79584019258618 690.64762799534947 15.343644246459005 2.5523642115294924 5.3884690254926682 4.2899545803666106 4.0639946982264501 6.3300498053431493 3.0937992893159381 4.190735511481761 2.5633502639830112 3.1023912020027637 3.1068113781511766 3.9436021614819765 2.9542494397610417 3.4933893568813801 3.8899888284504467 3.966913234442468 3.0946139786392495 4.2488217428326598 5.1838700324296942 5.1453812494873992 4.0589939504861823 7.5309560000896445 5.1204733178019515 19.657843932509426 8.636136054992674 11.159654356539251 16.863487839698792
leaf_count=20681 36067 27100 75175 74 23 40 37 25 38 30 31 27 26 46 35 29 21 34 24 25 20 27 25 20 38 26 96 43 52 81
internal_value=-0.000228802 0.0239271 0.0513885 -0.0628427 0.0932757 0.00513581 0.00278718 -0.0223414 0.00773362 0.00204343 -0.0036234 0.00458977 0.0448774 0.0135676 -0.0081818 -0.0296763 0.0228366 -0.00151468 -0.0449626 -0.0162732 0.000768198 -0.0186253 0.00906184 0.00396743 -0.00160189 0.00231805 0.0177306 -0.0100477 -0.0143413 -0.00407306
internal_weight=1552.24 1251.73 1025.93 275.262 750.672 60.0247 57.4723 9.45246 48.0198 43.7299 40.6361 36.4454 8.77255 6.2092 27.6728 16.3458 11.327 7.38338 13.3916 7.06153 102.949 14.5781 10.3293 88.3712 73.0275 68.9686 35.8249 16.1671 33.1436 28.0231
internal_count=160016 123949 96849 21183 75666 491 468 65 403 366 336 305 99 72 206 116 90 55 87 49 502 72 52 430 356 336 177 81 159 133
is_linear=0
shrinkage=0.1


Tree=41
num_leaves=31
num_cat=0
split_feature=0 12 12 12 12 3 6 3 1 4 10 6 6 10 11 6 13 13 9 8 3 3 2 2 6 10 6 5 10 6
split_gain=340.315 384.942 439.832 63.6442 49.8308 0.687423 1.90525 1.34036 1.19186 3.24061 1.75019 1.53658 3.40938 2.70114 2.65261 2.15735 3.63406 2.42757 3.06371 2.28135 1.65701 1.44372 1.25779 0.925573 0.610999 2.16021 0.847371 1.00037 2.9213 2.338
threshold=0.94922371171663422 0.77800197229805812 -1.0010984696466598 -1.0140886165254834 0.76048314901579195 -1.334489711270118 0.48366025543391611 -1.0994140298794624 1.3120909527394293 -0.33937819130413455 -1.5113819949079257 0.72419810252650807 0.96473594961910003 1.0210003679910944 -0.81099588052378169 0.43555268601539771 1.3938644709586379 0.56016272489613073 0.2735504954477323 -1.3496515965836851 0.81096756179564877 0.40169942673977327 -0.21795643218273153 0.096179191304438513 -1.3444273824697821 0.54467602581949581 -1.1519971047957085 0.52114871487582204 -0.94416257880514365 0.57987539427095292
decision_type=2 2 2 2 2 2 2 2 2 2 2 2 2 2 2 2 2 2 2 2 2 2 2 2 2 2 2 2 2 2
left_child=1 2 3 -1 -4 6 23 -7 10 -10 -9 14 -13 20 22 16 17 18 19 -16 -14 -20 -12 -5 25 -6 -26 -28 -29 -30
right_child=-2 -3 4 5 24 7 -8 8 9 -11 11 12 13 -15 15 -17 -18 -19 21 -21 -22 -23 -24 -25 26 -27 27 28 29 -31
leaf_value=-0.10076609001972794 -0.10076609001972794 -0.10076609001972794 0.10084613163067474 0.084832768996344954 0.021271625688587748 -0.045245654291280565 -0.027905937214331961 0.076783441264744248 0.037641288884928459 -0.068804477242207812 -0.009012801037681744 0.093794494203182407 0.0095268599014520887 0.070335032336477296 0.013793939987445198 -0.053899462958905048 -0.072285012940298238 0.080264806202638123 0.081526501818125263 -0.082265203773467549 -0.066629358079592901 0.008037626378497531 -0.087436105628754646 0.018447241359488865 0.062254955767684833 -0.081290615097611943 -0.0033473998146908604 0.11463376325929862 0.057936124653281545 -0.036942600761153646
leaf_weight=156.03467688150704 272.11946671269834 204.46495544165373 625.45236106961966 4.0907251238822919 5.1095753200352174 6.7664730101823798 4.8597688823938361 3.331787332892417 4.6418560519814491 7.4506474807858449 3.3027998879551888 5.3510688617825535 6.6294863075017911 4.1892883926630011 5.5055887326598167 5.505726993083953 4.2323101311922064 6.571443296968936 5.7842929661273939 4.4876053631305854 5.0207751542329788 4.9703312069177628 5.3707078769802958 4.3161876499652863 2.8175360150635234 3.4336742050945759 34.077025502920151 3.0666037667542687 4.5525797475129348 6.0469435881823301
leaf_count=20681 36067 27100 75175 22 39 32 22 17 25 35 19 26 33 20 26 26 22 32 28 21 24 25 26 21 28 23 259 35 61 46
internal_value=-0.000223749 0.0236203 0.0505911 -0.060567 0.0925523 0.000700082 0.0219371 -0.00246161 0.00105402 -0.027944 0.00604537 0.00252356 0.0247837 0.0014698 -0.00779127 0.00386051 0.0139396 0.0272975 0.0105212 -0.029343 -0.0232933 0.0475631 -0.0575732 0.0507498 0.00478488 -0.0199498 0.00896431 0.00581939 0.0286771 0.00380857
internal_weight=1419.55 1147.43 942.97 258.414 684.556 102.379 13.2667 89.1122 82.3457 12.0925 70.2532 66.9214 21.1906 15.8395 45.7308 37.0573 31.5516 27.3193 20.7478 9.99319 11.6503 10.7546 8.67351 8.40691 59.1039 8.54325 50.5607 47.7432 13.6661 10.5995
internal_count=160016 123949 96849 21183 75666 502 65 437 405 60 345 328 103 77 225 180 154 132 100 47 57 53 45 43 491 62 429 401 142 107
is_linear=0
shrinkage=0.1


Tree=42
num_leaves=31
num_cat=0
split_feature=0 12 12 12 12 8 4 4 10 2 3 1 3 3 3 0 2 13 3 1 4 2 13 5 5 2 2 2 1 13
split_gain=306.939 345.311 393.655 60.6652 49.3798 0.666216 0.803185 2.96244 2.25002 2.30271 1.81122 1.65778 2.80089 2.01266 4.21949 4.05356 3.05987 3.05573 2.03575 1.7425 1.41429 1.21111 2.35083 0.527779 0.917202 0.841106 1.68755 1.50217 1.01904 0.997178
threshold=0.94922371171663422 0.77800197229805812 -1.0010984696466598 -1.0140886165254834 0.76048314901579195 -0.14841745813215609 -0.80143607801382943 -0.57040713465898196 -0.53470561861927279 -0.79562568277099743 0.20030433771520484 1.3120909527394293 -0.068864473054101608 -0.60446797241066519 -0.82348793719257529 -0.26259690832642885 -0.92311360145738142 0.45595000663832025 1.0948769580378033 -0.43123357267326595 -1.2634939647235244 -0.68794189927162985 0.14331185186487708 -1.5631856288860653 -1.3894911002392414 -0.83877520196899835 -1.2807078064435402 -1.4292863358594909 1.3120909527394293 -0.82934018520804875
decision_type=2 2 2 2 2 2 2 2 2 2 2 2 2 2 2 2 2 2 2 2 2 2 2 2 2 2 2 2 2 2
left_child=1 2 3 -1 -4 6 8 -8 20 -10 -11 13 -13 14 16 21 -9 -18 19 -17 -5 -15 -23 -6 -25 26 27 -26 29 -27
right_child=-2 -3 4 5 23 -7 7 11 9 10 -12 12 -14 15 -16 18 17 -19 -20 -21 -22 22 -24 24 25 28 -28 -29 -30 -31
leaf_value=-0.10069265317445873 -0.10069265317445873 -0.10069265317445873 0.10076496437925234 0.014929497713619594 -0.028882559797130104 0.040500505941852671 -0.07280608875435661 0.081053969151315311 -0.070235588891782968 0.052196214545187608 -0.023162777475901581 0.020165722920832255 -0.09330060360010492 0.013681570298900875 -0.10405104759613336 -0.032760822905570405 -0.060596619194505631 0.036949296916722107 -0.073643538546395479 0.036810799829353966 0.096800504873785082 0.026659480616817211 0.11527536302898106 0.06360296642029066 0.033029339782852316 -0.02783084057024518 0.078220136260155962 -0.067129947296175232 -0.042629487639602642 0.012696649648142034
leaf_weight=141.28374862018973 246.3943214295432 185.13561179861426 566.36537632439286 4.1572373658418655 4.410211242735385 4.0296295657753936 6.1431295350193968 4.0130137354135575 4.2686461582779929 6.3952209353446925 6.362246185541153 4.0536126792430878 4.6955597326159459 4.7569493278861072 4.5122186988592139 6.4385998621582958 7.4842652976512891 5.6250699311494827 4.0949848443269721 8.165835663676269 4.2846029102802294 5.6875895857810921 6.3202606216073036 2.7274845838546744 4.1686392668634653 7.7878604903817132 4.2249306607991439 2.3367877155542374 5.4674223996698847 27.542411711066965
leaf_count=20681 36067 27100 75175 23 30 24 28 20 21 34 32 19 22 23 20 31 34 28 20 39 22 27 35 26 41 53 46 17 36 242
internal_value=-0.000219016 0.0232924 0.0497432 -0.0583252 0.0917187 0.000655201 -0.000992279 -0.00639179 0.0142707 -0.0066587 0.0146141 -0.000195826 -0.0407301 0.00601519 -0.0180225 0.0206791 0.00464842 -0.0187408 -0.0113325 0.00613903 0.0564826 0.0563849 0.0733019 0.00438538 0.0070896 0.00409823 0.0290106 -0.00294847 -0.00245405 0.00376317
internal_weight=1299.33 1052.94 867.804 242.772 625.031 101.489 97.459 71.9911 25.468 17.0261 12.7575 65.848 8.74917 57.0988 21.6346 35.4642 17.1223 13.1093 18.6994 14.6044 8.44184 16.7648 12.0079 58.6657 54.2555 51.5281 10.7304 6.50543 40.7977 35.3303
internal_count=160016 123949 96849 21183 75666 502 478 346 132 87 66 318 41 277 102 175 82 62 90 70 45 85 62 491 461 435 104 58 331 295
is_linear=0
shrinkage=0.1


Tree=43
num_leaves=31
num_cat=0
split_feature=0 12 12 12 12 4 13 6 2 2 11 5 6 11 11 6 9 6 4 5 9 9 3 3 9 2 4 0 4 3
split_gain=276.815 309.644 352.123 57.6744 48.9205 0.966095 0.975711 0.871913 1.88639 0.990398 1.79613 1.4283 0.91956 2.56835 2.46365 1.70787 2.18278 1.8558 1.88628 1.02617 0.642706 2.02352 1.5246 2.79967 1.14735 1.01713 1.2218 2.60583 2.36338 1.71251
threshold=0.94922371171663422 0.77800197229805812 -1.0010984696466598 -1.0140886165254834 0.76048314901579195 -1.6100373797557954 -1.4546164947549276 -1.3444273824697821 -0.067747112249027033 -0.83877520196899835 -0.61877909665901887 -1.0421020429455934 -1.0000000180025095e-35 -0.52267070472663746 0.63062999846193957 0.91662838020058157 -0.12509436833119911 0.72419810252650807 0.58473758211525528 0.52114871487582204 -0.33459396455702045 -0.054874171721550825 0.49706049978783462 -0.71444909407532975 -0.15270541767827681 -1.3892567967782352 0.46922311043783155 0.25675478597774104 0.1226796954055603 -0.042010063753663167
decision_type=2 2 2 2 2 2 2 2 2 2 2 2 2 2 2 2 2 2 2 2 2 2 2 2 2 2 2 2 2 2
left_child=1 2 3 -1 -4 -6 -7 8 -8 10 -9 -12 13 -11 -15 17 19 18 -14 -17 22 24 23 -5 -22 -23 28 -28 29 -27
right_child=-2 -3 4 20 5 6 7 9 -10 12 11 -13 15 14 -16 16 -18 -19 -20 -21 21 25 -24 -25 -26 26 27 -29 -30 -31
leaf_value=-0.10062630920245104 -0.10062630920245104 -0.10062630920245104 0.100691646715516 0.052812979695064245 0.072461793633285823 -0.041439693545059463 -0.07564745420623159 -0.01542547774516073 0.020708586373140048 0.09702803607232445 0.011648390539318947 0.11585941902213555 0.035737921168583014 -0.03680410901381595 0.069555334874827249 0.02236971330451816 0.095916481072943482 -0.10154458899187985 -0.063143027513176214 -0.055120207676265756 -0.014178569924639667 0.040175776325692594 0.065328985179990584 -0.055800856211666305 -0.081588270421943387 -0.024083514813772071 -0.00053495164645908004 -0.077156600485849505 0.064293457401385354 0.018822807813365802
leaf_weight=127.91881904751062 223.08631335943937 167.62245520949364 512.82276069978252 4.5983675867319098 1.9909555427730072 4.8203518986701956 3.8181024380028248 3.505988672375679 4.3426867984235269 3.535115646198391 2.1313790641725063 3.4345118198543769 4.1138735339045613 6.7000541407614858 3.2266723550856113 4.2365456987172365 2.7594960667192918 3.1618266180157661 3.6328501645475626 2.8643764145672321 5.6209212318062782 6.6993733644485465 4.9217951148748389 4.9043348506093016 4.5841604620218259 16.84286064654588 19.053617037832741 5.7865514010190955 6.6475379616022101 20.778026446700103
leaf_count=20681 36067 27100 75175 24 21 36 25 30 34 39 18 43 35 54 31 33 26 19 27 20 28 34 27 23 22 81 95 29 35 104
internal_value=-0.000214247 0.0229489 0.0488591 -0.0560949 0.0908255 0.00400279 0.00158116 0.00561073 -0.0243725 0.0112613 0.0406383 0.0759533 0.00347582 0.0238339 -0.00223208 -0.00971968 0.020442 -0.0369833 -0.0106326 -0.00888824 0.000620891 -0.00265498 0.0201548 -0.00324251 -0.0444593 0.00297261 -0.000633853 -0.0183841 0.00932626 -0.000386341
internal_weight=1190.16 967.076 799.454 228.356 571.098 58.2748 56.2838 51.4635 8.16079 43.3027 9.07188 5.56589 34.2308 13.4618 9.92673 20.769 9.86042 10.9086 7.74672 7.10092 100.438 86.013 14.4245 9.5027 10.2051 75.808 69.1086 24.8402 44.2684 37.6209
internal_count=160016 123949 96849 21183 75666 491 470 434 59 375 91 61 284 124 85 160 79 81 62 53 502 428 74 47 50 378 344 124 220 185
is_linear=0
shrinkage=0.1


Tree=44
num_leaves=31
num_cat=0
split_feature=0 12 12 12 12 3 3 3 1 13 6 10 10 11 4 13 1 6 2 13 1 1 3 3 2 11 7 11 10 2
split_gain=249.621 277.513 315.056 54.8573 48.0416 0.772093 0.960559 0.559012 1.7246 1.34554 1.57977 1.40878 2.21549 1.26606 2.51107 2.66421 2.47904 2.46396 2.13931 2.10515 2.17293 3.3848 2.94241 1.8589 1.85 1.37126 0.87534 0.535569 1.85321 1.69784
threshold=0.94922371171663422 0.77800197229805812 -1.0010984696466598 -1.0140886165254834 0.76048314901579195 -1.5719998362511427 -1.3206411503366957 -1.334489711270118 -1.0000000180025095e-35 -1.3156662037445088 0.29122997775984261 -1.5652883895741709 -1.2816962529195206 -0.61877909665901887 -0.57040713465898196 -0.82934018520804875 0.44042869003308155 -0.57470627177348821 0.40561084162645172 -0.27353902116637646 -0.43123357267326595 1.3120909527394293 0.12257108343061587 -0.45403060821816921 -0.93662001557806873 0.53452160652955816 -1.0000000180025095e-35 0.72673839039432109 -0.31449240659596422 1.3513989753214828
decision_type=2 2 2 2 2 2 2 2 2 2 2 2 2 2 2 2 2 2 2 2 2 2 2 2 2 2 2 2 2 2
left_child=1 2 3 -1 -4 -6 -7 8 26 10 -9 -11 -13 16 -15 -16 17 -14 19 -17 24 22 -22 -20 -21 -25 -5 29 -29 -8
right_child=-2 -3 4 7 5 6 27 9 -10 11 -12 12 13 14 15 18 -18 -19 23 20 21 -23 -24 25 -26 -27 -28 28 -30 -31
leaf_value=-0.10056634715275158 -0.10056634715275158 -0.10056634715275158 0.10062538978483274 0.025674850112703203 0.064848773169782367 -0.035342938356888842 -0.0069252606240069198 -0.002679820038433763 0.067465219867505991 0.064196923720225715 -0.077868241694314611 -0.057105384379760052 0.064932332346635105 -0.075710115778342094 0.077547564658672102 -0.084584158036873094 0.080785989234658045 -0.036647537602705671 -0.026422732920476446 -0.0033942681965898128 -0.017533655386688399 -0.060278176155165855 0.091798472367447925 0.019949456464291151 -0.099263464847353211 0.096827877679660196 -0.039851714825040914 0.068296492772890349 -0.01020226755275435 0.064067251243471984
leaf_weight=115.81123643694445 201.97107802191749 151.75690283067524 464.31121993809938 3.9611766636371604 1.9959775786846865 6.2628026772290459 33.316498254425824 6.6597210913896543 4.8048328459262839 3.5308350250124922 4.8146361410617828 6.3082043677568427 3.7176504433155069 4.3375220522284428 4.4349356889724652 4.3135547637939409 5.9135438725352278 6.6760988086461959 4.3345840722322455 4.1540044099092484 4.212144151330028 4.2142660468816748 5.9227556586265564 5.4611176028847677 3.9051054865121788 4.0339124500751495 4.2004272341728202 5.3791707027703524 6.8210490979254228 3.7477178778499356
leaf_count=20681 36067 27100 75175 20 16 39 294 33 24 19 23 31 20 20 22 20 34 35 21 21 19 19 31 28 20 21 21 43 64 35
internal_value=-0.000207749 0.0225846 0.0479237 -0.0537281 0.0899457 0.00374214 0.0015456 0.000564235 0.0199336 -0.0023244 -0.0342289 0.00252629 -0.000500544 0.00494008 -0.00304601 0.00396016 0.0290952 -0.000314311 -0.00408778 -0.0206114 -0.00829679 0.0150404 0.0463592 0.0278395 -0.0498484 0.0526108 -0.00804886 0.0062351 0.0244084 0.000253089
internal_weight=1091.28 889.314 737.557 215.722 521.834 57.5232 55.5272 99.911 12.9664 86.9446 11.4744 75.4702 71.9394 65.6312 49.3239 44.9864 16.3073 10.3937 40.5514 26.7218 22.4083 14.3492 10.1349 13.8296 8.05911 9.49503 8.1616 49.2644 12.2002 37.0642
internal_count=160016 123949 96849 21183 75666 491 475 502 65 437 56 381 362 331 242 222 89 55 200 130 110 69 50 70 41 49 41 436 107 329
is_linear=0
shrinkage=0.1


Tree=45
num_leaves=31
num_cat=0
split_feature=0 12 12 12 12 8 9 8 8 0 3 10 10 13 13 11 13 9 5 13 10 4 6 6 8 1 5 13 13 9
split_gain=225.066 248.593 281.448 51.9476 47.5813 0.586981 0.712031 2.45097 2.24612 2.07698 1.83026 2.37689 1.70928 3.51135 2.62004 1.60663 3.82313 1.58669 1.23072 1.66611 1.27274 0.897639 0.557549 0.896268 0.776934 2.0767 3.41 1.21711 2.54234 1.66401
threshold=0.94922371171663422 0.77800197229805812 -1.0010984696466598 -1.0140886165254834 0.76048314901579195 -0.14841745813215609 0.73209997508990077 -0.91612426315889517 -0.67088614866351626 -1.3013002969347685 -0.79607491708198796 -0.94416257880514365 -0.1523013701944376 -1.107240767228882 0.90753845242217923 -0.23434552892949331 0.039099133607066613 1.3228790670807131 0.17375965758217404 -1.0377656217236739 0.69607646177240123 1.0000000180025095e-35 1.4458116438042838 1.2533813661302105 1.0000000180025095e-35 -1.0000000180025095e-35 0.86853777216946992 0.28226214287529888 -0.06511358465074972 -0.54304982349090736
decision_type=2 2 2 2 2 2 2 2 2 2 2 2 2 2 2 2 2 2 2 2 2 2 2 2 2 2 2 2 2 2
left_child=1 2 3 -1 -4 6 7 12 -8 -10 -11 -12 13 -5 21 16 -14 -13 19 -17 -21 -15 23 24 25 26 -6 28 -26 -29
right_child=-2 -3 4 5 22 -7 8 -9 9 10 11 17 15 14 -16 18 -18 -19 -20 20 -22 -23 -24 -25 27 -27 -28 29 -30 -31
leaf_value=-0.10051216896147155 -0.10051216896147155 -0.10051216896147155 0.10056552560571033 -0.053399371756858605 0.052623389775688423 0.038530538679848778 -0.068203744416756654 0.058559834201937833 -0.062242687535850043 0.049061952375386332 -0.066698944631636586 0.042620855698799073 0.0027299142406819843 0.10041964220184579 -0.023519005257070652 0.036507320247830502 -0.11702013095472528 -0.026133511801341165 0.036975384557694384 -0.0012417349697187476 -0.076894878674495903 0.042541649263639389 0.051417884419645399 -0.044194929491597257 0.0029837761494397839 0.078940762867267519 -0.10508588983138001 -0.018695251195195502 -0.069996548760375796 0.056005668392949265
leaf_weight=104.84395362297073 182.84448891831562 137.38557822071016 420.36352779250592 4.8065349757671383 3.3933450691401958 3.9050628617405883 5.9300593733787528 7.6798067167401305 4.7336279600858715 8.1784762889146823 4.9973588287830415 8.0077679678797669 6.3314574807882327 5.2505012080073339 4.0507370829582205 3.9886615276336679 4.6052075251936913 5.7787794023752204 6.2022851705551139 4.2064120173454285 4.7178925275802612 5.4726197570562363 2.3207285776734343 4.0011189877986899 22.237157551571723 4.6570788137614709 2.3004560694098473 5.0967770293354988 6.0780297592282357 7.1867382470518333
leaf_count=20681 36067 27100 75175 23 32 24 29 41 23 40 24 39 33 31 22 20 22 29 30 21 24 27 32 27 165 52 16 42 39 86
internal_value=-0.000202866 0.0221995 0.0469438 -0.0514776 0.0889155 0.000533926 -0.00102898 0.005988 -0.0117173 -0.00114911 0.00957673 -0.00761505 -0.00214665 0.0208439 0.0449983 -0.0171262 -0.0476944 0.0138017 0.000363176 -0.0172222 -0.0412363 0.0708812 0.00340619 0.00137851 0.00495744 0.0294137 -0.0110956 -0.00127782 -0.0126819 0.0250101
internal_weight=1001.55 818.708 681.322 203.687 477.635 98.8432 94.9382 57.3121 37.6261 31.696 26.9624 18.7839 49.6323 19.5804 14.7739 30.0519 10.9367 13.7865 19.1153 12.913 8.9243 10.7231 57.2714 54.9507 50.9496 10.3509 5.6938 40.5987 28.3152 12.2835
internal_count=160016 123949 96849 21183 75666 502 478 294 184 155 132 92 253 103 80 150 55 68 95 65 45 58 491 459 432 100 48 332 204 128
is_linear=0
shrinkage=0.1


Tree=46
num_leaves=31
num_cat=0
split_feature=0 12 12 12 12 4 11 13 2 10 6 6 5 9 5 8 2 8 4 2 0 10 9 10 4 11 10 13 2 2
split_gain=202.897 222.568 251.41 49.1563 46.854 0.544226 1.83204 1.38103 1.9405 1.8428 1.30674 2.38704 1.62273 1.91637 2.50399 2.10367 1.63069 1.63897 1.62556 1.44273 1.12977 2.6213 1.02469 1.0148 0.517317 0.850898 2.55233 1.80491 1.40318 2.47782
threshold=0.94922371171663422 0.77800197229805812 -1.0010984696466598 -1.0140886165254834 0.76048314901579195 -0.91695054969125322 -0.81099588052378169 -1.3851413492497167 0.66226473401069874 -0.38348310985279183 -1.1519971047957085 -0.7671365494475616 0.86853777216946992 0.60953856431472053 0.34745418622899804 -0.61440361878631211 -0.040205149503659561 -1.3229020236365214 0.93128099714752655 0.78483245178965788 0.17019617026037934 0.23156621314455678 1.1617788324453207 0.30125347723440671 1.624367827212069 0.72673839039432109 -0.31449240659596422 -0.06511358465074972 1.3513989753214828 1.0414489348102174
decision_type=2 2 2 2 2 2 2 2 2 2 2 2 2 2 2 2 2 2 2 2 2 2 2 2 2 2 2 2 2 2
left_child=1 2 3 -1 -4 7 -7 23 9 -9 20 -12 13 16 15 -15 17 -13 -14 -18 21 -8 -17 -5 25 28 -27 -28 29 -6
right_child=-2 -3 4 5 24 6 10 8 -10 -11 11 12 18 14 -16 22 19 -19 -20 -21 -22 -23 -24 -25 -26 26 27 -29 -30 -31
leaf_value=-0.10046318882201957 -0.10046318882201957 -0.10046318882201957 0.10051141976407374 -0.055810672403874433 0.00054061175238239074 -0.05842100946448029 0.06423785407462812 0.11171310042459981 -0.025284355516811765 0.023555572256106813 -0.066775690684267155 -0.067579880206199122 0.085486050091540339 -0.063036245927411735 -0.096137120553226679 0.055571910324521384 0.075463626646423476 0.012895548479500875 -0.001850068688023325 0.0049875064292656777 0.074192669120382179 -0.045437903402198429 -0.0086452473888567073 0.016023497857970581 -0.04377446367440125 0.080762183455082057 0.041859096808059201 -0.062143147671016113 0.050269415939434625 -0.085300874109927802
leaf_weight=94.910632379353046 165.52109559625387 124.36913773417473 380.55499041220173 3.8724404424428966 34.195189893245697 5.629257768392562 4.3905502706766111 3.771286815404892 4.0910636484622946 6.3867659345269185 5.7305395901203147 3.778561569750309 4.1947543397545797 5.1757773756980905 4.3626298755407324 3.8884081393480301 5.6920305192470586 7.6631771624088252 4.332069456577301 5.9317103624343872 3.9638546630740157 4.3266808539628983 6.8836597874760628 3.9959311559796333 2.257450381293892 5.2615534774959087 3.2020092513412237 3.4846085570752603 4.6558997407555571 3.7293325066566458
leaf_count=20681 36067 27100 75175 19 299 29 22 25 21 35 29 19 24 25 21 18 28 37 24 29 21 20 35 21 18 44 31 31 43 25
internal_value=-0.000197657 0.0217931 0.045916 -0.0491613 0.0878677 0.00049245 -0.00352789 0.0142969 0.0328656 0.056285 0.00086676 -0.00552783 0.00123449 -0.00660516 -0.0290046 -0.0106401 0.0131188 -0.013681 0.0411148 0.039499 0.0299291 0.00980176 0.0145353 -0.0193299 0.00313501 0.00507704 0.028659 -0.0123398 -0.00154014 -0.00790067
internal_weight=920.203 754.682 630.313 192.972 437.341 98.0611 75.9437 22.1175 14.2491 10.1581 70.3144 57.6333 51.9028 43.376 20.3105 15.9478 23.0655 11.4417 8.52682 11.6237 12.6811 8.71723 10.7721 7.86837 56.786 54.5286 11.9482 6.68662 42.5804 37.9245
internal_count=160016 123949 96849 21183 75666 502 381 121 81 60 352 289 260 212 99 78 113 56 48 57 63 42 53 40 491 473 106 62 367 324
is_linear=0
shrinkage=0.1


Tree=47
num_leaves=31
num_cat=0
split_feature=0 12 12 12 12 5 5 2 0 13 4 4 11 1 1 13 9 6 8 8 10 8 8 9 8 9 8 0 0 10
split_gain=182.882 199.139 224.308 46.436 46.2269 0.556076 0.727194 0.646911 1.41653 1.73858 0.870925 2.58045 1.4894 1.05574 1.17225 1.09059 2.1997 1.489 0.993489 0.864486 0.906839 0.826447 0.516698 0.694288 1.70114 1.49224 2.149 2.03759 1.468 1.33498
threshold=0.94922371171663422 0.77800197229805812 -1.0010984696466598 -1.0140886165254834 0.76048314901579195 -1.5631856288860653 -1.3894911002392414 -0.83877520196899835 -0.26259690832642885 -0.16932630290856013 -0.57040713465898196 -0.80143607801382943 -0.61877909665901887 -1.3028958353796132 -0.86706470402643965 0.24752457012269341 -0.52950834563063198 -0.1898457164253412 0.28953473985909178 0.86058021689458231 1.0000000180025095e-35 0.73979600167426807 -0.17614606671914818 1.4293823415957378 -0.45206892485691524 0.73209997508990077 -0.91612426315889517 -0.60883137119587538 1.0000000180025095e-35 -0.1523013701944376
decision_type=2 2 2 2 2 2 2 2 2 2 2 2 2 2 2 2 2 2 2 2 2 2 2 2 2 2 2 2 2 2
left_child=1 2 3 -1 -4 -6 -7 8 9 -8 11 12 19 -12 -15 17 18 -16 -17 20 -9 -10 23 24 25 26 29 -27 -29 -5
right_child=-2 -3 4 22 5 6 7 10 21 -11 13 -13 -14 14 15 16 -18 -19 -20 -21 -22 -23 -24 -25 -26 27 -28 28 -30 -31
leaf_value=-0.10041892139706077 -0.10041892139706077 -0.10041892139706077 0.10046251797684635 0.018131614963068546 -0.031720446560285186 0.058174498021417713 0.059528265674341697 -0.050124107007695533 0.11207839087755056 -0.047550942218469311 -0.044928034635071085 -0.10530531174862308 -0.063553138529984801 0.085756151205877609 0.028123997989658318 0.032840527161520354 0.096100369237880567 -0.052843933081273047 -0.047726850181687666 0.056442903930269898 0.029024376236505989 0.017841642423428228 0.031237029683997566 -0.030387308687233446 0.045992834636889177 -0.076513350532133914 0.054986651082826958 0.0366942628114156 -0.029633746406736779 -0.015721113168006045
leaf_weight=85.914622602984309 149.83234337903559 112.58093286305666 344.49949065456167 19.17411074787378 4.2943763695657244 2.515114050358533 2.568661043420434 2.5808620601892454 2.2677094172686325 3.7010646462440491 3.1442362219095221 2.9551151469349817 2.9381651245057574 2.2296481877565375 4.1980999819934368 3.4139643106609583 3.4796269023790938 4.9485149327665692 2.7743105106055737 3.610043790191412 3.2966653909534216 1.5783476009964941 5.1676911488175383 7.5150545239448538 7.7468115761876097 5.7933690100908306 7.5208800584077826 5.1262502893805495 9.5590965300798398 29.681376524269584
leaf_count=20681 36067 27100 75175 103 30 26 24 19 30 33 24 17 19 25 33 33 49 35 20 29 28 17 31 37 40 27 41 26 47 150
internal_value=-0.000191132 0.0213616 0.0448301 -0.0468449 0.086713 0.00286948 0.0057151 0.00305955 0.0256273 -0.00368137 -0.00270985 -0.0213146 -0.0013398 0.00912052 0.017196 0.00907114 0.032489 -0.0156814 -0.00327922 0.0179268 -0.00573026 0.0734054 0.000467723 -0.00125841 0.00132906 -0.00317294 0.00522526 -0.0262926 -0.00648046 -0.00243507
internal_weight=846.607 696.774 584.193 183.199 400.994 56.4945 52.2001 49.685 10.1158 6.26973 39.5693 15.3809 12.4257 24.1884 21.0442 18.8145 9.6679 9.14661 6.18827 9.48757 5.87753 3.84606 97.2846 92.1169 84.6019 76.8551 56.3764 20.4787 14.6853 48.8555
internal_count=160016 123949 96849 21183 75666 491 461 435 104 57 331 112 95 219 195 170 102 68 53 76 47 47 502 471 434 394 294 100 73 253
is_linear=0
shrinkage=0.1


Tree=48
num_leaves=31
num_cat=0
split_feature=0 12 12 12 12 9 9 6 6 9 2 6 0 0 11 6 9 5 6 3 6 10 2 13 0 3 10 3 13 3
split_gain=164.822 178.088 200.267 45.1634 43.8526 0.512001 1.49406 1.45873 2.45299 1.10583 0.759706 0.958709 1.58059 2.48911 1.54175 1.87237 1.60894 2.73286 2.22883 2.48105 2.11397 1.11434 0.845932 0.47253 0.626061 2.60098 2.10678 1.77143 1.84874 1.47079
threshold=0.94922371171663422 0.77800197229805812 -1.0010984696466598 0.76048314901579195 -1.0140886165254834 -0.33459396455702045 -0.054874171721550825 -0.81524411886608006 0.38744511659687936 -0.15270541767827681 -1.3892567967782352 -0.7671365494475616 0.25675478597774104 -0.26259690832642885 1.3994971339209912 -0.52659870235496975 0.60953856431472053 0.86853777216946992 0.53176782485243457 0.62024038813737337 0.14690726950428742 -0.20661963350450915 0.2970169431048007 1.6022899074742647 -1.1281830655000451 -1.0146232411277911 -0.44000321258388958 1.1493972036642754 0.073836706359672072 -0.26278381503624576
decision_type=2 2 2 2 2 2 2 2 2 2 2 2 2 2 2 2 2 2 2 2 2 2 2 2 2 2 2 2 2 2
left_child=1 2 4 -4 -1 7 9 -6 -9 -7 -8 12 13 21 15 -13 20 18 -18 -20 -17 -12 -22 24 25 -5 -27 29 -29 -26
right_child=-2 -3 3 23 5 6 10 8 -10 -11 11 14 -14 -15 -16 16 17 -19 19 -21 22 -23 -24 -25 27 26 -28 28 -30 -31
leaf_value=-0.10037889470901531 -0.10037889470901531 -0.10037889470901531 0.10041830445703488 -0.042982553279670856 0.074571166737453939 -0.0088969846269803445 0.035040335604023358 -0.05269144020478464 0.045026253020700846 -0.07612310038294412 -0.049671831233851486 0.076899717282427171 0.022830161866679143 -0.10432651182841722 -0.052907463549444089 0.093422830039560492 -0.071024677590626417 0.050042586834562933 0.034006590937679389 -0.057695990911325545 -0.017668785535086867 0.02145034042837244 0.040914482638955502 0.04570514389334137 -0.01263225694287429 0.1175329270345405 0.0091883588637952218 -0.0075311205991061437 -0.10946809876182834 0.029234597883157507
leaf_weight=77.768187071429566 135.62522136769257 101.90599437337369 311.84626752510667 4.0133246742188931 3.450968772172927 5.4641362875699997 6.4970592781901351 4.8124935328960401 5.5103375613689423 4.4311686083674413 3.9376206547021866 4.0549932718276898 5.9595584720373145 4.0571494027972159 3.9705669358372679 4.0779824256897106 7.3142226785421434 5.9592979699373236 7.6280785053968412 4.8111964166164398 5.6232731714844686 5.0006967708468437 4.3883897364139557 2.4422622080892316 20.4375488422811 3.2289028968662024 4.0408040368929488 4.3209830224513999 3.0244631431996822 14.235489103943111
leaf_count=20681 36067 27100 75175 23 19 28 34 25 30 22 21 22 32 20 20 23 36 34 35 23 29 25 24 34 160 30 38 36 21 149
internal_value=-0.000182941 0.0209112 0.043703 0.0855986 -0.0444417 0.000428512 -0.00252877 0.0182866 -0.000529638 -0.0390012 0.00239625 -0.000779569 -0.0198118 -0.0393668 0.00676321 0.0121654 0.0055704 -0.00931262 -0.0272191 -0.00146164 0.0327311 -0.0098813 0.00800989 0.00269311 0.000722309 0.0216367 0.0573105 -0.00489374 -0.0495033 0.00455675
internal_weight=779.839 644.213 542.307 367.59 174.717 96.9492 83.1754 13.7738 10.3228 9.8953 73.2801 66.783 18.955 12.9955 47.828 43.8574 39.8024 25.7128 19.7535 12.4393 14.0896 8.93832 10.0117 55.7438 53.3015 11.283 7.26971 42.0185 7.34545 34.673
internal_count=160016 123949 96849 75666 21183 502 428 74 55 50 378 344 98 66 246 226 204 128 94 58 76 46 53 491 457 91 68 366 57 309
is_linear=0
shrinkage=0.1


Tree=49
num_leaves=31
num_cat=0
split_feature=0 12 12 12 12 2 2 2 2 6 11 13 3 4 6 3 3 3 4 2 3 4 6 6 5 8 1 5 10 2
split_gain=148.519 159.174 178.525 44.3093 41.2746 0.507273 1.35751 0.854799 1.77182 1.88227 1.92477 1.64368 1.52859 2.61207 1.41821 1.28294 3.50048 2.40165 1.4696 1.7529 1.87284 0.86549 0.463023 0.672661 0.779104 0.713427 2.23901 3.04655 1.25568 2.73485
threshold=0.94922371171663422 0.77800197229805812 -1.0010984696466598 0.76048314901579195 -1.0140886165254834 -1.5908244357736796 -1.4160208979530753 -0.79562568277099743 -0.14908702780047126 -1.10388953537719 -0.13823713699711188 -1.6283043585179489 0.38789176414904541 -1.0000000180025095e-35 -1.0557819659586718 -1.41870358601099 -1.1415425734392521 -0.46786511929210833 -0.57040713465898196 0.40561084162645172 0.83983234468285461 -0.33937819130413455 1.4458116438042838 1.2533813661302105 -1.5631856288860653 1.0000000180025095e-35 -1.0000000180025095e-35 0.86853777216946992 -0.58977901045201919 1.0275929456883108
decision_type=2 2 2 2 2 2 2 2 2 2 2 2 2 2 2 2 2 2 2 2 2 2 2 2 2 2 2 2 2 2
left_child=1 2 4 -4 -1 -6 -7 12 9 -9 -11 -10 13 -8 21 -16 -17 -18 -19 -20 -21 -13 23 24 -5 26 27 -26 -27 -30
right_child=-2 -3 3 22 5 6 7 8 11 10 -12 14 -14 -15 15 16 17 18 19 20 -22 -23 -24 -25 25 28 -28 -29 29 -31
leaf_value=-0.10034270430560806 -0.10034270430560806 -0.10034270430560806 0.10037833985715774 -0.039566880936979021 -0.038097969607524658 0.063765127184661125 -0.057751877740417325 -0.029081072644586869 0.057838530016713588 0.094752720370457011 0.016608400694592039 -0.01056053615929692 -0.055612869436112183 0.040953708725685614 -0.070285604925160491 0.091175475454630645 -0.073302413859677798 -0.046734795934770229 -0.030746293344010318 0.063907894248833308 -0.0179831343254424 0.047950407641595139 0.04767015496884569 -0.039044949618955931 0.059045638087790009 -0.021674697500380383 0.09657042896188904 -0.093887941330662764 0.03912331794409446 -0.037432951129210933
leaf_weight=70.391653972910717 122.76078448048793 92.239921796135604 282.27681813878007 3.8169748261570922 3.3049637898802748 3.4027914777398101 4.3408349603414544 3.7599679306149509 3.9502425938844672 5.684844598174096 7.074408479034898 4.3138851523399353 7.2314154878258696 7.0115873292088517 4.155376970767974 3.0344432890415112 6.9459501132368962 6.8806674182414964 7.4446856305003406 7.0273811072111112 4.6345166563987732 6.1068622916936857 2.1784026250243178 3.954926684498786 2.9978874400258064 14.376392085105175 3.3991038277745229 2.3033864106982946 15.609852737747138 6.6559995152056208
leaf_count=20681 36067 27100 75175 26 17 20 22 20 20 37 36 20 36 36 20 16 34 37 38 35 26 32 32 27 30 111 45 16 160 44
internal_value=-0.000175932 0.0204384 0.0425315 0.0843436 -0.0421402 0.000401486 0.00176965 -0.000584863 0.00441183 0.0331011 0.0514254 -0.00428499 -0.0196784 0.00321157 -0.00914025 -0.0176769 -0.011599 -0.0210686 -0.00710737 0.00716326 0.0313638 0.0237286 0.00248414 0.000630915 0.00382287 0.00747545 0.0332175 -0.00740351 0.00136322 0.0162381
internal_weight=719.267 596.506 504.266 337.57 166.696 96.3048 92.9999 89.5971 71.0132 16.5192 12.7593 54.494 18.5838 11.3524 50.5438 40.123 35.9676 32.9332 25.9873 19.1066 11.6619 10.4207 55.2929 53.1145 49.1596 45.3426 8.70038 5.30127 36.6422 22.2659
internal_count=160016 123949 96849 75666 21183 502 485 465 371 93 73 278 94 58 258 206 186 170 136 99 61 52 491 459 432 406 91 46 315 204
is_linear=0
shrinkage=0.1


Tree=50
num_leaves=31
num_cat=0
split_feature=0 12 12 12 12 10 4 11 11 6 3 3 0 8 0 10 10 2 3 5 8 10 5 3 5 3 2 10 3 10
split_gain=133.816 142.213 159.028 43.3856 38.7575 0.499218 0.741556 0.821645 1.90032 1.3674 1.55001 1.40313 1.37139 2.05233 1.5407 1.50642 1.88752 1.56078 1.55559 1.72137 2.98597 0.752616 0.497749 2.69944 2.0418 1.30034 1.7015 3.36812 1.84126 1.42409
threshold=0.94922371171663422 0.77800197229805812 -1.0010984696466598 0.76048314901579195 -1.0140886165254834 -1.5652883895741709 -1.6100373797557954 -1.1954294482533074 -1.38764623211807 -1.4406425213068188 1.4709037304475834 1.1621727295781341 0.17019617026037934 0.92761250542043572 0.60298924884718763 -0.23321066936385054 -0.69802839176171305 0.46091400439722685 0.12257108343061587 -0.86840751429876961 0.44235506208245545 0.87054858298269977 -1.3894911002392414 -1.0000000180025095e-35 -1.2157965715924173 -0.042010063753663167 -0.093156858665566125 1.2151833100606531 -0.81017358645179771 1.1607871249955972
decision_type=2 2 2 2 2 2 2 2 2 2 2 2 2 2 2 2 2 2 2 2 2 2 2 2 2 2 2 2 2 2
left_child=1 2 4 -4 -1 -5 -7 8 -8 -9 11 12 15 14 -14 16 17 -11 19 -17 -21 -22 23 -6 -24 26 27 -26 -28 -27
right_child=-2 -3 3 5 22 6 7 9 -10 10 -12 -13 13 -15 -16 18 -18 -19 -20 20 21 -23 24 -25 25 29 28 -29 -30 -31
leaf_value=-0.10030999124524323 -0.10030999124524323 -0.10030999124524323 0.10034220761796604 0.048405537398108267 0.029065882173885577 0.064175993680232801 0.015035612262654078 0.059887033647915311 -0.085707355092203188 -0.04547499244261647 0.07206293275943762 -0.063059711115338923 0.11454851275955179 -0.031895544864263208 -0.0077550674914691588 -0.061940452218632473 -0.099106163166663055 0.048213021063527844 0.083619220164704355 -0.044286490402432821 0.11769265601844495 0.032798554814939949 0.065736731036102877 -0.071952976589882589 0.031922872056904909 0.0034734820605932994 -0.010880455754366969 -0.071628127790983862 -0.073659836054947081 0.055076880044356194
leaf_weight=63.712718706578016 111.11293581500649 83.487968519330025 255.50192220252939 2.2520926129072896 5.4392176494002342 1.7581188492476929 3.9760480560362339 3.9013200849294654 3.5389461666345587 4.8430259674787521 2.6248326599597922 4.0424914173781863 3.2949413023889056 2.7629137113690376 1.4984182100743053 3.6430343650281358 3.5729338154196686 2.8098465651273727 2.3867996139451852 3.7088320720940953 2.2792172580957413 1.927347784861922 4.8787968009710303 5.1497403681278211 13.653302572667601 36.178299877792597 12.421049520373346 4.0796485915780059 7.4881853312253943 6.2755400761961928
leaf_count=20681 36067 27100 75175 23 27 20 31 37 22 34 28 31 46 29 22 25 23 22 28 27 25 18 26 25 74 197 60 21 39 33
internal_value=-0.000167388 0.0199508 0.0413315 0.0830224 -0.0398963 0.00230105 0.000325909 -0.00188338 -0.0324061 0.00341453 -0.00217805 -0.00747778 -0.000612276 0.036749 0.0763161 -0.011828 -0.0390943 -0.0110763 0.0101211 -0.00505614 0.0211247 0.0787962 0.00038178 -0.0200627 0.00292943 -0.000896278 -0.0144277 0.00809989 -0.0344928 0.0111015
internal_weight=664.2 553.088 469.6 310.323 159.276 54.8212 52.5691 50.8109 7.51499 43.296 39.3946 36.7698 32.7273 7.55627 4.79336 25.171 11.2258 7.65287 13.9452 11.5584 7.9154 4.20657 95.5638 10.589 84.9748 80.096 37.6422 17.733 19.9092 42.4538
internal_count=160016 123949 96849 75666 21183 491 468 448 53 395 358 330 299 97 68 202 79 56 123 95 70 43 502 52 450 424 194 95 99 230
is_linear=0
shrinkage=0.1


Tree=51
num_leaves=31
num_cat=0
split_feature=0 12 12 12 12 8 1 0 1 0 3 13 0 2 2 5 2 13 6 0 11 4 6 6 5 3 5 10 6 9
split_gain=120.557 127.007 141.798 42.1078 36.3596 0.513642 0.583416 1.88908 0.939409 1.8377 1.98876 3.74366 3.3408 2.70232 1.88879 2.29277 1.93142 2.20852 1.54894 1.49108 0.992965 0.907584 0.505095 1.59973 1.90172 0.663992 1.02713 2.85294 1.58431 1.34494
threshold=0.94922371171663422 0.77800197229805812 -1.0010984696466598 0.76048314901579195 -1.0140886165254834 -0.17614606671914818 1.3120909527394293 -0.69538998691323706 0.87625982138625536 -1.4744175283694918 -0.042010063753663167 -0.75986503970283492 -0.17603829260906725 0.096179191304438513 0.027526681387095329 0.69484324352264604 0.71752497408101157 -0.16932630290856013 0.14690726950428742 -0.60883137119587538 1.0000000180025095e-35 -0.33937819130413455 -1.3444273824697821 -1.4887500907253373 0.86853777216946992 1.5667911818482179 0.52114871487582204 -0.97037160448773896 0.57987539427095292 -0.65102384376082634
decision_type=2 2 2 2 2 2 2 2 2 2 2 2 2 2 2 2 2 2 2 2 2 2 2 2 2 2 2 2 2 2
left_child=1 2 4 -4 -1 6 8 -8 9 -6 11 -11 18 -14 15 20 -16 -18 -13 -10 -12 -9 23 24 -5 26 -24 -28 29 -29
right_child=-2 -3 3 22 5 -7 7 21 19 10 14 12 13 -15 16 -17 17 -19 -20 -21 -22 -23 25 -25 -26 -27 27 28 -30 -31
leaf_value=-0.10028039744626233 -0.10028039744626233 -0.10028039744626233 0.10030953235841905 0.069773814530484646 0.047284786441344831 0.031327480008329321 -0.075734463040862537 0.044026257075956164 -0.015065366194905332 0.042929344283433368 -0.0099051564992398474 -0.047212297995854045 0.042400437007734014 -0.062082862363106429 0.076337986390821885 0.036089130515195182 -0.044933715354882074 0.049401196050266799 -0.11862515814500159 0.05623920626150844 -0.075473515743720077 -0.02284425382931711 -0.0061490726863426739 -0.081964458886767677 -0.052269703802023088 0.058443637487427771 0.11472788928387428 -0.0039060518614229909 -0.036855797966218476 0.10788221020062481
leaf_weight=57.665798649657518 100.56730138277635 75.564196286723018 231.25917408615351 2.7008220367133617 6.5620707571506491 5.0665937960147849 4.2365955561399451 3.6092066392302504 4.9306012913584709 5.918921202421191 4.1257819011807531 6.2673776820302063 5.5903666391968603 4.4425115436315536 6.2143522053957012 5.2190623357892028 4.6598373502492878 5.3094318658113488 5.8931879997253418 7.2375543415546399 5.2469079419970512 4.6375571116805068 31.402050249278545 2.7961710765957823 2.4215461649000645 2.3116998672485343 2.8960708212107411 2.4414549395442 5.0570788066834211 1.9246867345646013
leaf_count=20681 36067 27100 75175 24 33 31 22 20 25 31 23 31 27 24 35 30 23 28 30 39 27 23 259 21 17 23 37 28 43 39
internal_value=-0.000156493 0.0194483 0.0401019 0.0817507 -0.037621 0.000346699 -0.00139542 -0.0214604 0.00183165 -0.00291191 -0.00850551 -0.0277334 -0.046579 -0.00386428 0.0090586 -0.0170314 0.0325823 0.00530716 -0.08182 0.0273462 -0.0466109 0.00642171 0.00219971 -0.0211293 0.012079 0.00621273 0.0034511 0.0279221 0.00124377 0.0453726
internal_weight=614.176 513.609 438.044 285.211 152.834 95.1679 90.1013 12.4834 77.618 65.4498 58.8877 28.1124 22.1934 10.0329 30.7754 14.5918 16.1836 9.96927 12.1606 12.1682 9.37269 8.24676 53.9516 7.91854 5.12237 46.033 43.7213 12.3193 9.42322 4.36614
internal_count=160016 123949 96849 75666 21183 502 471 65 406 342 309 143 112 51 166 80 86 51 61 64 50 43 491 62 41 429 406 147 110 67
is_linear=0
shrinkage=0.1


Tree=52
num_leaves=31
num_cat=0
split_feature=0 12 12 12 12 13 2 2 13 8 3 2 10 1 9 1 8 11 1 3 2 10 11 0 6 10 8 5 11 10
split_gain=108.59 113.372 126.128 41.1205 33.973 0.481997 2.34407 2.21557 1.85699 1.5 1.30429 2.50252 3.2211 3.17422 1.57874 1.40442 1.55599 1.71032 1.44909 2.08309 1.85008 1.82216 1.26977 1.9049 0.419573 0.516682 1.62215 0.831422 0.911071 1.50947
threshold=0.94922371171663422 0.77800197229805812 -1.0010984696466598 0.76048314901579195 -1.0140886165254834 -1.3156662037445088 1.0000000180025095e-35 0.73061691897489178 -1.1767159127340898 -0.18981259368612921 -0.042010063753663167 -0.093156858665566125 0.80219759363459364 0.87625982138625536 0.59560163105178909 1.3120909527394293 -1.3363272415513092 0.15008803880003238 -0.43123357267326595 1.2700241483962793 0.027526681387095329 -0.41130840585590783 -0.13823713699711188 -0.95506583406532197 1.4458116438042838 -1.3513481440443671 0.91425224714770381 -1.5631856288860653 -1.1954294482533074 -0.24610674889936535
decision_type=2 2 2 2 2 2 2 2 2 2 2 2 2 2 2 2 2 2 2 2 2 2 2 2 2 2 2 2 2 2
left_child=1 2 4 -4 -1 6 -6 -8 -7 10 11 12 22 14 -13 16 17 -12 20 21 -18 -20 -10 -24 25 26 -5 -27 -29 -30
right_child=-2 -3 3 24 5 8 7 -9 9 -11 15 13 -14 -15 -16 -17 18 -19 19 -21 -22 -23 23 -25 -26 27 -28 28 29 -31
leaf_value=-0.10025364082809136 -0.10025364082809136 -0.10025364082809136 0.10027999288875095 0.092575791551355743 -0.073009564964198179 0.071557851825079857 0.07334614457446513 -0.033830183175085043 -0.006207439991217336 0.057582319864266929 -0.06765598498474315 -0.030965803748831996 -0.050222480843256027 0.030561916522028266 -0.099058671651778313 -0.037805154910968447 -0.046158229364537673 0.022872765281057209 0.032477366587861642 0.0010565927528850766 0.039652708740966394 0.1246300967434197 0.015944860656003965 0.11440798264386501 0.045757113663157163 -0.049318357330526447 -0.019615825490605199 -0.029568914977434468 -0.016293815665470047 0.025930861100530903
leaf_weight=52.19138792459853 91.020104843890294 68.390629696659744 209.31046238401905 2.3133074808865777 4.7820061668753606 3.7804763615131369 3.6057122722268105 4.1473347321152687 4.0262340158224115 4.2467467561364165 3.9439855366945178 6.4034498482942599 6.0321427360177031 4.3898289874196044 7.271276980638504 5.3878358080983153 4.5012528896331734 4.4321310222148895 4.0307596698403287 5.1312446221709243 5.6866347566246986 4.5881123393774228 4.1266135573387155 3.7506367191672325 2.1103331986814728 3.5909957624971858 2.9098377376794815 8.0246322154998762 14.816991975530977 19.752638611942533
leaf_count=20681 36067 27100 75175 28 25 20 19 21 23 28 22 32 31 22 37 29 23 23 23 28 30 26 20 20 32 24 23 59 113 212
internal_value=-0.000149178 0.0189255 0.0388401 0.0802791 -0.0355262 0.000311448 -0.0179474 0.0160143 0.00311186 -0.000207727 -0.00353761 -0.0171513 0.00930881 -0.0434226 -0.0671729 0.00946159 0.0173425 -0.0197537 0.0303228 0.0515012 0.00173938 0.0815333 0.0394765 0.0628266 0.00205603 0.000262084 0.0300733 -0.00310931 0.000786442 0.00783282
internal_weight=568.696 477.676 409.285 262.829 146.456 94.2644 12.5351 7.75305 81.7294 77.9489 73.7021 36.0002 17.9356 18.0646 13.6747 37.702 32.3141 8.37612 23.938 13.7501 10.1879 8.61887 11.9035 7.87725 53.5187 51.4084 5.22315 46.1853 42.5943 34.5696
internal_count=160016 123949 96849 75666 21183 502 65 40 437 417 389 185 94 91 69 204 175 45 130 77 53 49 63 40 491 459 51 408 384 325
is_linear=0
shrinkage=0.1


Tree=53
num_leaves=31
num_cat=0
split_feature=0 12 12 12 12 13 5 0 8 6 10 4 2 7 13 0 6 10 3 0 8 8 10 7 6 1 3 10 6 5
split_gain=97.7959 101.144 111.947 40.2246 31.6973 0.506132 0.620775 1.65766 1.28237 1.816 1.13897 2.0788 2.23124 2.09931 1.9783 1.10934 1.87034 2.77688 2.04683 1.9217 1.22308 1.03429 0.943873 0.632542 0.392734 1.58468 0.586259 0.977959 1.0734 1.11148
threshold=0.94922371171663422 0.77800197229805812 -1.0010984696466598 0.76048314901579195 -1.0140886165254834 1.7412401984846864 -0.17362939971147384 -1.4744175283694918 -0.54673526024161434 0.53176782485243457 -0.41130840585590783 -0.10834924794928717 0.027526681387095329 1.0000000180025095e-35 0.87280087966957376 -1.3878589126521301 0.14690726950428742 1.0210003679910944 0.93245773974856372 1.0000000180025095e-35 -1.2419374712069864 -0.58864861585278805 -0.78055691795223703 1.0000000180025095e-35 -1.3444273824697821 1.0000000180025095e-35 1.5667911818482179 1.595935250406366 -1.0076743965401533 0.52114871487582204
decision_type=2 2 2 2 2 2 2 2 2 2 2 2 2 2 2 2 2 2 2 2 2 2 2 2 2 2 2 2 2 2
left_child=1 2 4 -4 -1 6 15 -8 10 22 14 13 -13 -12 -9 -6 19 18 21 20 -17 -18 -10 -21 25 -5 27 28 -26 -30
right_child=-2 -3 3 24 5 -7 7 8 9 -11 11 12 -14 -15 -16 16 17 -19 -20 23 -22 -23 -24 -25 26 -27 -28 -29 29 -31
leaf_value=-0.10022944556906438 -0.10022944556906438 -0.10022944556906438 0.10025327879765517 -0.060400506450335657 -0.049732612763891827 -0.035222974095408172 0.071291829393553371 0.063115830033964843 -0.037619440341926727 0.088928017602805082 -0.098073453835408608 -0.025212890496007959 0.064628611012166201 -0.003438013624774635 -0.027024767465649288 0.0089348801789984941 -0.099803603594880552 0.046365895071373481 0.015519845509441478 -0.041144850990336899 0.074501791938035453 -0.034227984108958297 0.036267344069472594 0.012123191795394504 0.049102069909130908 0.029655659470253889 0.055213149531744138 0.071037292062832366 -0.016122423687410434 0.023024174031622723
leaf_weight=47.235542175825685 82.377268974203616 61.896581063047051 189.43983454373665 4.2251597419381133 5.269149422645568 3.84444885700941 4.0198653712868682 5.3225185796618444 3.1180815100669861 3.8402164280414581 5.0689975470304489 7.3206289708614349 4.4415044337511063 4.3604909256100655 4.4874890372157097 4.9615856856107703 5.4479460418224335 4.2145173698663703 3.8174227550625792 4.5701827704906446 6.6691997759044197 4.3065415024757403 3.880794186145069 4.3520878404378891 3.9497791621834031 3.6349665392190218 2.2507082447409621 2.0062508508563033 27.313283108174801 9.8752306737005693
leaf_count=20681 36067 27100 75175 27 25 21 22 33 18 22 26 35 24 22 26 25 30 24 20 23 39 21 22 24 43 35 23 25 215 123
internal_value=-0.000140374 0.018382 0.0375385 0.0786678 -0.033482 0.00030572 0.00183237 0.009955 0.00406204 0.0336697 -0.00628966 -0.0193308 0.0087122 -0.0543111 0.0218819 -0.00670972 -0.000796907 -0.0245397 -0.0465582 0.0197499 0.0465316 -0.0708524 0.00334991 -0.0151619 0.00188409 -0.0187534 0.00545745 0.00286186 -0.00046295 -0.00572723
internal_weight=527.518 445.141 383.244 242.695 140.549 93.3137 89.4692 45.8606 41.8407 10.8391 31.0016 21.1916 11.7621 9.42949 9.81001 43.6086 38.3395 17.7864 13.5719 20.5531 11.6308 9.75449 6.99888 8.92227 53.2554 7.86013 45.3953 43.1445 41.1383 37.1885
internal_count=160016 123949 96849 75666 21183 502 481 250 228 62 166 107 59 48 59 231 206 95 71 111 64 51 40 47 491 62 429 406 381 338
is_linear=0
shrinkage=0.1


Tree=54
num_leaves=31
num_cat=0
split_feature=0 12 12 12 12 9 3 3 9 6 2 13 10 5 3 10 2 2 13 2 3 0 10 0 10 2 6 5 6 9
split_gain=88.0551 90.1839 99.2529 39.2826 29.5202 0.524898 1.28308 1.38836 1.22872 0.999043 0.70915 1.1614 2.08061 1.96747 1.95363 2.19401 2.28703 2.73664 1.65158 1.58697 1.61624 2.17357 2.44956 0.80379 0.390667 1.71394 1.68416 3.21445 1.01683 1.32809
threshold=0.94922371171663422 0.77800197229805812 -1.0010984696466598 0.76048314901579195 -1.0140886165254834 -0.33459396455702045 0.82496827681257057 -0.71444909407532975 -0.054874171721550825 0.19501483892280583 1.5175681539002697 0.24752457012269341 0.74935951453767424 -0.86840751429876961 -1.0852809195727926 -0.87534677065932576 0.52929128673610593 -0.026619297340059005 0.87280087966957376 -1.0609010441958444 -0.96052015878505148 -1.1281830655000451 -0.068777271023618053 0.083637554543017689 0.50514766370397024 1.0275929456883108 1.0609510884561368 0.86853777216946992 0.19501483892280583 -0.65102384376082634
decision_type=2 2 2 2 2 2 2 2 2 2 2 2 2 2 2 2 2 2 2 2 2 2 2 2 2 2 2 2 2 2
left_child=1 2 4 -4 -1 6 7 -6 9 -7 11 12 19 -14 -13 -16 17 18 -17 -10 -21 -22 23 -23 -5 26 27 28 29 -26
right_child=-2 -3 3 24 5 8 -8 -9 10 -11 -12 14 13 -15 15 16 -18 -19 -20 20 21 22 -24 -25 25 -27 -28 -29 -30 -31
leaf_value=-0.10020756800983639 -0.10020756800983639 -0.10020756800983639 0.10022911484878197 0.0080280657595907853 0.045670865880692434 -0.0094090671961805355 0.074444604905589892 -0.029543326882725807 0.050106101081471205 -0.075131173680825711 0.041790968092447492 0.068360025517905917 0.002588943923055627 -0.086871715162123775 -0.049354182544540229 0.070954687788399834 0.079224098600448115 -0.073734101931564724 -0.015627478752849214 -0.06480638217661587 -0.055158073896983288 0.031533416257634561 0.088767944272163501 -0.033440489710182299 0.11040754918176124 -0.060829641748888878 -0.054863683544775811 -0.056711770159561969 0.11552964211601245 -0.00093247526377742698
leaf_weight=42.749344085808843 74.553483542520553 56.017950037494302 171.45148401614279 34.445322528481483 4.1659078225493422 5.6255105286836606 3.1482133567333213 5.9727661833167067 5.4920682311058 3.9278600662946701 4.1714965626597396 5.4192122370004681 4.1137781105935574 6.1090943366289121 6.1878044195473256 4.4589420184493118 4.7390047311782828 3.7588598430156628 4.3548508994281292 4.3160497620701781 4.5174466222524652 3.2518647871911526 4.1131218969822037 4.5935420766472816 1.6254793666303156 4.8826007712632409 3.234131457284092 3.1488343290984631 2.5228917989879847 3.1425494961440581
leaf_count=20681 36067 27100 75175 309 24 28 19 31 30 22 23 31 23 31 36 22 26 20 24 22 23 21 23 23 26 32 25 31 27 41
internal_value=-0.000133962 0.0178155 0.0361989 0.076969 -0.0314925 0.000286026 0.018678 0.00136164 -0.00280141 -0.0364307 0.00181476 -0.000734094 -0.0125923 -0.0508719 0.0142357 0.00175411 0.020022 -0.00229297 0.0281749 0.00229608 -0.0103326 0.00393736 0.0262612 -0.00650927 0.00172662 -0.0099704 0.00819016 0.0277236 0.0641899 0.0370247
internal_weight=490.211 415.658 359.64 224.453 135.187 92.4374 13.2869 10.1387 79.1505 9.55337 69.5971 65.4256 36.507 10.2229 28.9187 23.4995 17.3117 12.5727 8.81379 26.2841 20.792 16.476 11.9585 7.84541 53.0018 18.5565 13.6739 10.4398 7.29092 4.76803
internal_count=160016 123949 96849 75666 21183 502 74 55 428 50 378 355 196 54 159 128 92 66 46 142 112 90 67 44 491 182 150 125 94 67
is_linear=0
shrinkage=0.1


Tree=55
num_leaves=31
num_cat=0
split_feature=0 12 12 12 12 3 3 11 2 2 10 2 11 8 0 0 10 0 4 7 11 2 2 9 9 6 6 1 11 0
split_gain=79.2822 80.3911 87.9163 38.2324 27.4495 0.660899 0.746994 0.538046 1.37154 1.45047 1.86444 3.05519 1.86484 1.47746 1.40711 1.92017 1.18702 1.4689 1.30016 0.72208 0.776302 0.487683 1.16523 0.783538 1.38493 1.3423 1.99718 0.818162 1.33151 0.912246
threshold=0.94922371171663422 0.77800197229805812 -1.0010984696466598 0.76048314901579195 -1.0140886165254834 -1.5719998362511427 -1.3206411503366957 0.72673839039432109 1.3513989753214828 1.0414489348102174 -0.1523013701944376 -1.2941188715569452 0.15008803880003238 -0.14841745813215609 0.17019617026037934 -0.52227275547851371 -0.31449240659596422 -0.8685072183479603 1.0467954688249503 1.0000000180025095e-35 -0.52267070472663746 -1.5908244357736796 -1.4160208979530753 -0.22211863530489998 -0.054874171721550825 -0.57470627177348821 0.38744511659687936 -0.86706470402643965 -0.4265623127942561 0.51643063312982607
decision_type=2 2 2 2 2 2 2 2 2 2 2 2 2 2 2 2 2 2 2 2 2 2 2 2 2 2 2 2 2 2
left_child=1 2 4 -4 -1 -5 -7 8 9 10 12 -12 14 -13 15 -8 17 -9 -18 20 -15 -6 -23 25 -25 -24 -27 28 -26 -29
right_child=-2 -3 3 5 21 6 7 16 -10 -11 11 13 -14 19 -16 -17 18 -19 -20 -21 -22 22 23 24 27 26 -28 29 -30 -31
leaf_value=-0.10018777922241417 -0.10018777922241417 -0.10018777922241417 0.10020726005790513 0.061154542833447983 -0.038111386836131467 -0.03415906711878549 0.035363451403467985 0.0036698139612868896 0.058314627535823116 -0.069669041033430842 -0.066208601903508787 -0.017201922239374938 -0.082740174324622273 0.091621689674824147 0.063900924411713286 -0.065121789428951693 0.052085483204334676 0.11572153322472067 -0.040152867591903847 0.10944044163497242 0.0067792757941542246 0.0610527187643801 0.067682911262848894 -0.049760904765618154 0.01390753370028561 -0.045814995085007727 0.04256436940288677 -0.0002107064558632553 -0.045360375832461268 0.036775692959884164
leaf_weight=38.688457971788011 67.471428541583009 50.696639961097389 155.1678249204997 1.8002854362130154 3.1943435892462722 5.8362576942890874 3.2423239741474381 2.2763026803731918 3.3520880844444028 3.4974784888327113 2.7664395328611109 2.319918388500807 4.1178043112158784 2.058133983053267 2.4023759849369526 4.5991357639431945 2.4759631324559432 2.4070297200232744 3.9921438694000244 3.2698346134275198 2.2656711209565481 3.1844320073723784 4.272662788629531 6.2729935050010672 6.5291587188839904 4.8292723149061185 5.4340266734361649 40.847688101232059 9.0372502505779178 7.9695422686636439
leaf_count=20681 36067 27100 75175 16 17 39 28 17 35 25 27 23 32 25 24 33 27 26 37 55 22 20 24 32 34 26 31 225 50 43
internal_value=-0.000123335 0.0172415 0.0348491 0.0752175 -0.029564 0.00160942 -0.000497505 0.00386409 -0.00240522 -0.00907006 -0.00123238 0.0267123 -0.025905 0.0526425 -0.00305844 -0.0235727 0.0229176 0.0612595 -0.00484443 0.0739805 0.0471643 0.000274175 0.0016616 -0.000558391 -0.00490824 0.0205854 0.000978519 -0.00053818 -0.0205011 0.00582742
internal_weight=456.275 388.803 338.107 207.847 130.26 52.6792 50.8789 45.0426 33.8912 30.5391 27.0416 12.68 14.3616 9.91356 10.2438 7.84146 11.1514 4.68333 6.46811 7.59364 4.32381 91.5714 88.377 85.1926 70.6566 14.536 10.2633 64.3836 15.5664 48.8172
internal_count=160016 123949 96849 75666 21183 491 475 436 329 294 269 152 117 125 85 61 107 43 64 102 47 502 485 465 384 81 57 352 84 268
is_linear=0
shrinkage=0.1


Tree=56
num_leaves=31
num_cat=0
split_feature=0 12 12 12 12 6 0 2 6 3 3 2 10 5 2 6 3 2 7 7 1 6 2 6 6 8 10 5 6 13
split_gain=71.3789 71.636 78.0047 36.8695 25.5151 0.462142 1.51185 1.20505 0.743287 0.693465 1.83505 1.36243 1.14791 1.6522 1.86985 2.29049 2.60258 1.78808 1.81152 1.69983 1.15131 0.940124 0.893203 0.403556 0.504402 0.539739 1.55549 2.29091 1.4486 1.03268
threshold=0.94922371171663422 0.77800197229805812 -1.0010984696466598 0.76048314901579195 -1.0140886165254834 -1.3444273824697821 0.17019617026037934 -1.5908244357736796 -1.2482122436327454 0.89182107306106084 1.1756748752130268 0.20274694586505576 1.2417403564824288 1.3896213581099419 -0.46297788392813549 1.3495965049672469 -1.2799595651868871 1.2037471224388501 1.0000000180025095e-35 -1.0000000180025095e-35 0.44042869003308155 0.43555268601539771 -0.14908702780047126 1.4458116438042838 1.2533813661302105 1.0000000180025095e-35 -0.31449240659596422 1.0422323008162941 0.29122997775984261 0.28226214287529888
decision_type=2 2 2 2 2 2 2 2 2 2 2 2 2 2 2 2 2 2 2 2 2 2 2 2 2 2 2 2 2 2
left_child=1 2 4 -4 -1 6 -6 -7 -9 12 22 -12 13 14 19 16 -16 18 -18 21 -14 -10 -11 24 25 26 -5 28 -28 -27
right_child=-2 -3 3 23 5 7 -8 8 9 10 11 -13 20 -15 15 -17 17 -19 -20 -21 -22 -23 -24 -25 -26 29 27 -29 -30 -31
leaf_value=-0.10016987259005641 -0.10016987259005641 -0.10016987259005641 0.10018750331856008 0.083813522112875904 -0.0068735666410776643 -0.067590887951298986 0.073775609259589425 -0.044251369373708882 0.028249508445817941 0.099482815355664764 -0.036544850984460482 0.032915070677881512 -0.0020778582758985043 -0.06943025801524709 0.028807312890198701 0.051138284023975966 -0.027601918202858667 0.003113058761837411 -0.0998742984581696 0.062662600061930515 0.070553754567254365 -0.043244539625229117 0.027223958444352797 0.044815807784877718 -0.035491682616842747 -0.013515153039140852 0.10936951059788656 -0.094542227138493501 -0.012435500141694596 0.022924313180904005
leaf_weight=35.01270364318043 61.061031009070575 45.879999455064535 140.42793427361175 2.9714214578270912 6.9664814546704275 2.7319566383957854 3.4882633648812771 3.6233482807874671 3.7323180660605431 3.1049401387572289 6.3368524760007841 5.093806192278862 5.0031626448035222 4.2039479948580256 5.8244360461831084 4.0825578719377509 6.5068695321679275 5.09376336634159 7.4264544174075127 6.6910750381648452 3.8709968402981758 3.6262881085276604 3.8095732256770161 2.0713369138538829 3.7516519259661427 26.107510717585683 1.6697281114757041 1.9237952623516319 2.3513011913746595 11.076842311769722
leaf_count=20681 36067 27100 75175 37 36 15 21 19 20 18 36 29 27 25 32 23 35 27 38 38 20 20 23 32 27 204 29 15 19 128
internal_value=-0.000108262 0.0166558 0.0334803 0.0735654 -0.0276022 0.000252082 0.0200353 -0.00230887 -2.32553e-05 0.00213049 0.0190068 -0.00559166 -0.00339197 -0.00959736 -0.00374551 -0.0182793 -0.0296831 -0.0475878 -0.0661231 0.0261856 0.0296048 -0.00698244 0.0596716 0.00156579 -0.000231229 0.00263826 0.024735 -0.00479445 0.0381439 -0.0026602
internal_weight=425.522 364.461 318.581 192.352 126.23 91.2171 10.4547 80.7623 78.0304 74.407 18.3452 11.4307 56.0619 47.1877 42.9838 28.9341 24.8515 19.0271 13.9333 14.0497 8.87416 7.35861 6.91451 51.9236 49.8523 46.1006 8.91625 5.94482 4.02103 37.1844
internal_count=160016 123949 96849 75666 21183 502 57 445 430 411 106 65 305 258 233 155 132 100 73 78 47 40 41 491 459 432 100 63 48 332
is_linear=0
shrinkage=0.1


Tree=57
num_leaves=31
num_cat=0
split_feature=0 12 12 12 12 3 3 6 6 11 2 4 0 1 13 13 6 4 4 4 2 10 0 0 0 10 10 6 4 8
split_gain=64.2465 63.8024 68.9393 35.7483 23.6519 0.53238 0.621801 0.4992 1.48965 1.27085 1.03501 0.626701 0.919547 1.95624 1.45377 1.42761 1.04785 1.74755 1.21241 1.08274 0.968866 0.861537 0.714543 0.50471 0.466555 1.57857 1.70641 1.99847 1.40429 1.8661
threshold=0.94922371171663422 0.77800197229805812 -1.0010984696466598 0.76048314901579195 -1.0140886165254834 -1.5719998362511427 -1.3206411503366957 0.91662838020058157 0.72419810252650807 0.63062999846193957 0.12458752576278252 1.5088533555346453 0.42987201741246434 0.87625982138625536 -0.96829047621846309 -0.82934018520804875 -0.62281384119200645 0.46922311043783155 0.23819416708298405 0.93128099714752655 -0.53359550937543199 0.54467602581949581 -0.43571413976115214 -0.52227275547851371 1.0000000180025095e-35 -1.0238705361069325 0.054567330952941896 -0.38227599409941465 0.35370863876040776 -1.0773679628826049
decision_type=2 2 2 2 2 2 2 2 2 2 2 2 2 2 2 2 2 2 2 2 2 2 2 2 2 2 2 2 2 2
left_child=1 2 4 -4 -1 -5 -7 8 11 10 -9 12 14 -14 22 -16 18 23 20 -19 -17 -22 -8 -18 -6 -26 27 -27 29 -28
right_child=-2 -3 3 5 24 6 7 9 -10 -11 -12 -13 13 -15 15 16 17 19 -20 -21 21 -23 -24 -25 25 26 28 -29 -30 -31
leaf_value=-0.10015367646533645 -0.10015367646533645 -0.10015367646533645 0.10016962334554919 0.055852031010248528 0.0059216804122218325 -0.03131158429655586 0.1185230939644179 -0.031980764709994967 -0.06895566274370904 0.081780650201388375 0.040592679089861944 -0.044448822160669532 0.030928633682139585 -0.10911793458825277 -0.074509970506283371 -0.078282494214821488 0.11787131184602472 -0.062667494891294237 0.04462133417381936 0.046654528938561181 0.03802228305705313 -0.047417694449994122 0.029272195061526691 0.048595034860321032 -0.051798934484474118 0.096224750570787221 -0.041886567637509226 -0.0016289161105366011 -0.049564488082043688 0.038061286892672491
leaf_weight=31.685666372766718 55.258784829871729 41.520311334170401 127.08597671589814 1.7384828235954035 55.615719418972731 5.7700723856687537 1.8232979867607357 4.1647044681012613 3.0547203868627539 2.6973876804113388 3.7207884285598993 2.4269378371536723 2.0908793974667783 1.9072258137166498 2.0058937296271386 2.5694100223481726 2.2627781573683023 1.8438933975994589 3.2444648612290621 1.7810200192034242 2.5178617285564542 2.221434136852622 1.7657136600464607 1.9648387748748035 6.866985745728015 3.5533214099705219 4.8707108572125453 5.0579999834299105 7.2519058585166922 7.2883596941828728
leaf_count=20681 36067 27100 75175 16 312 39 19 35 22 31 34 19 31 15 15 20 28 20 38 22 24 18 21 24 37 22 25 29 38 39
internal_value=-0.000100068 0.0160487 0.0320859 0.0716743 -0.0257972 0.00145447 -0.000443242 0.00359896 -0.00238523 0.0225308 0.00226319 0.0042984 0.00852383 -0.0358781 0.0159205 0.00560032 0.0143309 0.0419914 -0.006251 -0.00895457 -0.0288341 -0.00202571 0.0746136 0.0856743 0.000234952 -0.00883005 0.00169966 0.0387488 -0.0147365 0.00603558
internal_weight=397.628 342.369 300.848 178.658 122.191 51.5718 49.8333 44.0633 33.4804 10.5829 7.88549 30.4256 27.9987 3.99811 24.0006 20.4116 18.4057 7.85253 10.5532 3.62491 7.30871 4.7393 3.58901 4.22762 90.505 34.8893 28.0223 8.61132 19.411 12.1591
internal_count=160016 123949 96849 75666 21183 491 475 436 336 100 69 314 295 46 249 209 194 94 100 42 62 42 40 52 502 190 153 51 102 64
is_linear=0
shrinkage=0.1


Tree=58
num_leaves=31
num_cat=0
split_feature=0 12 12 12 12 2 8 4 3 2 6 11 10 13 5 6 9 10 0 10 0 3 7 13 10 10 13 3 0 10
split_gain=57.8268 56.8126 60.9897 34.4114 21.9121 0.432657 1.48695 1.78798 3.47256 1.32184 1.63745 1.59425 2.06802 1.20278 1.20869 1.84369 3.03542 2.11537 1.59403 1.3163 1.418 1.45768 0.712988 0.341427 0.541843 0.892304 0.572613 0.799694 1.72874 1.48392
threshold=0.94922371171663422 0.77800197229805812 -1.0010984696466598 0.76048314901579195 -1.0140886165254834 -0.79562568277099743 -1.2956642393901887 -0.10834924794928717 0.28023203848434985 -0.14908702780047126 0.48366025543391611 0.15008803880003238 0.43660793824546867 -1.6283043585179489 -1.0000000180025095e-35 0.29122997775984261 0.39451843368633188 -0.79410811863966535 -0.52227275547851371 -0.45393778986061756 -1.0416244497826834 -0.46786511929210833 1.0000000180025095e-35 1.6022899074742647 -1.6209794930289052 -1.5113819949079257 1.2896517527008273 -1.0712928866886842 -1.1281830655000451 -0.44000321258388958
decision_type=2 2 2 2 2 2 2 2 2 2 2 2 2 2 2 2 2 2 2 2 2 2 2 2 2 2 2 2 2 2
left_child=1 2 4 -4 -1 6 -6 -8 -9 10 11 12 -7 -11 19 16 -16 -18 -17 22 -21 -22 -15 24 -5 -26 27 -27 29 -29
right_child=-2 -3 3 23 5 9 7 8 -10 13 -12 -13 -14 14 15 18 17 -19 -20 20 21 -23 -24 -25 25 26 -28 28 -30 -31
leaf_value=-0.10013904275111196 -0.10013904275111196 -0.10013904275111196 0.1001534658373769 0.065594921726451538 -0.054107416938421297 0.093972855811950029 -0.034925330720017356 0.071511714448353414 -0.050440742203147121 0.051373514246542434 0.0731391386592634 -0.046296676258366337 -0.02128300572655209 -0.027366890456078222 0.098717531758244298 0.013648601760941782 -0.062811252574721879 0.039803403629907162 -0.065571733068340396 -0.051716827259757674 -0.035682940458342645 0.041859122016201095 -0.084151673783295883 0.039835387081075299 -0.072472388521132233 -0.020451996729689698 -0.043446754455824139 0.11564970177264514 0.0004023166075738157 0.014664958718634283
leaf_weight=28.674355019582435 50.007154513383284 37.574344617314637 115.00976051029284 1.2153448965400446 6.0624614953994778 3.1198574081063253 7.214095473289496 6.8401649594306893 3.5449957102537155 3.7123970314860335 5.5980857461690894 3.717346616089344 3.1073042526841164 4.7134032472968119 4.6155866011977258 5.4681191369891167 3.4156500250101054 4.8779434934258479 4.7431265115737897 4.6378882601857176 3.7419833540916434 6.8846006393432573 4.1650674641132355 2.2116586845368138 1.7323805484920729 10.538750745356081 2.7675883881747714 2.6572411730885506 26.574620898813016 3.2165087107568899
leaf_count=20681 36067 27100 75175 14 34 22 39 37 21 20 32 21 18 26 26 32 19 28 26 24 18 38 21 34 15 74 29 27 263 35
internal_value=-8.54211e-05 0.0154361 0.0306853 0.0698531 -0.0239938 0.000217944 -0.0113956 0.00331747 0.029883 0.00434907 0.0298784 0.0055255 0.0364611 -0.00343485 -0.00773989 0.00860166 0.0337168 -0.00245762 -0.0231493 -0.0233893 -0.00558149 0.0145539 -0.0540058 0.00140751 -0.00033756 -0.00202498 0.000642323 0.00348086 0.0112539 0.0603497
internal_weight=372.36 322.353 284.778 165.924 118.854 90.1801 23.6617 17.5993 10.3852 66.5184 15.5426 9.94451 6.22716 50.9758 47.2634 23.1204 12.9092 8.29359 10.2112 24.1429 15.2645 10.6266 8.87847 50.9141 48.7024 47.4871 45.7547 42.9871 32.4484 5.87375
internal_count=160016 123949 96849 75666 21183 502 131 97 58 371 93 61 40 278 258 131 73 47 58 127 80 56 47 491 457 443 428 399 325 62
is_linear=0
shrinkage=0.1


Tree=59
num_leaves=31
num_cat=0
split_feature=0 12 12 12 12 10 10 10 6 10 2 2 10 6 6 9 10 3 9 11 3 2 13 11 0 5 10 10 3 0
split_gain=52.0439 50.5822 53.6904 33.2857 20.2462 0.449358 0.754057 0.587754 0.800844 2.44304 1.83966 2.87085 1.71848 1.82006 2.82363 1.46794 1.45893 1.49848 1.39873 2.68727 1.02034 0.957523 0.888604 0.329158 0.925645 1.38338 1.14951 0.901112 1.05357 0.999104
threshold=0.94922371171663422 0.77800197229805812 -1.0010984696466598 0.76048314901579195 -1.0140886165254834 -1.5113819949079257 -1.3640569083095226 -1.1050853833639425 1.205273796711692 1.0210003679910944 -1.3892567967782352 -1.1297675645816752 -0.9305218241279033 0.57987539427095292 -0.23795328584385958 -0.37754295507554841 0.74935951453767424 0.38789176414904541 0.31499122660283563 -0.61877909665901887 0.25375729489319415 0.51535635651961276 -0.27353902116637646 0.053979646867650943 -1.5609761440868535 0.52114871487582204 0.63947704594997068 1.0346698192870549 0.98737906631256778 0.083637554543017689
decision_type=2 2 2 2 2 2 2 2 2 2 2 2 2 2 2 2 2 2 2 2 2 2 2 2 2 2 2 2 2 2
left_child=1 2 4 -4 -1 -6 -7 -8 10 21 -9 -12 -13 14 15 -14 17 -16 -17 -20 -21 -10 -15 27 -25 26 -26 28 29 -5
right_child=-2 -3 3 23 5 6 7 8 9 -11 11 12 13 22 16 18 -18 -19 19 20 -22 -23 -24 24 25 -27 -28 -29 -30 -31
leaf_value=-0.1001257843195562 -0.1001257843195562 -0.1001257843195562 0.10013883261038521 -0.021925322780876864 0.027978233181349177 -0.04066245986147423 0.03277557506386191 0.063056064106189677 -0.025923067837189298 0.041716721750999629 -0.077841298925444433 -0.057131001436193901 0.078700199152092365 0.087506363073162688 -0.0486189610345929 -0.024800767284383723 -0.078872351010785727 0.039302749371668597 -0.033591654062767415 0.087013683878129258 0.017782696508497429 -0.090053706081280285 0.02376240044015869 -0.046612330423942888 -0.0080330917513215371 0.08462404143675209 0.050094912693583994 -0.040523579971457516 0.049522374429731439 0.030436484622244193
leaf_weight=25.948889042832889 45.254029355826788 34.002944396343082 104.07956483832095 12.809071723371753 5.4732016474008551 4.6657494306564322 5.3303337171673766 4.7640367858111849 6.229604631662367 4.1157274767756453 4.545208640396587 4.075000673532478 3.720249243080608 3.8392940163612366 4.4128009676933484 7.2944193109870019 5.0480986461043358 3.4571047499775887 4.5082461386918942 5.6415929570794159 3.4190041571855545 3.7175449803471565 5.0812380239367467 2.5453705620020655 12.974105184897786 2.657091047614812 4.6112180203199378 5.9416310889646402 4.0373887587338677 5.0928897969424716
leaf_count=20681 36067 27100 75175 109 32 26 30 29 36 21 25 23 23 22 26 37 28 18 25 32 21 21 27 18 113 44 51 55 45 56
internal_value=-7.3748e-05 0.0148183 0.0292921 0.0677792 -0.0223686 0.000216454 -0.00159533 0.000706167 -0.00160793 -0.0230802 0.00344107 -0.00171875 0.005133 0.0105986 0.000941432 0.0208324 -0.0369119 -0.00999657 0.0105136 0.0294981 0.0608895 -0.0498906 0.0511971 0.00130882 0.0102241 0.017371 0.00720922 -0.00597785 0.00337784 -0.00702903
internal_weight=349.293 304.039 270.036 154.748 115.287 89.3385 83.8653 79.1995 73.8692 14.0629 59.8063 55.0423 50.497 46.422 37.5015 24.5835 12.918 7.86991 20.8633 13.5688 9.0606 9.94715 8.92053 50.6688 22.7878 20.2424 17.5853 27.881 21.9394 17.902
internal_count=160016 123949 96849 75666 21183 502 470 444 414 78 336 307 282 259 210 138 72 44 115 78 53 57 49 491 226 208 164 265 210 165
is_linear=0
shrinkage=0.1


Tree=60
num_leaves=31
num_cat=0
split_feature=0 12 12 12 12 3 3 4 8 11 2 2 10 9 5 1 10 10 2 5 2 13 2 2 13 8 10 6 6 3
split_gain=46.8357 45.03 47.2073 32.1017 18.6784 0.477817 0.447252 0.424954 1.0535 0.842969 1.07192 1.76751 1.56293 2.55965 1.357 1.47238 1.40082 1.01936 0.92711 0.925514 0.736843 0.403103 1.72365 1.43058 1.33491 1.10998 1.17055 0.921791 0.935485 0.95445
threshold=0.94922371171663422 0.77800197229805812 -1.0010984696466598 0.76048314901579195 -1.0140886165254834 -1.5719998362511427 -1.3206411503366957 1.2778244121797979 0.46897262770859288 0.72673839039432109 1.3513989753214828 1.0414489348102174 -0.1523013701944376 -1.4855985321397194 0.52114871487582204 0.44042869003308155 -0.94416257880514365 0.62559268973229065 -0.9915500199161601 0.86853777216946992 0.054884728895215014 -1.3156662037445088 1.0000000180025095e-35 0.71752497408101157 -1.1767159127340898 -0.18981259368612921 1.4847253879840177 -1.3444273824697821 -1.2482122436327454 -0.042010063753663167
decision_type=2 2 2 2 2 2 2 2 2 2 2 2 2 2 2 2 2 2 2 2 2 2 2 2 2 2 2 2 2 2
left_child=1 2 4 -4 -1 -5 -7 9 -9 10 11 12 14 -14 15 -8 -16 20 -15 -20 -11 22 -6 -24 -23 26 27 -26 -29 -30
right_child=-2 -3 3 5 21 6 7 8 -10 17 -12 -13 13 18 16 -17 -18 -19 19 -21 -22 24 23 -25 25 -27 -28 28 29 -31
leaf_value=-0.10011380622245261 -0.10011380622245261 -0.10011380622245261 0.10012560459639606 0.053375585520598123 -0.065742237687606342 -0.026926752039596671 -0.079759414710008122 -0.062629795408901998 0.023320490631590078 0.11303625465781866 0.055171874283252098 -0.076016852119883793 -0.073000326924339956 0.0021897308938619115 0.087644758202374357 0.0056244637100972021 -0.022568498977674753 -0.018684754444863116 0.092792086560526371 0.009192298324622367 0.028464993856847559 0.063159559009220115 0.063274899515542576 -0.025958964130538182 0.033310394697534718 0.051796012280180874 -0.054720725308067167 -0.056152152013943524 -0.015031229803873775 0.011506191436130304
leaf_weight=23.482192738563754 40.952190198819153 30.770631169434637 94.18689708400052 1.6971543990075577 4.4924389049410802 5.6982210408896199 4.9576051197946089 3.0517567656934252 2.6770326308906078 1.9789225794374932 3.1786714158952227 3.2026794943958512 2.0081283841282138 2.7574578244239101 1.9285264257341621 3.4079137779772282 2.8686149809509525 1.9525394551455972 5.0495901349931964 1.7949959747493265 2.1489534303545952 3.5030564591288558 3.1872248500585556 4.1177339889109135 7.4904008731245915 3.9116525202989569 4.1093859672546378 3.2433397993445316 25.397795498371117 29.060610104352257
leaf_count=20681 36067 27100 75175 16 25 39 32 22 27 26 35 23 16 33 26 29 26 22 71 26 22 20 18 22 42 28 23 17 139 168
internal_value=-6.42708e-05 0.0141963 0.0279072 0.0656665 -0.0208263 0.001217 -0.000602113 0.00288932 -0.0224657 0.00679035 0.000143119 -0.00610943 0.00292833 0.0296728 -0.0206617 -0.044976 0.021739 0.0408487 0.0511454 0.070868 0.0690088 0.000208236 -0.0170007 0.0129746 0.00285462 -3.08146e-05 -0.00295613 0.000306855 -0.00397741 -0.00087008
internal_weight=328.264 287.312 256.541 144.546 111.996 50.3588 48.6616 42.9634 5.72879 37.2346 31.1542 27.9755 24.7728 11.6102 13.1627 8.36552 4.79714 6.08042 9.60204 6.84459 4.12788 88.5136 11.7974 7.30496 76.7162 73.2132 69.3015 65.1921 57.7017 54.4584
internal_count=160016 123949 96849 75666 21183 491 475 436 49 387 317 282 259 146 113 61 52 70 130 97 48 502 65 40 437 417 389 366 324 307
is_linear=0
shrinkage=0.1


Tree=61
num_leaves=31
num_cat=0
split_feature=0 12 12 12 12 9 8 8 0 4 2 0 10 13 13 10 10 6 1 2 10 11 10 3 3 7 3 3 3 3
split_gain=42.1505 40.0857 41.5923 30.714 17.2235 0.398459 1.61752 1.50345 1.41335 1.56677 1.28131 2.94066 1.22538 2.17502 1.78604 1.38872 1.19969 1.21163 1.65883 0.882511 1.42596 0.793564 0.730817 0.395725 0.367206 0.481512 1.79942 2.06763 1.4544 1.93297
threshold=0.94922371171663422 0.77800197229805812 -1.0010984696466598 0.76048314901579195 -1.0140886165254834 0.73209997508990077 -0.67088614866351626 -0.91612426315889517 -1.3013002969347685 -1.0324650213686768 -0.026619297340059005 -1.0000000180025095e-35 -0.1523013701944376 -1.107240767228882 0.90753845242217923 0.35685403976478186 0.69607646177240123 -0.91145925770311675 0.44042869003308155 1.2037471224388501 0.53165376738354675 -0.13823713699711188 -1.2545883763012504 -1.5719998362511427 -1.334489711270118 1.0000000180025095e-35 1.4446912605156927 1.1886283465233836 1.4041961115329997 0.21410773260456423
decision_type=2 2 2 2 2 2 2 2 2 2 2 2 2 2 2 2 2 2 2 2 2 2 2 2 2 2 2 2 2 2
left_child=1 2 4 -4 -1 7 -7 12 -8 -10 11 -11 13 -6 22 21 -17 -18 -19 20 -12 -14 -15 -5 -25 28 27 -27 29 -26
right_child=-2 -3 3 23 5 6 8 -9 9 10 19 -13 15 14 -16 16 17 18 -20 -21 -22 -23 -24 24 25 26 -28 -29 -30 -31
leaf_value=-0.10010295521227333 -0.10010295521227333 -0.10010295521227333 0.10011364293263247 0.049196032348106482 -0.042026998894849552 -0.059449034446717001 -0.05165408091724763 0.050133277055506797 -0.036080673442752918 0.10588675801300472 0.018536774566469873 -0.0085299320771357271 -0.087784600531191137 0.019278303539400399 -0.018876693497012469 0.045475958770762576 0.038930524438626699 -0.060677600988809505 0.016421382836927598 0.043495214616622757 -0.062238866390491143 -0.022205922592802536 0.080646202060832353 -0.025270554846654681 -0.018100552104999012 0.01641843647910007 0.11050708710380829 -0.091941539570870312 -0.077455759465554774 0.049938845995003145
leaf_weight=21.249752073548734 37.058885355480015 27.845282200723886 85.233495160355233 1.6592651866376389 4.2820647805929211 5.1933298557996741 4.4335961341857937 6.6851640827953807 5.9781468957662609 4.6464360170066357 5.1693156957626289 4.3485895320773178 3.2559074610471725 2.7227197885513306 3.7038442417979232 4.468008071184161 3.3939097374677685 6.8014891967177338 4.7322972863912582 3.5182450711727133 3.7861892506480217 4.2590102031827 6.755091514438389 5.3123624306172124 14.288609880954033 16.155552350915976 1.7602850571274746 1.9763163570314635 2.6166811017319551 5.8993822159245601
leaf_count=20681 36067 27100 75175 16 23 29 23 41 32 30 30 25 18 16 22 24 19 38 27 19 20 24 42 37 131 177 25 16 19 70
internal_value=-4.96611e-05 0.0135757 0.0265335 0.0636891 -0.0192904 0.000194271 -0.00769662 0.00592378 0.000733837 0.00919624 0.0218039 0.0505727 -0.000736554 0.0198917 0.040006 -0.0141233 1.68313e-05 -0.0135895 -0.029044 0.00105831 -0.0156134 -0.0506185 0.0630169 0.00118284 -0.000476564 0.00260832 0.0139787 0.00460754 -0.00730992 0.00178208
internal_weight=309.189 272.13 244.285 134.902 109.383 88.1334 37.0738 51.0595 31.8805 27.4469 21.4688 8.99503 44.3743 17.4637 13.1817 26.9106 19.3957 14.9277 11.5338 12.4738 8.9555 7.51492 9.47781 49.6685 48.0092 42.6968 19.8922 18.1319 22.8047 20.188
internal_count=160016 123949 96849 75666 21183 502 208 294 179 156 124 55 253 103 80 150 108 84 65 69 50 42 58 491 475 438 218 193 220 201
is_linear=0
shrinkage=0.1


Tree=62
num_leaves=31
num_cat=0
split_feature=0 12 12 12 12 3 4 3 0 13 0 0 3 4 6 6 1 6 4 4 0 3 2 5 10 13 8 11 1 10
split_gain=37.932 35.6852 36.4514 29.4849 15.8497 0.716667 0.492801 1.44005 1.34755 1.21583 1.38159 2.02419 0.92079 1.60255 1.13887 2.04041 1.05343 0.993824 1.21971 1.87899 1.95016 1.06846 0.993404 0.753956 0.75155 0.366446 1.53952 1.5372 2.04104 1.31978
threshold=0.94922371171663422 0.77800197229805812 -1.0010984696466598 0.76048314901579195 -1.0140886165254834 -1.5997184696404585 -0.91695054969125322 1.309164436850496 -0.26259690832642885 -1.3851413492497167 0.25675478597774104 -0.60883137119587538 0.89182107306106084 0.81576652547010275 -1.1519971047957085 -0.7671365494475616 -1.3028958353796132 -0.23795328584385958 0.93128099714752655 1.0000000180025095e-35 -0.26259690832642885 0.041630726429457483 -0.43689675926202259 -0.34732392835829778 -0.097097275268990438 0.28226214287529888 0.45595267830894176 -0.13823713699711188 0.44042869003308155 -0.97037160448773896
decision_type=2 2 2 2 2 2 2 2 2 2 2 2 2 2 2 2 2 2 2 2 2 2 2 2 2 2 2 2 2 2
left_child=1 2 4 -4 -1 -5 9 12 -9 24 11 -11 14 -14 23 -16 -17 -18 19 20 -19 -20 -21 -8 -6 -7 29 28 -28 -27
right_child=-2 -3 3 5 6 25 7 8 -10 10 -12 -13 13 -15 15 16 17 18 21 22 -22 -23 -24 -25 -26 26 27 -29 -30 -31
leaf_value=-0.10009315775361918 -0.10009315775361918 -0.10009315775361918 0.10010280974342722 0.077774187984995219 -0.055107507475279441 -0.0068599895873946576 -0.004664357571520286 -0.0016911067949426616 -0.089231924785142608 0.016151548246308017 -0.011010448319527411 0.1188836721825952 -0.006417243182566589 0.079590543477025447 -0.072859026576277894 -0.045508640917122103 0.039828094863344154 0.016720485087497315 -0.073288505014917599 0.080440691685653667 -0.07562402176204569 0.00075733325511041392 0.012710106003847602 0.050635836461735688 0.010544879681213608 0.049933490543234739 0.065765203498041186 0.089759122809834807 -0.060745015646732917 -0.049080113515169423
leaf_weight=19.229358277458232 33.535383443406317 25.197795528220013 77.130373593536206 1.1897633634507645 3.1732481047511101 32.439116921275854 4.3950311541557312 3.4232819676399231 3.6156690642237654 4.6962893605232248 4.5494379624724388 3.2419673763215515 4.9787858650088292 3.8351669795811176 4.7556968554854384 5.1006675958633343 6.0762272067367951 5.4525697156786874 4.104533612728118 3.8451067060232162 3.9389789178967716 3.7103560715913773 4.9574089720845205 5.6154862940311414 3.8702894784510162 1.8215794740244744 2.6326575381681314 3.6072419267147771 2.4733795113861561 5.158465755172073
leaf_count=20681 36067 27100 75175 13 17 295 25 20 20 30 28 23 29 24 25 29 34 31 24 21 21 20 27 31 23 21 34 57 22 49
internal_value=-3.86588e-05 0.0129558 0.0251805 0.0614888 -0.0179036 0.00110407 0.000192536 -0.00383902 -0.0466578 0.0141886 0.0329267 0.0581071 0.00112098 0.0310069 -0.00394932 -0.0111827 -0.00329493 0.0034159 -0.00509074 0.00910189 -0.0220104 -0.038133 0.0422961 0.0263568 -0.0190328 -0.000791101 0.0117537 0.0397869 0.00448328 -0.0232406
internal_weight=291.751 258.216 233.018 126.453 106.566 49.3222 87.3362 67.805 7.03895 19.5312 12.4877 7.93826 60.766 8.81395 51.9521 41.9415 37.1858 32.0852 26.009 18.1941 9.39155 7.81489 8.80252 10.0105 7.04354 48.1324 15.6933 8.71328 5.10604 6.98005
internal_count=160016 123949 96849 75666 21183 491 502 381 40 121 81 53 341 53 288 232 207 178 144 100 52 44 48 56 40 478 183 113 56 70
is_linear=0
shrinkage=0.1


Tree=63
num_leaves=31
num_cat=0
split_feature=0 12 12 12 12 4 11 13 10 0 1 3 3 13 5 10 3 11 10 10 10 8 4 9 10 2 3 2 2 10
split_gain=34.135 31.7675 31.8823 28.2486 14.5672 0.406234 1.31349 1.00333 1.19004 0.922719 0.906666 1.76223 0.924135 1.98829 3.38696 1.49116 1.40646 1.33449 1.63113 2.76403 1.72015 1.31419 0.785139 0.633115 0.608561 0.273252 0.628057 0.465855 1.28638 0.649895
threshold=0.94922371171663422 0.77800197229805812 -1.0010984696466598 0.76048314901579195 -1.0140886165254834 -0.91695054969125322 -0.81099588052378169 -1.3851413492497167 -0.38348310985279183 0.25675478597774104 1.3120909527394293 -0.096491814411083468 -0.60446797241066519 0.35173728838050383 -1.2157965715924173 0.69607646177240123 -1.2109315091689534 -0.4265623127942561 -0.50811099232618007 0.068467282758021122 -1.091749485506939 -0.61440361878631211 0.23819416708298405 0.23258582031738137 -0.097097275268990438 -1.644260077994246 -1.5997184696404585 -1.3617778294021732 -1.0327622506076326 0.2591231969045007
decision_type=2 2 2 2 2 2 2 2 2 2 2 2 2 2 2 2 2 2 2 2 2 2 2 2 2 2 2 2 2 2
left_child=1 2 4 -4 -1 7 -7 24 -9 -10 12 -12 13 14 -8 -16 -15 -14 20 -20 -19 22 -21 -24 -6 -5 -27 29 -29 -28
right_child=-2 -3 3 25 5 6 10 8 9 -11 11 -13 17 16 15 -17 -18 18 19 21 -22 -23 23 -25 -26 26 27 28 -30 -31
leaf_value=-0.10008428184713046 -0.10008428184713046 -0.10008428184713046 0.10009302349492118 0.04597602623285596 -0.049587941451347609 -0.052800697041696515 0.034756622083968555 0.070112137818109627 0.037241040194012566 -0.032642008854863763 0.022146738964015443 -0.070009682097386686 0.077425222771465962 0.072659539968304793 -0.11562396383352502 -0.030879012901935055 -0.012240760317643581 0.024991488414626464 0.098607555884507495 -0.046787389684364127 -0.059746242145835196 0.052435687216366968 0.040939308725650443 -0.017396448114844098 0.009500242338776799 0.073037809169484186 0.0038582645332741745 0.064138303458593629 -0.0035720669930679595 -0.071430483551108218
leaf_weight=17.400906809489243 30.34662278892938 22.801826533395797 69.79692649183562 1.316702302545308 3.1737648621201515 4.9994873180985442 4.4386167004704484 4.6473110057413587 4.2181229963898632 3.4223857671022415 3.6679704859852791 4.7777194753289205 3.156285241246219 3.7334125302731991 4.1721895858645439 4.1333375126123428 4.0875576585531226 4.1177032850682735 4.1026779785752394 4.0308707132935542 5.728015221655367 4.5185111686587325 3.2784553542733192 4.30128163844347 3.866487771272662 1.1427431702613819 2.3916453700512639 3.0237826518714419 38.92463702429086 2.202258612960577
leaf_count=20681 36067 27100 75175 14 17 29 24 35 26 20 21 26 19 24 22 21 22 23 24 22 34 27 19 24 23 13 23 39 378 24
internal_value=-2.80636e-05 0.0123363 0.0238432 0.0592347 -0.0165949 0.000186372 -0.00348617 0.0129635 0.0302093 0.00593858 0.000474777 -0.0299861 0.00525671 -0.0114045 -0.0357629 -0.0734497 0.0282872 0.0155667 0.00907532 0.0253207 -0.024307 0.0066791 -0.011128 0.00783545 -0.0171369 0.00103707 -0.000203805 -0.00200209 0.00130872 -0.0322342
internal_weight=275.92 245.574 222.772 118.799 103.973 86.5722 67.2441 19.3281 12.2878 7.64051 62.2446 8.44569 53.7989 20.5651 12.7441 8.30553 7.82097 33.2338 30.0775 20.2318 9.84572 16.1291 11.6106 7.57974 7.04025 49.0018 47.6851 46.5423 41.9484 4.5939
internal_count=160016 123949 96849 75666 21183 502 381 121 81 46 352 47 305 113 67 43 46 192 173 116 57 92 65 43 40 491 477 464 417 47
is_linear=0
shrinkage=0.1


Tree=64
num_leaves=31
num_cat=0
split_feature=0 12 12 12 12 3 5 4 4 13 6 6 10 1 1 3 3 13 0 3 10 10 0 2 3 8 6 6 7 3
split_gain=30.7147 28.2756 27.7595 27.0871 13.3723 0.512412 0.397372 0.574896 1.15618 1.31991 1.07867 2.08356 1.81877 1.49681 2.04866 1.82056 2.17221 1.47786 1.54939 1.09148 0.855611 2.78499 1.35497 0.804915 0.382034 0.593055 0.434264 1.11871 1.02697 2.18037
threshold=0.94922371171663422 0.77800197229805812 -1.0010984696466598 0.76048314901579195 -1.0140886165254834 -1.5997184696404585 -1.5631856288860653 -0.91695054969125322 -0.57040713465898196 -0.96829047621846309 -1.1519971047957085 -0.7671365494475616 0.10951097829436522 -0.43123357267326595 -1.0000000180025095e-35 -1.0434827184376774 -0.042010063753663167 -0.16932630290856013 -0.78194860263059873 0.82496827681257057 0.19129908212886118 -0.53470561861927279 0.25675478597774104 0.41971458518705479 -1.3206411503366957 0.37256325280654762 0.91662838020058157 0.72419810252650807 -1.0000000180025095e-35 -0.57700031369591931
decision_type=2 2 2 2 2 2 2 2 2 2 2 2 2 2 2 2 2 2 2 2 2 2 2 2 2 2 2 2 2 2
left_child=1 2 4 -4 -1 -5 -6 20 23 -10 12 -12 -11 17 -15 -16 -17 -13 -19 -18 21 -8 -22 -9 25 -7 27 -26 29 -28
right_child=-2 -3 3 5 6 24 7 8 9 10 11 13 -14 14 15 16 19 18 -20 -21 22 -23 -24 -25 26 -27 28 -29 -30 -31
leaf_value=-0.10007625864608681 -0.10007625864608681 -0.10007625864608681 0.10008415487156735 0.068428780965911123 -0.029871640232950965 -0.057972488234417301 0.037397695584961831 -0.0074861217282512701 0.059733671679667102 0.077829281410772083 -0.074685241681751502 -0.087230681012409481 -0.012619727693524627 0.071903976731150732 0.070144585059893516 -0.059772375055661055 0.049072439378925602 0.038377167927630365 -0.042403869563396007 -0.016702173048720004 0.071693251553184748 -0.075835087168320464 -0.008849766472658031 -0.066952585129303813 0.0030758363935081269 0.0047648912043683489 0.067179790468733264 -0.061724889803857132 0.06004703253617874 -0.055710121464175068
leaf_weight=15.746190306032075 27.460850334493443 20.63351662363857 63.16017929057125 1.1000334359705437 4.1847379803657523 2.7865920700132838 6.0122889652848244 4.7982513420283777 3.7840154953300944 4.2087948769330961 4.2416064068674961 3.1932080313563338 4.7122578620910645 4.8697225600480989 3.0650872513651803 6.3237132914364329 4.8641765937209431 4.0589196011424056 5.7208292409777561 5.2414418794214725 5.2968041189014894 3.4006880298256892 3.4485513120889664 4.3304300457239151 28.809764458797876 3.2806577943265438 2.4469266626983881 2.9356179833412162 4.0218383716419321 3.5216914396733046
leaf_count=20681 36067 27100 75175 13 21 21 41 26 24 27 24 17 24 30 18 35 28 25 34 31 34 20 21 22 314 21 21 22 49 30
internal_value=-2.10098e-05 0.0117109 0.0225112 0.0568232 -0.0153711 0.000950109 0.000182265 0.00172409 -0.00276831 0.00276894 -0.0014995 -0.00826925 0.0300525 -0.000724194 0.0138861 -0.000606868 -0.0138064 -0.0281633 -0.00887706 0.0149574 0.0174124 -0.00351066 0.0399328 -0.0356956 -0.000602694 -0.0240494 0.00280582 -0.00291654 0.020989 -0.00532951
internal_weight=261.659 234.199 213.565 112.063 101.502 48.9031 85.7555 81.5708 63.4125 54.2838 50.4998 41.5787 8.92105 37.3371 24.3641 19.4944 16.4293 12.973 9.77975 10.1056 18.1583 9.41298 8.74536 9.12868 47.8031 6.06725 41.7358 31.7454 9.99046 5.96862
internal_count=160016 123949 96849 75666 21183 491 502 481 365 317 293 242 51 218 142 112 94 76 59 59 116 61 55 48 478 42 436 336 100 51
is_linear=0
shrinkage=0.1


Tree=65
num_leaves=31
num_cat=0
split_feature=0 12 12 12 12 3 9 9 1 3 8 9 10 0 13 10 6 10 6 10 3 6 3 3 3 13 4 5 1 3
split_gain=27.6413 25.1796 24.1493 25.8629 12.261 0.431751 0.403642 0.815304 0.859169 0.759937 1.23998 0.702677 1.39115 1.25123 2.33974 1.55325 1.9348 1.30646 2.08072 1.65698 1.65079 1.22151 1.19298 0.508316 0.322752 1.44307 1.04137 1.27556 0.998891 1.30353
threshold=0.94922371171663422 0.77800197229805812 -1.0010984696466598 0.76048314901579195 -1.0140886165254834 -1.5997184696404585 -0.33459396455702045 -0.054874171721550825 1.0000000180025095e-35 0.82496827681257057 -1.6045129131647478 0.32845897312840172 -0.1523013701944376 -0.95506583406532197 0.45595000663832025 -1.0375101266659421 -0.3341684246808963 0.53165376738354675 -0.38227599409941465 -0.19364449876510628 -0.81017358645179771 0.050692130667250666 -0.71444909407532975 -0.014458602311122311 -0.93393698764362976 -0.34301416667158141 1.2778244121797979 -1.2157965715924173 1.3120909527394293 0.97342321711386715
decision_type=2 2 2 2 2 2 2 2 2 2 2 2 2 2 2 2 2 2 2 2 2 2 2 2 2 2 2 2 2 2
left_child=1 2 4 -4 -1 -5 9 8 -8 10 -6 12 -9 14 23 16 -15 18 -17 -20 -19 -22 -14 -13 25 -7 27 -26 29 -29
right_child=-2 -3 3 5 6 24 7 11 -10 -11 -12 13 22 15 -16 17 -18 20 19 -21 21 -23 -24 -25 26 -27 -28 28 -30 -31
leaf_value=-0.10006898983122331 -0.10006898983122331 -0.10006898983122331 0.1000761474096253 0.063958973596379629 -0.036419137460598175 -0.048397804729470674 -0.058831527705854161 0.062476900034089983 0.0042617671904334273 0.063414266917506235 0.037231077435463132 -0.039048373378216733 -0.05358984427958139 -0.083706014447373439 0.023275128627698514 0.085794531029649457 0.014079238393105153 0.054157545194689877 -0.031363722901477785 0.059159469755584643 -0.07145569721876141 0.00044654213674882691 0.022508865586574698 -0.087586953401490988 0.066480173168558337 0.017708495079626543 -0.040186508066566984 -0.0015469916904406217 -0.042635095467718515 0.055666103058659724
leaf_weight=14.248724030738229 24.849317229178268 18.671264505246654 57.154036121210083 1.0613018460571755 4.2228958532214156 6.308899873867631 4.9305390305817109 5.1372615210711965 3.8386287093162537 2.7430761754512778 4.9837462529540053 4.632715478539466 3.0539212375879279 3.9012236669659615 5.1826910786330691 5.5637744516134182 4.2038127370178611 3.5199044011533251 4.8026425465941331 3.4925705268979401 3.6699715927243215 6.6331306993961334 6.3301079422235462 4.0382130891084591 3.6796407885849467 6.9289216501638276 4.5134430117905131 16.99845897499473 3.9648526944220057 5.2006488349288693
leaf_count=20681 36067 27100 75175 13 25 44 29 32 21 19 30 26 18 23 35 36 25 20 27 23 22 37 34 20 47 64 38 181 36 68
internal_value=-1.36308e-05 0.0111053 0.0212339 0.0544598 -0.0142312 0.000876534 0.000178189 -0.00261317 -0.031213 0.0172143 0.00344925 0.00129563 0.0206445 -0.00436445 -0.0298815 0.00551353 -0.0329881 0.0167864 0.0384827 0.00674966 -0.00496629 -0.0251651 -0.00225656 -0.0616537 -0.00053012 -0.0137965 0.00458145 0.011352 0.0035989 0.0118565
internal_weight=248.46 223.611 204.94 105.81 99.1296 48.6562 84.8808 72.9311 8.76917 11.9497 9.20664 64.1619 14.5213 49.6407 13.8536 35.787 8.10504 27.682 13.859 8.29521 13.823 10.3031 9.38403 8.67093 47.5949 13.2378 34.357 29.8436 26.164 22.1991
internal_count=160016 123949 96849 75666 21183 491 502 428 50 74 55 378 84 294 81 213 48 165 86 50 79 59 52 46 478 108 370 332 285 249
is_linear=0
shrinkage=0.1


Tree=66
num_leaves=31
num_cat=0
split_feature=0 12 12 12 12 3 2 0 5 5 10 2 8 4 11 3 4 9 6 11 5 6 6 6 6 8 6 13 13 8
split_gain=24.8771 22.4269 20.9758 24.6217 11.2323 0.40038 1.73816 0.745586 0.646681 1.11839 0.869314 2.8428 0.826195 1.33944 1.69834 1.78918 1.86055 2.84393 1.77779 0.929242 0.800677 0.981775 0.258446 0.86259 1.3836 0.505963 1.87201 1.79325 1.60128 1.59799
threshold=0.94922371171663422 0.77800197229805812 -1.0010984696466598 0.76048314901579195 -1.0140886165254834 1.2700241483962793 -0.42341758283028069 -0.26259690832642885 -1.2157965715924173 -0.52101845700512162 1.0479293696524496 0.069314443352297014 -0.27210723949329085 1.162309940502374 -1.2915378401856887 0.55207226416184418 -0.10834924794928717 0.32845897312840172 -0.093630577588304467 -0.13823713699711188 -1.3894911002392414 0.14690726950428742 -1.584965229562374 -1.4887500907253373 -1.3444273824697821 0.535700522124123 -1.0076743965401533 0.42121243388571178 0.87280087966957376 0.42903822402467923
decision_type=2 2 2 2 2 2 2 2 2 2 2 2 2 2 2 2 2 2 2 2 2 2 2 2 2 2 2 2 2 2
left_child=1 2 4 -4 -1 8 -7 -8 20 10 11 -10 13 14 -11 16 17 -16 19 -18 21 -6 -5 -24 -25 28 -27 -28 29 -26
right_child=-2 -3 3 22 5 6 7 -9 9 12 -12 -13 -14 -15 15 -17 18 -19 -20 -21 -22 -23 23 24 25 26 27 -29 -30 -31
leaf_value=-0.1000624229749412 -0.1000624229749412 -0.1000624229749412 0.10006889547432118 -0.031299829821687879 0.041843133800026015 -0.064161483833747993 0.045598249372600229 -0.018892434320016686 0.016873856084632429 -0.04667053402502172 0.019871148512629156 -0.078837362208246053 0.044289157595453044 -0.038477033882257004 0.025574195565056773 0.068841177048067581 0.024729728402011406 -0.088646145003493479 -0.010373296564884301 0.094392003323217108 0.064054045535350781 -0.030145752645795932 0.062677896502219235 -0.070770132080266029 0.017459204572088067 0.072475442027272685 -0.033095770078263934 0.040953652304915066 -0.039770535078635719 0.11010617049498446
leaf_weight=12.893582158721982 22.485993313603103 16.895511653274298 51.71866720484104 2.3819328248500815 3.8794053047895432 4.6940823830664158 3.6709056571125984 3.5037240460515005 5.6118392311036605 4.5005017332732598 3.5699555128812781 6.942255325615406 5.254888463765389 6.7530049942433825 4.5239714905619604 5.8291541859507552 3.6187024712562526 4.2070282623171806 6.2035214602947324 4.0668051093816757 3.5828460827469808 3.7024828419089317 2.2633731272071591 2.6427048407495013 12.789950876496734 2.6454499680548897 15.233347121626144 4.1644141254946581 4.0735551575198761 2.1788601018488398
leaf_count=20681 36067 27100 75175 18 22 28 24 20 36 30 20 36 36 39 27 38 19 24 38 22 22 21 23 21 133 34 130 70 42 20
internal_value=-5.39493e-06 0.0105082 0.0199864 0.0521023 -0.0131504 0.000171928 -0.0168499 0.0141043 0.00296829 -0.00107659 -0.0236713 -0.0360532 0.00702699 0.00209512 0.0104103 0.0194402 0.00670965 -0.0294628 0.0294486 0.0615917 0.0250976 0.00668862 0.00081872 0.00248216 -0.000633571 0.00387775 -0.0064365 -0.0171984 0.0158174 0.0309449
internal_weight=236.482 213.996 197.101 100.092 97.0087 84.1151 11.8687 7.17463 72.2464 61.0816 16.1241 12.5541 44.9576 39.7027 32.9497 28.4492 22.62 8.731 13.889 7.68551 11.1647 7.58189 48.3736 45.9917 43.7283 41.0856 22.0432 19.3978 19.0424 14.9688
internal_count=160016 123949 96849 75666 21183 502 72 44 430 365 92 72 273 237 198 168 130 51 79 41 65 43 491 473 450 429 234 200 195 153
is_linear=0
shrinkage=0.1


Tree=67
num_leaves=31
num_cat=0
split_feature=0 12 12 12 12 4 1 10 4 10 11 6 13 8 3 10 10 1 6 10 8 11 6 11 10 4 3 1 13 8
split_gain=22.3936 19.9842 18.1937 23.3662 10.2804 0.405076 1.38552 1.47885 1.37324 1.37317 0.870396 0.527633 1.01585 1.25902 1.36093 1.64297 2.36875 1.27417 1.71762 2.22603 1.3201 0.757139 0.736432 0.26408 0.861154 0.727852 1.76975 1.23079 1.49518 0.929915
threshold=0.94922371171663422 0.77800197229805812 -1.0010984696466598 0.76048314901579195 -1.0140886165254834 -0.80143607801382943 0.44042869003308155 0.68085834023326541 -0.57040713465898196 0.49121278039525085 -0.81099588052378169 -1.1519971047957085 -0.96829047621846309 -1.5253765924990283 1.309164436850496 -1.2413033408206877 -0.64464219452169158 -0.43123357267326595 0.43555268601539771 0.61139512552724351 -1.0906429612698505 0.43841321459717669 -1.3925349518883003 0.053979646867650943 1.2691585761521822 1.0467954688249503 -0.46786511929210833 1.3120909527394293 -1.1767159127340898 0.60336933483249455
decision_type=2 2 2 2 2 2 2 2 2 2 2 2 2 2 2 2 2 2 2 2 2 2 2 2 2 2 2 2 2 2
left_child=1 2 4 -4 -1 6 7 10 -7 -8 -6 22 -13 -14 15 -15 -17 20 21 -20 -18 -19 -10 -5 25 27 -27 28 -25 -30
right_child=-2 -3 3 23 5 8 9 -9 11 -11 -12 12 13 14 -16 16 17 18 19 -21 -22 -23 -24 24 -26 26 -28 -29 29 -31
leaf_value=-0.10005647911041585 -0.10005647911041585 -0.10005647911041585 0.10006232667555535 -0.0058726337924815261 -0.012914350565631189 -0.051290880014402879 0.010492158845311746 -0.053116875026707491 0.00070701157600544778 0.095361119068758909 0.04602711064887538 0.045470361468394012 -0.067015956525423859 -0.047251973322627726 -0.064515861779971012 0.073653566517274657 0.010119546075107913 0.084030797042755831 -0.075314729662743538 0.026535389550460916 -0.070608916736324523 0.01995246996867793 0.058259821228509624 -0.039770757438026987 0.061382193573008663 0.028333395576402506 -0.067968696258167441 -0.050474912342902592 0.099315902937715084 0.024733624782191078
leaf_weight=11.667253321444148 20.34731519484194 15.288553020218385 46.799900621408597 26.601408404763788 5.2773602046072483 5.5944351926445952 4.6253096684813491 4.6545233838260165 5.9739104919135571 3.2432713508605957 4.7698299810290354 3.839264426380395 3.3562821820378295 5.562870416790239 3.3039565235376349 5.1452916190028146 3.767444483935833 3.5570111535489763 3.5863932371139509 5.3425858393311501 4.3812021240591985 3.8288654237985611 3.5412572324275953 2.0954775623977211 2.7415137114003292 3.6271011102944613 4.026889947243034 2.1315742991864672 2.9331756746396449 3.8873129487037659
leaf_count=20681 36067 27100 75175 265 34 30 32 27 36 21 28 25 20 34 20 33 21 22 20 30 27 21 21 18 39 39 39 15 36 40
internal_value=6.49689e-06 0.00993095 0.0187876 0.0497717 -0.0121397 0.000166619 0.0116067 -0.00651937 -0.00408152 0.0454734 0.0150677 0.000704266 -0.00375884 -0.00827702 -0.00315314 0.00261115 0.0119794 -0.000992251 0.0151367 -0.0143735 -0.0332849 0.0508124 0.0221264 0.000783733 0.00904136 0.00136856 -0.0223327 0.0177894 0.0341096 0.056808
internal_weight=225.499 205.151 189.863 94.8444 95.0183 83.3511 22.5703 14.7017 60.7808 7.86858 10.0472 55.1863 45.6712 41.8319 38.4756 35.1717 29.6088 24.4635 16.3149 8.92898 8.14865 7.38588 9.51517 48.0445 21.443 18.7015 7.65399 11.0475 8.91597 6.82049
internal_count=160016 123949 96849 75666 21183 502 142 89 360 53 62 330 273 248 228 208 174 141 93 50 48 43 57 491 226 187 78 109 94 76
is_linear=0
shrinkage=0.1


Tree=68
num_leaves=31
num_cat=0
split_feature=0 12 12 12 12 5 3 5 11 0 2 3 13 6 11 2 2 6 13 3 10 11 0 11 0 10 0 11 2 2
split_gain=20.16 17.8144 15.7303 22.1427 9.39961 0.4294 1.68412 1.1235 0.611574 1.59583 1.53962 1.46676 2.73588 1.11567 1.04653 1.50737 1.84598 1.39226 1.04232 0.840547 1.89785 0.828821 0.875204 0.804428 0.940861 0.224416 0.833905 1.07826 0.678639 0.913637
threshold=0.94922371171663422 0.77800197229805812 -1.0010984696466598 0.76048314901579195 -1.0140886165254834 -1.3894911002392414 -1.0000000180025095e-35 -1.2157965715924173 0.24619643073241385 1.0000000180025095e-35 -0.13453558065947327 0.13456636395592672 0.49068757939092572 1.4939192132228023 0.053979646867650943 -1.2530172757706854 -0.067747112249027033 -1.0557819659586718 0.42121243388571178 -0.4405881272553932 0.16408729662597485 -0.81099588052378169 -0.69538998691323706 -0.23434552892949331 -0.17603829260906725 1.5546715617798388 0.60298924884718763 0.43841321459717669 1.1366132526797827 1.0275929456883108
decision_type=2 2 2 2 2 2 2 2 2 2 2 2 2 2 2 2 2 2 2 2 2 2 2 2 2 2 2 2 2 2
left_child=1 2 4 -4 -1 6 -6 -7 13 11 -11 12 -10 14 15 -9 17 -17 -13 -19 -21 22 -18 24 -23 26 28 -28 29 -5
right_child=-2 -3 3 25 5 7 -8 8 9 10 -12 18 -14 -15 -16 16 21 19 -20 20 -22 23 -24 -25 -26 -27 27 -29 -30 -31
leaf_value=-0.10005110486040061 -0.10005110486040061 -0.10005110486040061 0.10005639585634081 -0.001919886654400486 0.022192413136138043 0.053546297079995246 -0.063199171616079242 -0.048204725237749074 -0.082888686508787363 -0.0063246719768133772 -0.090414360632768712 0.082730131782652622 0.03387119502587084 -0.046975303876480468 0.057656556019785268 -0.014627228199548085 -0.072159142133311482 0.10161466577381473 0.0051078937618369838 0.099096778467166718 -0.0062025858987116338 0.065779436594831819 -0.0026052820225948314 -0.023227039364271767 -0.0054550190586456215 -0.02293989881065683 0.10851571959844789 -0.016739391333347241 0.029784213681082462 -0.066600115395758344
leaf_weight=10.557505781936923 18.411951116344426 13.83436036412604 42.348684091120958 32.78684517974034 4.6574818640947342 4.1059867180883876 4.581688739359377 4.5531819537281981 3.8932129517197627 4.4635499119758606 4.2510185018181783 3.1373233050107947 4.1417657732963562 3.5918660312890998 4.3287094570696345 3.3325296491384497 3.2193698547780514 3.2698925174772731 3.8563037365674973 3.0564428567886273 3.890148613601923 3.6858485490083632 4.1299116611480668 4.615991190075893 3.7310358583927155 3.6915539782494298 1.6206776965409511 1.1933424761518834 6.1488026119768611 2.3397361710667601
leaf_count=20681 36067 27100 75175 326 27 26 25 28 21 26 24 21 24 22 30 21 19 21 24 24 24 22 26 27 20 42 27 18 59 19
internal_value=1.68566e-05 0.00936868 0.0176324 0.0474076 -0.0112081 0.000162086 -0.0201531 0.00272434 -0.000293445 -0.0132986 -0.0473441 0.00644318 -0.0227028 0.00650723 0.0111015 0.00572535 0.0131819 0.0414996 0.039929 0.0598076 0.0401283 -0.00661341 -0.0330735 0.00954754 0.0299452 0.000744498 0.00272756 0.0553987 -0.000863383 -0.00622815
internal_weight=215.427 197.015 183.18 90.1296 93.0508 82.4933 9.23917 73.2541 69.1481 23.7432 8.71457 15.0286 8.03498 45.4049 41.8131 37.4844 32.9312 13.549 6.99363 10.2165 6.94659 19.3822 7.34928 12.0329 7.41688 47.781 44.0894 2.81402 41.2754 35.1266
internal_count=160016 123949 96849 75666 21183 502 52 450 424 140 50 90 45 284 262 232 204 90 45 69 48 114 45 69 42 491 449 45 404 345
is_linear=0
shrinkage=0.1


Tree=69
num_leaves=31
num_cat=0
split_feature=0 12 12 12 12 10 10 5 10 10 10 3 2 3 3 2 11 8 2 9 4 1 11 10 0 4 13 10 3 3
split_gain=18.1507 15.8852 13.7196 8.41072 20.9641 0.368036 0.524542 0.82517 0.670604 0.808236 1.38641 1.14542 1.28854 1.52222 1.02205 0.953766 0.814891 0.95666 2.61082 0.891981 1.35569 0.583871 0.232019 0.7639 0.655696 1.39953 1.29891 1.5932 1.07991 0.837453
threshold=0.94922371171663422 0.77800197229805812 -1.0140886165254834 -1.0010984696466598 0.76048314901579195 -1.5113819949079257 -1.2816962529195206 -1.5631856288860653 -1.091749485506939 -0.9305218241279033 -0.68472687928666642 -1.41870358601099 -0.79562568277099743 -0.068864473054101608 -1.0146232411277911 -0.53359550937543199 1.1111719581238468 -1.2267203778479876 1.1911656909119268 1.3228790670807131 0.1226796954055603 1.0000000180025095e-35 0.053979646867650943 1.2691585761521822 -0.26259690832642885 -1.1479794930461005 -0.34301416667158141 0.65331376070795444 -0.89215202442997943 1.1621727295781341
decision_type=2 2 2 2 2 2 2 2 2 2 2 2 2 2 2 2 2 2 2 2 2 2 2 2 2 2 2 2 2 2
left_child=1 2 -1 5 -5 -4 -7 -8 -9 -10 -11 -12 13 -13 -14 -16 17 -17 19 20 -19 -15 24 -24 25 -6 -27 28 -28 -26
right_child=-2 -3 3 4 22 6 7 8 9 10 11 12 14 21 15 16 -18 18 -20 -21 -22 -23 23 -25 29 26 27 -29 -30 -31
leaf_value=-0.10004623881076223 -0.10004623881076223 -0.10004623881076223 0.026596406096819084 0.10005103067926985 0.026676777959116344 -0.029948653209461086 -0.045276740290383644 0.045746511814698604 -0.038046763749255891 0.062194132453191109 -0.044676317597345791 0.019622481893473483 -0.025501370009204778 -0.079068481370210331 0.071651158892648378 -0.027452437609481753 0.06084618607434366 0.046686956960669782 0.09310243492455389 -0.03850685857425179 -0.024209641868617435 -0.023514575108975262 0.0012974412367892283 0.058647024248936544 0.022943328940493064 -0.095920505845669329 -0.031053162053371761 -0.084976139416490806 0.065607654461293879 -0.048967347361484399
leaf_weight=9.5532670555403438 16.660591020365246 12.518424505833535 4.9480736143887034 38.320625519554596 4.4384942809119812 5.9924854859709731 3.6739209443330756 3.5415592454373828 4.8845109380781642 3.8626864105462948 5.1509373374283234 5.0911701545119286 5.4857549369335095 3.7575251534581096 3.3572838380932764 5.5991173535585395 3.4386381208896628 6.1990429311991182 3.8508406728506079 4.166649315506219 4.774553194642067 3.8102559372782707 18.456859240308408 2.656961375847458 10.229837781749664 2.9937612637877455 2.3362479247152796 2.306952552869916 2.2874911190010643 1.9240714479237784
leaf_count=20681 36067 27100 32 75175 44 36 19 22 32 28 32 30 32 22 23 36 22 39 23 25 28 21 187 39 115 20 15 22 31 18
internal_value=2.59497e-05 0.00881915 0.0165148 0.0231614 0.0449907 0.00016375 -0.00154288 0.00086667 0.00339804 0.00103351 0.00429408 0.000204054 0.00487137 -0.0226557 0.014322 0.0212825 0.0152493 0.00887316 0.019583 0.000883714 0.0158402 -0.051098 0.000692709 0.00851431 -0.00553517 -0.0200004 -0.0408758 -0.0170989 0.0167676 0.0115592
internal_weight=206.269 189.608 177.09 167.536 85.9513 81.585 76.6369 70.6444 66.9705 63.429 58.5445 54.6818 49.5308 12.659 36.8719 31.3861 28.0288 24.5902 18.9911 15.1402 10.9736 7.56778 47.6307 21.1138 26.5169 14.3629 9.92445 6.93069 4.62374 12.1539
internal_count=160016 123949 96849 76168 75666 502 470 434 415 393 361 333 301 73 228 196 173 151 115 92 67 43 491 226 265 132 88 68 46 133
is_linear=0
shrinkage=0.1


Tree=70
num_leaves=31
num_cat=0
split_feature=0 12 12 12 12 9 9 2 6 2 11 2 11 4 5 9 4 1 2 2 0 13 6 6 0 9 3 0 3 1
split_gain=16.3427 14.1697 12.1393 7.37043 19.7648 0.401061 0.731347 0.6741 0.793459 1.57313 1.17989 0.923765 0.740604 1.22305 1.74632 1.80733 1.60564 1.44218 1.1717 1.04103 0.932147 0.803507 0.652947 2.07417 0.564193 0.231075 0.967181 0.529628 0.382722 1.25946
threshold=0.94922371171663422 0.77800197229805812 -1.0140886165254834 -1.0010984696466598 0.76048314901579195 -0.33459396455702045 -0.25016036207985193 -1.3892567967782352 -1.10388953537719 -0.3535381942379841 1.3994971339209912 0.62228326972062076 0.72673839039432109 -0.33937819130413455 0.86853777216946992 0.2735504954477323 0.93128099714752655 0.44042869003308155 -0.89460623795383476 0.11059095614020266 -0.52227275547851371 -1.0030280489710683 -0.3341684246808963 0.57987539427095292 -0.52227275547851371 0.19127681228471807 -0.042010063753663167 -0.8685072183479603 -0.24896248364216825 1.3120909527394293
decision_type=2 2 2 2 2 2 2 2 2 2 2 2 2 2 2 2 2 2 2 2 2 2 2 2 2 2 2 2 2 2
left_child=1 2 -1 5 -5 22 -7 -8 9 -9 12 -11 13 17 15 -15 -16 18 -10 -17 -20 -19 -4 -24 -14 28 27 -27 -6 -30
right_child=-2 -3 3 4 25 6 7 8 10 11 -12 -13 24 14 16 19 -18 21 20 -21 -22 -23 23 -25 -26 26 -28 -29 29 -31
leaf_value=-0.10004183919211995 -0.10004183919211995 -0.10004183919211995 0.048500314693097582 0.10004617350486306 -0.011635025504396622 -0.070638013014350895 0.031671848012403615 -0.076511564618696404 -0.064898371391276841 0.030875324255556905 -0.049810756051306804 -0.03753109697366272 0.06511506581714134 0.019340297786290924 0.064138459212324792 -0.09597509929960113 -0.03502989797226673 0.024607584407435643 -0.024281158376063223 -0.026992032663768491 0.038012841693699097 0.090262893750075721 -0.055346064338284068 0.052933983454633793 0.0074458722465645753 0.011718365714647017 -0.021138841654322685 0.087756821365257934 0.019490314450350734 -0.048727050935480354
leaf_weight=8.6445143647724745 15.075755504774859 11.327611783053724 4.2661487609148026 34.675533542758785 20.976042869500816 1.548311874270438 5.7360681518912306 4.2083767801523209 2.4579771086573539 4.2524996623396856 4.1289406493306151 3.6845209151506424 3.4183502122759819 3.686054468154917 4.0000845044851294 4.7296858280897123 2.7586798295378685 4.4464908242225647 4.0974158234894205 4.0703122317790985 5.8056706748902869 3.2094586677849284 3.5266801267862302 3.5497004613280296 3.3678073659539214 1.6967865573242309 3.40630830079317 1.990719207562506 15.936546377371998 3.2600443363189688
leaf_count=20681 36067 27100 29 75175 190 11 36 24 14 27 24 22 20 20 28 27 20 27 25 24 37 22 22 23 20 17 33 25 197 29
internal_value=3.19723e-05 0.00828233 0.0154357 0.021564 0.0427062 0.000162474 -0.0026789 -0.00113285 -0.00415215 -0.0270865 0.00139914 -0.000880281 0.00599093 0.00071846 -0.0172818 -0.0394447 0.0236616 0.0180244 -0.00309995 -0.064068 0.0122386 0.052131 0.0175994 -0.00102992 0.0364952 0.00064055 0.0172795 0.0527681 -0.0022976 0.00790536
internal_weight=197.939 182.863 171.536 162.891 81.942 80.9492 69.6067 68.0584 62.3223 12.1454 50.1769 7.93702 46.048 39.2618 19.2448 12.4861 6.75876 20.017 12.3611 8.8 9.90309 7.65595 11.3425 7.07638 6.78616 47.2664 7.09381 3.68751 40.1726 19.1966
internal_count=160016 123949 96849 76168 75666 502 428 417 381 73 308 49 284 244 119 71 48 125 76 51 62 49 74 45 40 491 75 42 416 226
is_linear=0
shrinkage=0.1


Tree=71
num_leaves=31
num_cat=0
split_feature=0 12 12 12 12 3 13 6 3 10 2 10 5 13 6 10 13 5 10 3 9 4 6 1 3 1 2 2 2 6
split_gain=14.7155 12.6431 10.747 6.4107 18.6266 0.376929 1.32438 1.27047 0.831845 0.73452 0.726222 0.794654 1.24781 0.776594 1.25487 0.809746 1.36175 0.893412 1.95459 1.31699 1.23756 1.19888 1.51858 1.06883 0.888062 1.20922 0.225297 1.58407 0.921192 0.63507
threshold=0.94922371171663422 0.77800197229805812 -1.0140886165254834 -1.0010984696466598 0.76048314901579195 -1.334489711270118 -0.75986503970283492 -0.093630577588304467 -1.0994140298794624 -1.5113819949079257 1.5175681539002697 -1.2545883763012504 -1.3894911002392414 1.3243893254534329 -0.14173814700682283 -0.72572621660643966 -0.13458873015595468 -0.86840751429876961 0.5847095951327882 -0.74133678368104239 0.36836238417625394 0.23819416708298405 -0.43038356351793305 1.3120909527394293 0.12257108343061587 -0.43123357267326595 -1.4292863358594909 -1.3478069904969765 -1.0327622506076326 -0.57470627177348821
decision_type=2 2 2 2 2 2 2 2 2 2 2 2 2 2 2 2 2 2 2 2 2 2 2 2 2 2 2 2 2 2
left_child=1 2 -1 5 -5 6 -4 -8 -7 -10 11 -11 -13 15 -15 16 -14 18 -17 -19 21 22 -21 24 -22 -26 29 -28 -29 -6
right_child=-2 -3 3 4 26 8 7 -9 9 10 -12 12 13 14 -16 17 -18 19 -20 20 23 -23 -24 -25 25 -27 27 28 -30 -31
leaf_value=-0.10003785043974685 -0.10003785043974685 -0.10003785043974685 0.080169302209908588 0.1000417744847221 -0.011580577422065102 -0.040611203717400533 0.036363276930027673 -0.044788301155264845 0.044169316027769606 -0.044453819000063566 0.044363390191598698 -0.046508759992169676 -0.0083246512034023772 -0.071416202682115806 0.012041045688878975 -0.013814930167152748 0.086614540341323015 -0.065009103983997882 0.090180672998879455 0.059719258082715443 -0.043084795396244734 0.073022108877366293 -0.035216179895204792 -0.064939279211473258 -0.022745541792844423 0.064133941090638288 -0.094346196838009266 0.058382537882705858 -0.0015394740768071315 0.06873465626613158
leaf_weight=7.8221759283333077 13.641623674251603 10.250034701311959 2.5718795657157898 31.377028084534686 2.268777484074235 5.2882880344986907 4.0102438405156136 3.7175282128155214 3.6572237014770499 4.5917444601654926 3.2050160355865946 5.4322027564048687 2.7893455289304256 3.3137145712971687 3.9483700543642035 3.8757400512695233 3.2960459031164566 3.2050442472100213 3.3863621614873409 2.8468411937355995 3.2222191914916021 3.8546290770173073 4.1282753795385734 3.477282039821147 3.1620984897017408 3.2471775561571192 1.7629851857200254 2.7482154052704564 38.594851750414819 1.7392696877941478
leaf_count=20681 36067 27100 16 75175 22 32 28 21 24 26 23 31 17 20 23 23 27 20 22 18 19 22 27 20 19 24 13 39 390 27
internal_value=3.4338e-05 0.00775617 0.0143905 0.02003 0.0403484 0.000151244 0.0180113 -0.00267557 -0.00247936 0.000640291 -0.00197023 -0.00454046 -0.00109455 0.00407159 -0.0260408 0.00947225 0.0430975 0.0035249 0.0346788 -0.00481016 0.00324966 0.028265 0.003531 -0.0174166 -0.000259358 0.0212708 0.00059378 -0.00151484 0.00244375 0.0232718
internal_weight=190.432 176.791 166.541 158.718 78.4911 80.2273 10.2997 7.72777 69.9276 64.6393 60.9821 57.7771 53.1853 47.7531 7.26208 40.4911 6.08539 34.4057 7.2621 27.1436 23.9385 10.8297 6.97512 13.1088 9.6315 6.40928 47.1141 43.1061 41.3431 4.00805
internal_count=160016 123949 96849 76168 75666 502 65 49 437 405 381 358 332 301 43 258 44 214 45 169 149 67 45 82 62 43 491 442 429 49
is_linear=0
shrinkage=0.1


Tree=72
num_leaves=31
num_cat=0
split_feature=0 12 12 12 12 3 1 5 3 2 10 1 5 3 0 0 6 11 2 13 8 1 10 11 6 6 3 8 11 9
split_gain=13.2545 11.2893 9.52542 5.54462 17.5179 0.343789 1.48763 0.819147 0.936209 0.831422 1.06461 1.67114 1.91842 2.24307 1.73564 1.81063 1.82063 0.967852 0.822623 1.48598 0.734448 0.613127 0.545088 0.212508 0.922529 0.905211 1.03136 1.31673 1.0945 1.11927
threshold=0.94922371171663422 0.77800197229805812 -1.0140886165254834 -1.0010984696466598 0.76048314901579195 -1.2109315091689534 -1.0000000180025095e-35 -1.5631856288860653 -1.0712928866886842 -0.79562568277099743 1.1883650515132442 1.0000000180025095e-35 0.52114871487582204 0.79720315990756629 -1.0416244497826834 -0.26259690832642885 -0.23795328584385958 -0.4265623127942561 -1.1021412953226959 0.28226214287529888 -0.9813658401256472 -1.0000000180025095e-35 -0.041925179454817295 -1.1954294482533074 -0.28606085526237796 -1.4406425213068188 1.4709037304475834 -0.38301918942782492 1.3994971339209912 -1.4054048385133349
decision_type=2 2 2 2 2 2 2 2 2 2 2 2 2 2 2 2 2 2 2 2 2 2 2 2 2 2 2 2 2 2
left_child=1 2 -1 5 -5 6 20 -7 -9 18 11 12 13 22 -13 -16 -17 -14 19 -10 -4 -12 -11 24 -6 -25 27 -27 29 -29
right_child=-2 -3 3 4 23 7 -8 8 9 10 21 14 17 -15 15 16 -18 -19 -20 -21 -22 -23 -24 25 -26 26 -28 28 -30 -31
leaf_value=-0.1000342444610626 -0.1000342444610626 -0.1000342444610626 -0.048045795568914085 0.10003779756625286 -0.043810440750621599 -0.053206097375829903 0.05864520781289935 -0.048203509583666336 0.033489725809503039 0.11313103473102809 0.017091139984206746 -0.065138472588827018 0.016875122593254171 -0.008835679703936547 0.052953347710854075 0.01855993115595525 -0.067452102068244577 -0.060190143174156309 -0.051359776674981088 -0.039798431011831781 0.015118476226216045 0.075876098145822135 0.056479689276696936 0.05381482576958594 0.024976675274328813 0.086688672435653313 0.067252176409880973 -0.072209955189653674 -0.064094741764996493 0.0023442674988918
leaf_weight=7.0780394728644742 12.343873587728011 9.2749320494476688 3.2669928818941116 28.392181544040795 4.5511396192014217 3.0602840408682814 4.8497280701994878 3.8274638168513766 5.7401862815022451 3.6132099889218816 3.6975477859377861 5.3950792588293508 3.7686264030635357 3.8678224310278893 4.6221948415040925 5.1050231643021045 4.7514573223889025 2.87121907621622 4.809214334934949 5.3406297415494919 4.2169896885752678 3.4110460430383673 3.2049356102943429 3.285590552724897 3.4109167121350756 1.4885043501853932 2.0828628428280345 2.1780201494693712 3.2975543718785039 26.687707286328084
leaf_count=20681 36067 27100 21 75175 35 16 32 22 36 23 24 34 24 24 35 34 30 20 28 32 27 21 19 37 34 21 30 21 28 285
internal_value=4.27174e-05 0.0072607 0.0134085 0.0185957 0.0380229 0.000158005 0.0155024 -0.00266306 -0.000247213 0.0028019 0.00983974 0.00306371 0.025764 0.0519939 -0.0167263 0.00131323 -0.0229034 -0.0164496 -0.0168226 -0.00183303 -0.0124547 0.045299 0.0865015 0.000546279 -0.0143423 0.00358428 -0.00103412 -0.00526067 -0.00951605 -0.00328111
internal_weight=183.491 171.147 161.872 154.794 75.3745 79.4197 12.3337 67.0859 64.0257 60.1982 44.3082 37.1996 17.3258 10.686 19.8738 14.4787 9.85648 6.63985 15.89 11.0808 7.48398 7.10859 6.81815 46.9823 7.96206 39.0202 35.7346 33.6518 32.1633 28.8657
internal_count=160016 123949 96849 76168 75666 502 80 422 406 384 288 243 110 66 133 99 64 44 96 68 48 45 42 491 69 422 385 355 334 306
is_linear=0
shrinkage=0.1


Tree=73
num_leaves=31
num_cat=0
split_feature=0 12 12 12 12 5 3 3 3 8 10 10 8 9 10 4 1 11 3 8 2 11 6 6 6 6 8 8 13 6
split_gain=11.9415 10.0871 8.45174 4.79546 16.4173 0.335302 0.975187 1.4305 1.20233 1.05862 1.09375 2.13128 0.9528 1.49237 1.21928 1.33243 1.15801 2.89879 0.791322 0.761797 0.713196 0.451506 0.241472 0.626912 1.01463 0.649698 0.634082 1.7972 1.46812 1.47167
threshold=0.94922371171663422 0.77800197229805812 -1.0140886165254834 -1.0010984696466598 0.76048314901579195 -0.17362939971147384 -1.334489711270118 -1.0146232411277911 -0.63291077187575462 -1.3496515965836851 -0.45393778986061756 0.38284873663534563 -0.45206892485691524 0.94884281492781641 -0.1523013701944376 0.93128099714752655 0.44042869003308155 -0.23434552892949331 -0.12483749969899133 -0.29965380656110902 0.2707673465063985 -0.61877909665901887 -1.584965229562374 -1.4887500907253373 -1.3444273824697821 -1.200104674214227 0.535700522124123 0.42903822402467923 0.42121243388571178 0.72419810252650807
decision_type=2 2 2 2 2 2 2 2 2 2 2 2 2 2 2 2 2 2 2 2 2 2 2 2 2 2 2 2 2 2
left_child=1 2 -1 5 -5 6 -4 -8 -9 -10 -11 -12 13 14 15 18 17 -16 -7 -14 -13 -21 -6 -24 -25 -26 27 -27 -28 -30
right_child=-2 -3 3 4 22 12 7 8 9 10 11 20 19 -15 16 -17 -18 -19 -20 21 -22 -23 23 24 25 26 28 -29 29 -31
leaf_value=-0.10003099384032665 -0.10003099384032665 -0.10003099384032665 0.0322666599551703 0.10003420055645736 -0.031029509276890188 0.01679697508406541 -0.070333744215278132 0.044309526898323737 0.028162259452256984 -0.060767561479141398 0.04553542415125672 -0.063151419707047421 0.081429714322643065 -0.056181413070124614 -0.080110445328606408 -0.023194566341599651 0.022825351394021542 0.023576328300158593 0.079203812859535164 0.046946676972842001 -0.0013769419237820784 -0.0072219488101783087 0.055745127154382651 -0.061440539674449492 0.069721113742061552 0.0036553876459745611 -0.024539105504065233 0.10536613290722381 0.10698213059601505 -0.011902006709837208
leaf_weight=6.4046727826353154 11.169543699594213 8.3925647893920523 5.4271650351583949 25.691184050083393 2.3065598458051673 3.5067411661148062 3.897404536604884 4.1056714355945614 4.6620285138487878 5.8809085190296271 4.6161071844398851 4.9599896222352982 2.5607935637235641 4.3394680060446253 5.5993214920163155 3.1718169450759879 6.665130026638507 5.2006508931517654 4.8309038504958144 2.7520219273865223 2.9989015758037567 3.4902885258197767 2.0807142276316872 2.5647302605211726 1.4263985855504859 15.850542610511186 16.343155098147694 1.9510975303128351 1.8966017207130779 2.308905721642077
leaf_count=20681 36067 27100 34 75175 18 23 23 26 33 36 30 30 17 27 33 19 38 31 39 18 19 26 23 21 22 169 143 20 48 27
internal_value=5.2182e-05 0.00679119 0.0124837 0.0172533 0.0358214 0.000159408 -0.00684906 -0.0136704 -0.00555834 -0.0144147 -0.0251698 -0.00852193 0.00624118 -0.00149053 0.00670042 0.0319702 -0.0099523 -0.0301808 0.052956 0.0355007 -0.0398749 0.0166592 0.00051756 0.0021556 -0.000477862 0.0034529 0.000988127 0.0148031 -0.01098 0.0417124
internal_weight=177.052 165.882 157.49 151.085 72.4199 78.6653 36.5482 31.121 27.2236 23.1179 18.4559 12.575 42.1171 33.314 28.9746 11.5095 17.4651 10.8 8.33765 8.8031 7.95889 6.24231 46.7287 44.4221 42.3414 39.7767 38.3503 17.8016 20.5487 4.20551
internal_count=160016 123949 96849 76168 75666 502 231 197 174 148 115 79 271 210 183 81 102 64 62 61 49 44 491 473 450 429 407 189 218 75
is_linear=0
shrinkage=0.1


Tree=74
num_leaves=31
num_cat=0
split_feature=0 12 12 12 12 13 2 2 8 2 10 13 3 10 5 0 7 13 1 8 3 11 11 10 11 9 3 0 6 9
split_gain=10.7607 9.01822 7.50635 4.14828 15.3388 0.293948 1.47805 1.55369 0.932891 0.73946 1.76317 1.36282 0.925447 0.844492 1.62644 1.29499 1.15698 1.04496 0.968969 1.22211 0.761082 1.33447 1.01904 0.811066 0.982591 0.221974 0.768781 0.466471 0.338477 1.24248
threshold=0.94922371171663422 0.77800197229805812 -1.0140886165254834 -1.0010984696466598 0.76048314901579195 -1.3156662037445088 1.0000000180025095e-35 0.73061691897489178 -0.18981259368612921 -0.14908702780047126 1.3642298325321012 -0.75986503970283492 -1.41870358601099 0.66730738104927456 -0.86840751429876961 -1.1281830655000451 -1.0000000180025095e-35 0.6991130159065525 -0.43123357267326595 -0.9285365174157042 -0.70053222623995726 0.24619643073241385 0.53452160652955816 -0.69802839176171305 -0.23434552892949331 0.19127681228471807 -0.042010063753663167 -0.8685072183479603 -1.10388953537719 -0.55688260908794718
decision_type=2 2 2 2 2 2 2 2 2 2 2 2 2 2 2 2 2 2 2 2 2 2 2 2 2 2 2 2 2 2
left_child=1 2 -1 5 -5 6 -4 -8 9 10 11 -7 -11 14 -14 -16 17 -17 -15 -20 21 -13 23 -22 -25 28 27 -27 29 -6
right_child=-2 -3 3 4 25 8 7 -9 -10 12 -12 20 13 18 15 16 -18 -19 19 -21 22 -23 -24 24 -26 26 -28 -29 -30 -31
leaf_value=-0.10002803140597599 -0.10002803140597599 -0.10002803140597599 -0.064303901191109084 0.1000309447727098 -0.056112750049858877 0.079827778088841644 0.065763113701974532 -0.031917643232865146 0.053414556590871937 -0.056080272066371062 -0.057741025766673441 -0.0079379167640517712 -0.067180841270429531 -0.024612659817465077 -0.051387178791750948 0.078250150656258885 -0.018686478170651919 -0.0025119930760107005 -0.00015618397252773947 0.082552632135033152 0.056028234379650967 0.08219013861819055 -0.041218563703768495 -0.034246151992418948 0.035955370865818494 0.011316267958627692 -0.017261048163406741 0.083980099696148086 0.0025191091444647738 0.019848869243753592
leaf_weight=5.7953502681921227 10.10690479777986 7.5941198330838224 3.8884947970509511 23.247063412418356 4.5144147453829646 3.3545328266918721 3.0456462949514389 3.4991373419761658 3.424528779461979 3.8671414330601648 3.2536755464971057 3.0861067697405895 4.7763357833027849 3.4820233732461929 3.8026602938771239 3.7614967152476293 5.393070738762626 2.7906621024012566 3.7067436873912811 3.4486412033438665 3.4330908097326818 3.5127417184412479 4.4101053103804597 4.3467009142041251 3.6832772418856417 1.6792300529778006 3.3518851939588776 1.8642829554155467 30.880855110473931 4.1169891608878952
leaf_count=20681 36067 27100 25 75175 38 26 19 21 29 24 20 19 29 21 25 24 36 19 22 21 27 22 26 26 21 17 33 25 334 44
internal_value=6.19294e-05 0.00634473 0.0116102 0.0159929 0.0337282 0.000148343 -0.0154734 0.0135386 0.00256175 -0.000154666 0.0116326 0.0203724 -0.0099402 -0.00421424 -0.0160657 -0.000562483 0.0156171 0.0438523 0.0186524 0.0397065 0.0114971 0.0400396 -0.000368696 0.0153472 -0.00204536 0.000515041 0.0170705 0.0495455 -0.00237411 -0.0198807
internal_weight=171.118 161.011 153.417 147.622 69.6547 77.9668 10.4333 6.54478 67.5335 64.109 29.0802 25.8266 35.0288 31.1616 20.5242 15.7479 11.9452 6.55216 10.6374 7.15538 22.472 6.59885 15.8732 11.4631 8.02998 46.4077 6.8954 3.54351 39.5123 8.6314
internal_count=160016 123949 96849 76168 75666 502 65 40 437 408 187 167 221 197 133 104 79 43 64 43 141 41 100 74 47 491 75 42 416 82
is_linear=0
shrinkage=0.1


Tree=75
num_leaves=31
num_cat=0
split_feature=0 12 12 12 12 9 8 8 0 2 0 2 10 9 0 10 3 6 1 2 1 3 5 2 4 5 3 1 3 1
split_gain=9.69747 8.0657 6.67121 3.55235 14.3333 0.367893 1.38901 0.925498 1.02275 1.1049 3.34694 1.09528 1.3679 0.866493 0.959157 1.22186 1.81209 1.75798 1.35163 1.13707 0.917602 0.667291 0.486554 0.21347 0.362599 0.862461 0.454804 1.52095 0.895745 1.06981
threshold=0.94922371171663422 0.77800197229805812 -1.0140886165254834 -1.0010984696466598 0.76048314901579195 0.73209997508990077 -0.94154328631317752 -0.67088614866351626 -0.95506583406532197 0.096179191304438513 1.0000000180025095e-35 0.52929128673610593 -0.37006524541562147 0.32845897312840172 -1.3013002969347685 -0.1523013701944376 -0.042010063753663167 -0.81524411886608006 0.44042869003308155 -0.25928192296599245 -1.0000000180025095e-35 0.1746744290471445 0.17375965758217404 1.6127682527486908 -1.3790084364009478 1.0000000180025095e-35 1.1621727295781341 0.44042869003308155 0.94682728448119802 0.87625982138625536
decision_type=2 2 2 2 2 2 2 2 2 2 2 2 2 2 2 2 2 2 2 2 2 2 2 2 2 2 2 2 2 2
left_child=1 2 -1 5 -5 6 13 -7 21 10 -10 -11 -13 14 20 18 19 -18 -16 -17 -4 -9 -8 24 25 -6 28 -28 29 -26
right_child=-2 -3 3 4 23 7 22 8 9 11 -12 12 -14 -15 15 16 17 -19 -20 -21 -22 -23 -24 -25 26 -27 27 -29 -30 -31
leaf_value=-0.10002536604290305 -0.10002536604290305 -0.10002536604290305 0.077712942189688911 0.10002799934390838 0.073267489369514757 -0.05056013051933686 0.077517312962785523 -0.060508484147706737 0.11413888247937487 -0.057186272453641468 -0.010110113773657248 -0.033435715265101959 0.052345107315395878 -0.035521349832958793 -0.0024583214164108323 -0.0094216865195613508 0.072139416392366359 -0.019434482562865198 0.081697941989431755 -0.084998436253883966 0.0013816002757317809 -0.0018853929717205923 0.023224114192520205 -0.033976864070592798 -0.01206580981702747 -0.018417328911559581 0.019505541633299602 -0.077338623728569325 0.067598592762203549 0.028590489948249028
leaf_weight=5.2439825444889712 9.1453371902753116 6.8716177629539734 3.2107457332313061 21.035400697292062 2.178371167741715 4.4069026708602896 3.0589569006115189 4.0048961713910129 3.4446130227297562 3.4896258898079378 5.8499096669256687 3.6119327619671822 3.8303577154874802 6.2043175660073748 5.1761146187782305 3.4753626398742199 3.1859094463288811 6.1301257684826771 3.0231118574738503 4.6600847095251137 3.0910644009709385 3.7689908556640148 3.585076317191124 1.7310929056256998 22.826827687211338 1.9394635725766418 3.5096612935885778 3.0146477427333593 2.0537525489926329 9.0334423854947072
leaf_count=20681 36067 27100 23 75175 28 29 23 23 29 22 37 21 22 39 36 22 21 38 22 28 18 25 24 18 235 19 40 25 31 95
internal_value=6.86766e-05 0.00591237 0.0107728 0.0147928 0.031582 0.00015331 0.00602424 -0.00796287 -0.00125859 0.0105899 0.0359374 -0.0109611 0.0107135 -0.00132325 0.0053171 -0.00327057 -0.0182305 0.0118821 0.0285707 -0.052713 0.0402721 -0.0320864 0.0482211 0.000476443 0.00181502 0.0300848 -0.00106369 -0.0252427 0.00358781 -0.000538402
internal_weight=165.792 156.646 149.775 144.531 67.3227 77.2081 44.8009 32.4072 28.0003 20.2264 9.29452 10.9319 7.44229 38.1568 31.9525 25.6507 17.4515 9.31604 8.19923 8.13545 6.30181 7.77389 6.64403 46.2873 44.5562 4.11783 40.4383 6.52431 33.914 31.8603
internal_count=160016 123949 96849 76168 75666 502 294 208 179 131 66 65 43 247 208 167 109 59 58 50 41 48 47 491 473 47 426 65 361 330
is_linear=0
shrinkage=0.1


Tree=76
num_leaves=31
num_cat=0
split_feature=0 12 12 12 12 3 3 2 5 10 8 10 11 2 3 3 7 2 2 1 6 0 5 6 13 6 9 1 13 5
split_gain=8.74228 7.21985 5.93668 3.03479 13.3581 0.387955 1.17024 0.842071 0.68239 0.637129 1.35556 1.40936 1.22276 0.835002 1.30804 1.06176 1.11266 0.695739 0.563917 0.866508 1.80058 1.7393 0.871979 0.834282 0.230699 1.548 0.550382 0.449995 0.970389 0.939823
threshold=0.94922371171663422 0.77800197229805812 -1.0140886165254834 -1.0010984696466598 0.76048314901579195 -1.2109315091689534 -1.41870358601099 0.096179191304438513 -1.5631856288860653 -0.87534677065932576 -1.0494246374978833 -1.4963038449626025 -0.33045392086187469 -0.79562568277099743 -1.0146232411277911 0.81096756179564877 1.0000000180025095e-35 -0.53359550937543199 1.3241100771955576 -1.0000000180025095e-35 0.57987539427095292 -0.8685072183479603 -0.34732392835829778 0.72419810252650807 -1.4546164947549276 0.38744511659687936 -1.5272190802676835 -0.86706470402643965 -0.96829047621846309 0.17375965758217404
decision_type=2 2 2 2 2 2 2 2 2 2 2 2 2 2 2 2 2 2 2 2 2 2 2 2 2 2 2 2 2 2
left_child=1 2 -1 5 -5 6 7 -4 -7 10 -10 -12 -13 15 -15 16 -11 -16 19 20 22 -21 -19 -23 25 -6 -26 -28 -29 -30
right_child=-2 -3 3 4 24 8 -8 -9 9 13 11 12 -14 14 17 -17 -18 18 -20 21 -22 23 -24 -25 26 -27 27 28 29 -31
leaf_value=-0.1000229529521562 -0.1000229529521562 -0.1000229529521562 0.026689614025010907 0.10002533394775437 0.033574920241059368 -0.050089690315904489 0.058216508382428124 -0.040520477577973224 0.024152323971797479 -0.028290566911003359 0.018083737587525441 -0.024443301712984738 -0.10766268446239091 -0.049584898818390503 0.065028712328903268 -0.057122930275849776 0.046093982944738085 0.04260750905827717 0.048474277670446479 -0.055540948229748525 0.088471194895512265 0.049680283137480269 -0.025755969673893899 -0.016380392968002751 0.05608977777314518 -0.083075407357220216 -0.020298600192348946 0.05634787107151093 -0.018057533321677015 0.018654014404813204
leaf_weight=4.745060153582016 8.2752325593173719 6.2178390871849833 3.7016678303480148 19.034098312113201 2.437132252380251 2.9234391972422591 4.3271758891642076 3.7553026303648949 4.9743650816380969 4.6051021292805654 2.9753241799771777 3.720475247129797 3.3602312542498112 3.0215276032686154 3.0094926469027952 4.3150082826614371 3.5697632022202015 3.1344862282276154 4.1484187282621852 4.9658491536974889 3.4848570823669434 4.2962070964276986 4.6095587834715843 3.4444409944117069 1.851324327290057 2.1335201188921928 8.3635902153328008 3.3884633295238009 14.433159869164237 13.491917757317422
leaf_count=20681 36067 27100 26 75175 27 16 30 24 35 28 21 23 22 17 23 25 23 20 29 34 23 31 29 23 25 18 91 34 134 162
internal_value=7.91219e-05 0.00551322 0.010001 0.0136912 0.0295476 0.000162952 0.0168483 -0.00715714 -0.00288269 -0.000643597 -0.0185467 -0.0396685 -0.063936 0.00513031 0.0132294 -0.0169915 0.00419134 0.0193335 0.0144367 0.0085374 0.0287774 -0.00934896 0.00191489 0.0202845 0.000447699 -0.0208759 0.00279459 0.000307852 0.00581167 -0.000320459
internal_weight=160.714 152.439 146.221 141.476 65.1332 76.3427 11.7841 7.45697 64.5585 61.6351 15.0304 10.056 7.08071 46.6047 34.1148 12.4899 8.17487 31.0933 28.0838 23.9354 11.2289 12.7065 7.74405 7.74065 46.0991 4.57065 41.5285 39.6771 31.3135 27.9251
internal_count=160016 123949 96849 76168 75666 502 80 50 422 406 101 66 45 305 229 76 51 212 189 160 72 88 49 54 491 45 446 421 330 296
is_linear=0
shrinkage=0.1


Tree=77
num_leaves=31
num_cat=0
split_feature=0 12 12 12 12 3 1 0 5 11 3 4 6 6 6 3 11 8 4 1 2 6 4 11 10 0 6 2 4 2
split_gain=7.88063 6.46424 5.2858 2.58912 12.4271 0.317291 1.15952 0.591639 0.557881 0.579093 0.864654 0.880893 0.781956 1.66099 2.0393 1.2135 1.0662 1.29626 1.33136 1.70517 0.725666 0.623783 0.243054 0.238822 1.02395 1.79296 0.983624 0.796705 1.14085 1.12018
threshold=0.94922371171663422 0.77800197229805812 -1.0140886165254834 -1.0010984696466598 0.76048314901579195 -1.2109315091689534 -1.0000000180025095e-35 -0.78194860263059873 -1.5631856288860653 1.1111719581238468 -1.0146232411277911 1.162309940502374 1.205273796711692 0.72419810252650807 0.2431224083413242 0.81096756179564877 -0.71488748859140039 -1.2956642393901887 -0.33937819130413455 -1.0000000180025095e-35 0.20274694586505576 -1.0557819659586718 -0.45489266298155834 0.72673839039432109 -0.31449240659596422 -0.8685072183479603 1.0000000180025095e-35 1.3513989753214828 -0.57040713465898196 1.0414489348102174
decision_type=2 2 2 2 2 2 2 2 2 2 2 2 2 2 2 2 2 2 2 2 2 2 2 2 2 2 2 2 2 2
left_child=1 2 -1 5 -5 6 7 -4 -7 10 -10 12 13 14 16 -14 21 -18 -19 -20 -11 -12 -15 27 25 -25 -26 29 -29 -6
right_child=-2 -3 3 4 23 8 -8 -9 9 20 11 -13 15 22 -16 -17 17 18 19 -21 -22 -23 -24 24 26 -27 -28 28 -30 -31
leaf_value=-0.1000207683533752 -0.1000207683533752 -0.1000207683533752 -0.041970949455877926 0.10002292279989711 -0.0023414394333042903 -0.045477855214101887 0.054613705085589874 0.016011375192534396 -0.046583019740106896 8.3015796330230317e-05 0.017610496875971663 -0.040374045308190276 0.0057917539866410668 0.077595198644632768 -0.057592548458120243 -0.07121526863768543 -0.01762961406182639 0.10132023052006978 0.0783368965411462 -0.0099573666825730697 0.066633103223116844 -0.039619771109723985 0.037874616974443692 -0.01414297924627015 0.033728516302712161 0.11216948560701245 -0.043968709437160899 -0.01127955983556235 0.10128095057011187 -0.06419616174927556
leaf_weight=4.2935969863756318 7.4878952907311023 5.6262501006131052 3.1851576715707779 17.223159029526869 27.826212068088356 2.8992329761385909 4.569446846842764 3.9325627498328686 4.3894127570092669 4.0655915588140479 3.1077702045440674 4.9379191398620597 5.5460762642323953 3.1094376444816589 4.9697703942656508 3.2428967505693436 4.7323597036302081 3.0439710803329918 3.6188863217830622 5.5290391854941987 2.7445557899773121 4.9189206641167385 3.0532042011618605 2.2117415741086006 2.7902802750468236 2.2845238680019975 3.9162002131342888 1.949847015552223 1.6730628414079536 3.2720909491181365
leaf_count=20681 36067 27100 19 75175 301 16 32 29 26 25 20 31 38 19 35 21 29 24 25 36 21 35 21 18 37 30 36 19 24 26
internal_value=7.82639e-05 0.00512007 0.00925571 0.0126374 0.027584 0.000152179 0.0153019 -0.00993553 -0.00261828 -0.000581563 -0.00403502 -0.000285578 0.00412591 0.010641 0.000903887 -0.0226218 0.0125553 0.0267914 0.0440336 0.0249715 0.0269033 -0.0174614 0.0579161 0.000416817 0.0131124 0.0500356 -0.0116422 -0.0036794 0.040701 -0.00884965
internal_weight=156.151 148.663 143.037 138.743 63.1471 75.5962 11.6872 7.11772 63.909 61.0098 54.1997 49.8103 44.8723 36.0834 29.9207 8.78897 24.9509 16.9243 12.1919 9.14793 6.81015 8.02669 6.16264 45.924 11.2027 4.49627 6.70648 34.7212 3.62291 31.0983
internal_count=160016 123949 96849 76168 75666 502 80 48 422 406 360 334 303 244 204 59 169 114 85 61 46 55 40 491 121 48 73 370 43 327
is_linear=0
shrinkage=0.1


Tree=78
num_leaves=31
num_cat=0
split_feature=0 12 12 12 12 5 8 9 8 2 8 5 13 4 4 6 3 1 0 1 2 3 3 13 4 0 0 0 10 8
split_gain=7.1077 5.79326 4.7126 2.21042 11.5252 0.342872 0.799143 1.19903 1.08534 0.953285 0.84317 1.46707 0.662122 0.849216 1.37929 1.54439 1.09235 0.781075 1.65382 1.83558 0.438506 0.33073 0.357246 1.18501 0.790423 0.985673 1.44005 1.09431 1.45215 1.0512
threshold=0.94922371171663422 0.77800197229805812 -1.0140886165254834 -1.0010984696466598 0.76048314901579195 -0.17362939971147384 -1.3496515965836851 0.13640625259359587 -0.80486149226771841 0.37770160542873649 -0.61440361878631211 -1.0421020429455934 -0.34301416667158141 -0.10834924794928717 -0.91695054969125322 0.48366025543391611 -0.89215202442997943 0.87625982138625536 -0.43571413976115214 -0.43123357267326595 -0.20435560051614834 -1.5997184696404585 -0.93393698764362976 -0.34301416667158141 1.2778244121797979 -0.52227275547851371 -0.69538998691323706 -1.0416244497826834 -0.44000321258388958 -0.028643367135229997
decision_type=2 2 2 2 2 2 2 2 2 2 2 2 2 2 2 2 2 2 2 2 2 2 2 2 2 2 2 2 2 2
left_child=1 2 -1 5 -5 6 20 -8 9 -9 -10 -12 -7 14 -14 -16 -15 18 -18 -20 -4 -6 23 -23 25 26 27 28 -24 -27
right_child=-2 -3 3 4 21 12 7 8 10 -11 11 -13 13 16 15 -17 17 -19 19 -21 -22 22 24 -25 -26 29 -28 -29 -30 -31
leaf_value=-0.10001879241170782 -0.10001879241170782 -0.10001879241170782 0.051857725003816128 0.10002074238650878 0.058113903581371563 0.044974542080610774 -0.060392140561975033 0.054471699189817972 -0.068525762891364098 -0.018866494848889311 0.037143558741061809 -0.03626498141022657 0.024422073059360439 0.05197160567813524 -0.080169660657920444 0.010246960359614456 0.056839456535158817 -0.028319266255838978 -0.064482115931240341 0.039905262211559406 0.0025562628686200558 -0.047165333311906643 0.11321875068128173 0.014688695172802824 -0.035848480083611987 0.05066537389125142 0.11549186700663627 -0.018052638821676303 0.0062241646096794787 -0.016455135034040853
leaf_weight=3.885080024279886 6.7754548249940845 5.0909370271256185 2.9190141260623932 15.584481420592054 0.97238093800842662 4.0114105045795432 4.8291605934500721 4.5222236178815391 2.9927023053169277 2.9148095995187759 4.3285902626812476 7.3369294181466032 4.6298189722001553 5.5791935920715323 4.7652184665203077 3.1299633532762527 5.4558089710772046 5.9531935788691035 3.7100849151611337 3.0854216217994725 4.7232779487967482 6.0051983501762152 2.1104153487831345 6.3963897284120304 4.1827446836978188 2.8142517656087884 1.7921337094157923 4.5310220550745717 3.1797038838267326 13.654265047051016
leaf_count=20681 36067 27100 24 75175 13 30 31 33 19 20 28 46 33 39 31 19 38 38 22 21 30 44 27 64 38 48 22 45 37 153
internal_value=9.27675e-05 0.00476794 0.00857853 0.0116783 0.0257724 0.000155788 -0.00715216 -0.0152528 -0.00538716 0.0257281 -0.0211739 -0.00902612 0.00642094 0.00216151 -0.0189129 -0.0443249 0.0132597 0.00139557 0.0158347 -0.0170862 0.0213872 0.000418356 -0.000837675 -0.0152628 0.00470693 0.0107476 0.0330578 0.0180155 0.0489081 -0.00498513
internal_weight=151.861 145.086 139.995 136.11 61.223 74.8868 34.5667 26.9244 22.0953 7.43703 14.6582 11.6655 40.3201 36.3087 12.525 7.89518 23.7837 18.2045 12.2513 6.79551 7.64229 45.6385 44.6661 12.4016 32.2645 28.0818 11.6133 9.82114 5.29012 16.4685
internal_count=160016 123949 96849 76168 75666 502 231 177 146 53 93 74 271 241 83 50 158 119 81 43 54 491 478 108 370 332 131 109 64 201
is_linear=0
shrinkage=0.1


Tree=79
num_leaves=31
num_cat=0
split_feature=0 12 12 12 12 2 5 13 8 9 9 2 10 3 3 1 1 5 10 0 2 3 3 10 3 3 4 1 6 10
split_gain=6.41115 5.19457 4.20525 1.89009 10.6644 0.286189 0.616907 0.936178 0.774313 1.02942 0.889506 1.60162 0.962455 0.768475 0.578898 0.950594 0.716055 1.32204 0.909281 1.49767 1.16667 0.669915 0.427626 0.374727 0.276448 0.292659 1.03427 1.2137 0.888547 0.696927
threshold=0.94922371171663422 0.77800197229805812 -1.0140886165254834 -1.0010984696466598 0.76048314901579195 1.5717177085747613 -0.17362939971147384 -0.34301416667158141 -1.3496515965836851 0.13640625259359587 0.79761696518624281 0.73061691897489178 0.85685604784458502 -0.23518287975775931 -1.0434827184376774 -1.0000000180025095e-35 0.87625982138625536 0.69484324352264604 -1.091749485506939 -1.2147416812174068 -0.93662001557806873 0.96055557156275329 0.38789176414904541 0.50514766370397024 -1.5997184696404585 -0.93393698764362976 0.81576652547010275 -0.43123357267326595 0.48366025543391611 -1.5525745904218811
decision_type=2 2 2 2 2 2 2 2 2 2 2 2 2 2 2 2 2 2 2 2 2 2 2 2 2 2 2 2 2 2
left_child=1 2 -1 5 -5 6 8 -8 22 -10 11 -11 13 -12 15 -9 18 -18 -16 -20 -21 23 -4 -22 -6 26 27 -26 -29 -27
right_child=-2 -3 3 4 24 -7 7 14 9 10 12 -13 -14 -15 16 -17 17 -19 19 20 21 -23 -24 -25 25 29 -28 28 -30 -31
leaf_value=-0.10001700172594058 -0.10001700172594058 -0.10001700172594058 0.0013456613156278474 0.10001876542581614 0.05399476359554331 -0.029064742592859266 0.057903355756309643 -0.0053744460605485026 -0.059561309654992116 0.050782238508522648 0.026014312250780908 -0.043993984145441659 -0.071725375154899074 -0.032040675868417065 0.056892817576893011 0.070103041126683863 -0.074590006858243726 0.0061166949589705659 0.060270205770699442 0.036380714987777084 -0.074326488379566111 0.0049931357292342261 0.050582393039115381 -0.026197348555540973 0.021051582399833586 0.074705104059375249 0.044296798360632113 -0.088868867352509179 -0.015388053753266132 0.0012472701319440507
leaf_weight=3.5154257017275077 6.1307895548670777 4.6065488379099397 4.8203286975622168 14.10168591828551 0.94346930272877116 3.2100114002823821 3.6996465288102618 3.4239882901310921 4.6455151252448585 5.2692170590162304 3.8978285044431704 2.6950005926191807 3.1628120839595786 5.4936772547662223 3.3208219259977367 3.2548167780041686 3.3391603007912618 5.1755592674016953 3.2248131893575183 3.1882987208664408 3.437047157436611 3.0738375298678875 2.7819878086447716 3.0561131834983826 3.3287544604390851 1.3484379304572929 2.4583179987967005 3.3745029754936686 3.2120287325233221 30.613658386748288
leaf_count=20681 36067 27100 31 75175 13 20 29 23 30 39 26 17 20 35 24 23 20 35 22 21 23 21 23 20 29 21 30 23 26 349
internal_value=0.000100658 0.00443316 0.00794353 0.0107853 0.024081 0.000140837 0.001462 0.0100981 -0.00860467 -0.0170541 -0.0074302 0.018711 -0.0240137 -0.00794567 0.00497082 0.0314084 -0.00137709 -0.0255335 0.00927966 -0.000614819 -0.0160079 -0.0334669 0.0193633 -0.0516737 0.00043104 -0.000708803 -0.0137667 -0.0281625 -0.0530348 0.00434636
internal_weight=147.804 141.673 137.067 133.551 59.3809 74.1705 70.9605 38.1941 32.7664 25.1641 20.5185 7.96422 12.5543 9.39151 34.4945 6.67881 27.8157 8.51472 19.3009 15.9801 12.7553 9.567 7.60232 6.49316 45.2792 44.3357 12.3736 9.91529 6.58653 31.9621
internal_count=160016 123949 96849 76168 75666 502 482 261 221 167 137 56 81 61 232 46 186 55 131 107 85 64 54 43 491 478 108 78 49 370
is_linear=0
shrinkage=0.1


Tree=80
num_leaves=31
num_cat=0
split_feature=0 12 12 12 12 0 4 11 2 3 1 3 13 9 0 7 1 11 2 10 6 2 5 7 10 10 8 0 4 10
split_gain=5.78215 4.65814 3.75356 1.60158 9.87015 0.311992 0.477794 1.17263 0.47308 0.687475 1.03183 0.655585 1.12554 0.937361 1.44184 0.870989 1.57443 1.18439 1.07234 1.19765 1.01655 0.625357 1.01425 0.257007 0.232873 1.3576 1.24506 1.01149 0.876761 0.870937
threshold=0.94922371171663422 0.77800197229805812 -1.0140886165254834 -1.0010984696466598 0.76048314901579195 -1.6475347598042152 1.3933388838572214 1.3033887419886097 1.5717177085747613 -1.2109315091689534 -1.0000000180025095e-35 -0.46786511929210833 -1.2461910582393008 0.095689684577793546 -0.089479676891705606 -1.0000000180025095e-35 1.3120909527394293 -0.81099588052378169 -0.40954589609364939 0.1496424447889215 1.0000000180025095e-35 -0.54772174473974722 1.0000000180025095e-35 1.0000000180025095e-35 -0.86145402691549078 -0.71137979487077352 0.19331875718966576 -1.1281830655000451 0.35370863876040776 -0.58977901045201919
decision_type=2 2 2 2 2 2 2 2 2 2 2 2 2 2 2 2 2 2 2 2 2 2 2 2 2 2 2 2 2 2
left_child=1 2 -1 5 -5 -4 7 8 9 10 -7 13 23 -11 -15 18 17 -17 20 -20 -14 -19 -23 -13 26 -26 -6 -28 -29 -27
right_child=-2 -3 3 4 24 6 -8 -9 -10 11 -12 12 15 14 -16 16 -18 21 19 -21 -22 22 -24 -25 25 29 27 28 -30 -31
leaf_value=-0.10001538356885363 -0.10001538356885363 -0.10001538356885363 -0.033129999399078007 0.10001697500156677 0.048054341206208717 0.0032523033037907979 0.029889559207432921 -0.053383046048489306 -0.03703237860675572 0.018497673403439042 0.077001312691571983 -0.045120144559291663 0.041945291127432498 -0.076983828820156364 0.002212396980103276 -0.04210709741771388 -0.069189639725095328 -0.005823684206901345 0.094522249254756358 0.018904574020744098 -0.039086553672404295 0.014041535825904162 0.095155945584592228 -0.0074000838920533123 0.092676591982062309 -0.062908338377273429 0.025279771606805442 -0.073580600722350661 -0.0024568747894794878 0.0046475173682357755
leaf_weight=3.1809374724834916 5.5474528224003725 4.1682416471303432 2.7159093692898741 12.759949632527421 2.7922314880415788 4.9327732548117638 5.4375396072864524 4.0057585015892974 2.890741415321826 4.5695013776421467 3.082723764702676 4.0037315599620262 3.1093169189989558 4.5436874963343135 4.6529707163572303 2.8453611936420122 2.7744155824184409 3.0072853863239191 4.1628295406699092 4.2155454456806183 3.0834734104573727 3.5103481560945911 2.7484690807759762 3.2912393994629383 1.6717760860919941 2.0450288224965325 2.6697250045835963 4.564892914146184 2.7940798262134194 28.555746853817258
leaf_count=20681 36067 27100 15 75175 36 34 37 26 18 32 24 26 22 30 28 21 19 22 32 27 21 25 22 21 19 15 28 37 35 321
internal_value=9.68229e-05 0.00409843 0.00732215 0.00991985 0.0223691 0.000131955 0.00140667 -0.00096038 0.00245833 0.00440862 0.0316158 9.17714e-05 0.00706375 -0.0185216 -0.0369152 0.0157725 -0.00124012 0.0143253 0.0331526 0.0564755 0.00159845 0.0316541 0.0496618 -0.0281022 0.000397288 0.00492674 -0.0110041 -0.0274475 -0.0465761 0.000132806
internal_weight=144.334 138.786 134.618 131.437 57.8534 73.5836 70.8677 65.4302 61.4244 58.5337 8.0155 50.5182 36.752 13.7662 9.19666 29.457 14.8859 12.1115 14.5712 8.37837 6.19279 9.2661 6.25882 7.29497 45.0935 32.2726 12.8209 10.0287 7.35897 30.6008
internal_count=160016 123949 96849 76168 75666 502 487 450 424 406 58 348 258 90 58 211 109 90 102 59 43 69 47 47 491 355 136 100 72 336
is_linear=0
shrinkage=0.1


Tree=81
num_leaves=31
num_cat=0
split_feature=0 12 12 12 12 0 4 11 9 2 2 10 9 3 3 0 4 10 3 8 10 10 10 9 2 0 6 11 11 8
split_gain=5.21689 4.18048 3.35429 1.35384 9.11729 0.253355 0.387633 0.958754 0.42206 2.05111 1.89133 1.01842 0.586469 0.663693 1.32588 1.07146 1.75246 1.1674 1.05495 1.35735 0.880753 0.7999 1.34809 0.584466 0.498175 0.219131 0.42239 1.38917 1.70856 1.20673
threshold=0.94922371171663422 0.77800197229805812 -1.0140886165254834 -1.0010984696466598 0.76048314901579195 -1.6475347598042152 1.3933388838572214 1.3033887419886097 -0.054874171721550825 -0.86566852782068837 0.73061691897489178 -0.13790968973596698 0.095689684577793546 -0.042010063753663167 -1.2109315091689534 -0.26259690832642885 -1.0000000180025095e-35 0.027476524191088657 0.79720315990756629 -1.0214362723429919 0.34344848007982404 -0.50811099232618007 0.85685604784458502 0.92003531084006429 0.40561084162645172 -1.6475347598042152 1.0000000180025095e-35 -1.1954294482533074 -0.61877909665901887 0.01346937642773317
decision_type=2 2 2 2 2 2 2 2 2 2 2 2 2 2 2 2 2 2 2 2 2 2 2 2 2 2 2 2 2 2
left_child=1 2 -1 5 -5 -4 7 8 9 -7 11 -11 -10 14 24 17 -17 -16 21 -20 23 -15 -23 -21 -14 -6 27 -27 -29 -30
right_child=-2 -3 3 4 25 6 -8 -9 12 10 -12 -13 13 18 15 16 -18 -19 19 20 -22 22 -24 -25 -26 26 -28 28 29 -31
leaf_value=-0.1000139272125395 -0.1000139272125395 -0.1000139272125395 -0.02984880614640455 0.10001536803312674 -0.028602119212515681 -0.078450882983565506 0.026976482280153577 -0.048436504105238684 0.039594923785493251 0.090720003896677781 -0.055661208061157791 0.011319317615684915 0.059714842273906554 0.0064694698127756248 -0.097561578452233344 -0.044313878198723705 0.05317666453481406 -0.013793083677441207 0.069077368483342685 -0.036530462318078182 -0.059884486277734766 0.11008017536294903 0.013605209930378573 0.027372206625938256 0.0011023778081636355 -0.037018117224410549 -0.0079832865974836884 0.097403392680488324 0.082534626272237482 -0.00089172358419712023
leaf_weight=2.8782712006068314 5.0196125618822398 3.7716333608841515 2.7131633311510077 11.545856480370274 2.4665101245045653 3.5669976770877829 5.4230487942695609 3.9750506542623034 4.8917945921421042 2.3828533142805091 3.1470902562141418 5.0155303850769988 2.8636673092842129 4.4289049506187439 3.346960425376893 4.1242190673947343 3.3347029238939179 3.3078074157238007 2.0174965821206525 2.3488542884588259 3.6461441442370415 2.9626436345279306 2.8338200077414513 3.6637869812548161 2.937728650867939 4.5519321113824871 21.071328387595713 2.7461929190903946 2.0264111785218093 12.008120795246212
leaf_count=20681 36067 27100 15 75175 19 24 37 26 33 19 22 36 22 30 21 26 21 23 16 19 22 25 18 26 21 37 219 44 36 136
internal_value=0.000101368 0.00379656 0.00675764 0.00913353 0.0207657 0.000135551 0.0012941 -0.000855362 0.00225438 -0.0129007 0.00927166 0.0368925 0.0068333 0.00300079 -0.0102108 -0.0267536 -0.000728224 -0.0559238 0.0150141 -0.00552427 -0.0211068 0.0384667 0.0629147 0.00240846 0.0300345 0.000373516 0.00205894 0.0119781 0.0252689 0.011154
internal_weight=141.018 135.999 132.227 129.349 56.4164 72.9323 70.2191 64.7961 60.821 14.1125 10.5455 7.39838 46.7085 41.8167 19.9151 14.1137 7.45892 6.65477 21.9017 11.6763 9.65879 10.2254 5.79646 6.01264 5.8014 44.8705 42.404 21.3327 16.7807 14.0345
internal_count=160016 123949 96849 76168 75666 502 487 450 424 101 77 55 323 290 134 91 47 44 156 83 67 73 43 45 43 491 472 253 216 172
is_linear=0
shrinkage=0.1


Tree=82
num_leaves=31
num_cat=0
split_feature=0 12 12 12 12 2 6 2 4 2 3 3 8 6 4 2 0 8 2 11 3 10 3 3 8 10 10 2 2 9
split_gain=4.70828 3.75441 3.00059 1.14241 8.40687 0.256194 1.65779 0.788577 0.572173 0.967764 1.27925 1.48032 1.90269 1.10628 1.14754 1.03176 0.878775 1.10224 0.99297 0.825719 0.695161 0.61749 0.203917 0.300184 0.455295 0.395629 1.93382 1.22665 2.2695 1.21432
threshold=0.94922371171663422 0.77800197229805812 -1.0140886165254834 -1.0010984696466598 0.76048314901579195 -1.3892567967782352 0.48366025543391611 -1.2530172757706854 0.46922311043783155 0.62228326972062076 1.1493972036642754 0.57871565672670855 -0.45206892485691524 0.14690726950428742 -0.68592160633640564 0.96080534625484559 1.0000000180025095e-35 -0.77758639044889799 0.069314443352297014 -0.71488748859140039 -0.45403060821816921 0.38284873663534563 -1.5997184696404585 -1.3206411503366957 0.37256325280654762 -0.1523013701944376 0.35685403976478186 0.94714594716005207 -0.080315472180172112 -0.16686629553546931
decision_type=2 2 2 2 2 2 2 2 2 2 2 2 2 2 2 2 2 2 2 2 2 2 2 2 2 2 2 2 2 2
left_child=1 2 -1 5 -5 6 -4 -7 9 10 11 12 13 14 -9 -11 18 -18 -10 -17 -20 -21 -6 24 -24 -25 -27 28 29 -28
right_child=-2 -3 3 4 22 7 -8 8 16 15 -12 -13 -14 -15 -16 19 17 -19 20 21 -22 -23 23 25 -26 26 27 -29 -30 -31
leaf_value=-0.10001259535638099 -0.10001259535638099 -0.10001259535638099 0.06862460658310203 0.10001390557424002 0.047715571743206939 -0.049071267831557519 -0.034195203574978482 0.064526207359877658 -0.027700760724855718 -0.047797753722325587 -0.028581311489508862 0.078991697769609681 0.084158006949160424 -0.047807140411027446 -0.011277367179814392 -0.03378858301441981 -0.004958755711934654 -0.08099393197182661 -0.0083994192676016804 0.00014391994316896941 0.050389499788436654 0.059691680206019664 -0.053507939597588788 -0.0073930497262845486 0.0042069979951161072 0.077165902036207823 -0.040026948428703732 -0.04518588640122928 0.084630252889885099 0.057469895242850288
leaf_weight=2.6044002504640948 4.5419904179434516 3.4127579318010239 3.2772796023637047 10.44726810105203 0.89153395406901736 3.3367725908756247 3.0067931488156319 3.2273082733154279 6.2192815747112062 5.2241245359182349 4.4042562637478104 4.8612773939967147 3.2124908715486589 3.7199691645801058 5.2387757003307343 3.4173552729189387 4.2095414102077484 3.4848728720098725 3.5130754336714745 4.0013624988496295 4.7054463811218721 3.0832331627607346 2.539222164079546 19.575369765982028 2.9603744298219681 3.7489688936621013 5.2248922670260054 4.7418180573731652 3.2972835577093065 1.6908862320706246
leaf_count=20681 36067 27100 25 75175 13 22 20 24 40 32 35 37 25 31 32 22 25 25 24 26 36 21 21 200 21 57 61 37 51 30
internal_value=0.000109817 0.0035219 0.0062427 0.00841722 0.0192569 0.000135685 0.0194275 -0.00170508 0.000822814 0.00790424 0.0202644 0.0308829 0.0156951 -0.00235308 0.0176193 -0.0114809 -0.0121004 -0.0393958 0.00244625 0.00658465 0.0252597 0.0260592 0.000369863 -0.000594308 -0.0224406 0.00254436 0.0129448 -0.00315447 0.0163603 -0.0161893
internal_weight=137.82 133.278 129.865 127.261 55.1176 72.1432 6.28407 65.8591 62.5224 40.3902 24.6641 20.2598 15.3985 12.1861 8.46608 15.7261 22.1322 7.69441 14.4378 10.502 8.21852 7.0846 44.6703 43.7788 5.4996 38.2792 18.7038 14.9549 10.2131 6.91578
internal_count=160016 123949 96849 76168 75666 502 45 457 435 285 184 149 112 87 56 101 150 50 100 69 60 47 491 478 42 436 236 179 142 91
is_linear=0
shrinkage=0.1


Tree=83
num_leaves=31
num_cat=0
split_feature=0 12 12 11 12 12 4 13 5 3 9 1 13 1 2 2 3 3 3 10 13 10 2 8 4 1 5 0 13 5
split_gain=4.25059 3.37406 2.68686 1.05688 1.13603 7.44739 0.525392 0.647911 0.485974 2.38444 0.443644 1.46991 1.94153 0.962529 1.31009 0.931819 1.18676 1.14099 1.46742 1.06344 1.04122 0.911906 0.658551 0.562192 0.551294 0.246162 0.869215 1.08182 1.71678 0.93342
threshold=0.94922371171663422 0.77800197229805812 -1.0140886165254834 2.2644726613124244 -1.0010984696466598 0.76048314901579195 -1.6100373797557954 -1.5935667857653433 -1.2157965715924173 -0.82348793719257529 -0.026919765966474583 1.3120909527394293 -0.82934018520804875 0.87625982138625536 0.18963383335473086 0.3511582487906168 -1.334489711270118 0.97342321711386715 -0.60446797241066519 -0.20661963350450915 1.0000000180025095e-35 -0.94416257880514365 1.0559512965585964 0.37256325280654762 0.70025205379267896 -0.43123357267326595 1.0422323008162941 0.34331340169510266 -0.20406387566116854 0.34745418622899804
decision_type=2 2 2 2 2 2 2 2 2 2 2 2 2 2 2 2 2 2 2 2 2 2 2 2 2 2 2 2 2 2
left_child=1 2 -1 4 25 -6 -7 -8 9 -9 13 12 -12 15 23 17 -17 18 19 -10 -18 -14 -23 -15 -22 -4 27 29 -29 -27
right_child=-2 -3 3 -5 5 6 7 8 10 -11 11 -13 21 14 -16 16 20 -19 -20 -21 24 22 -24 -25 -26 26 -28 28 -30 -31
leaf_value=-0.10001139768648036 -0.10001139768648036 -0.10001139768648036 -0.0076955649074084351 -0.12841650557315074 0.10001257894968894 0.059930777861272294 -0.055073848945664139 -0.04969679269577168 -0.06680543980692813 0.1096876529903353 -0.06620333949226595 -0.06347207351661481 -0.00020229228639573441 0.11048320578146582 -0.017468445169516685 -0.073906927077734205 0.058430268971813831 0.026292912970427653 -0.096400752809805271 0.029279967213670363 0.023531301973803195 0.11269212597566794 0.030943202847465809 0.0287239563582759 -0.054380272547590314 0.00046233460731214991 0.037315013871693802 -0.0072054063846879388 0.080579626208287292 -0.039133521842487445
leaf_weight=2.3565855423876192 4.1098095235865904 3.088026120531139 25.666849281638861 0.56728838176058971 9.4384853934461699 1.5154488449916232 2.0330709582194677 1.7275255136191847 2.1344358390197131 2.0554062006995073 1.4698242489248512 1.796112038195133 1.7169731352478255 1.6833249051123851 3.5478904154151678 1.5564504051581023 3.8346347147598845 2.224312840960919 4.2301590079441711 2.5021527791395783 1.7777975331991913 2.9732316145673421 1.4739437438547609 1.6807894455268977 1.8566978881135581 21.364169431850318 6.8755010291934004 5.4538685567677021 3.7662066854536516 8.2536185048520547
leaf_count=20681 36067 27100 179 120 75058 21 19 13 16 34 10 16 19 28 35 12 38 31 38 29 22 52 15 18 22 147 56 38 25 57
internal_value=0.000123762 0.00327438 0.0057753 0.00776686 0.00838684 0.0194438 0.00207815 4.26879e-06 0.0027869 0.0369026 -0.000752925 0.0179225 0.0370729 -0.00726864 0.024925 -0.0183303 0.00552789 -0.0377453 -0.05381 -0.0149526 0.0220809 0.0616989 0.0855978 0.0696344 -0.0162702 0.000141565 0.00454191 -0.00125995 0.0286529 -0.0105719
internal_weight=134.731 130.621 127.533 125.176 124.609 53.2287 43.7902 42.2747 40.2417 3.78293 36.4587 9.43008 7.63397 27.0286 6.912 20.1166 9.02558 11.0911 8.86675 4.63659 7.46913 6.16415 4.44718 3.36411 3.6345 71.3802 45.7134 38.8379 9.22008 29.6178
internal_count=160016 123949 96849 76168 76048 75546 488 467 448 47 401 112 96 289 81 208 94 114 83 45 82 86 67 46 44 502 323 267 63 204
is_linear=0
shrinkage=0.1


Tree=84
num_leaves=31
num_cat=0
split_feature=0 12 12 11 12 12 11 13 11 3 2 4 2 2 4 10 2 5 9 4 4 1 6 2 13 4 6 6 10 10
split_gain=3.83858 3.03405 2.40794 0.911508 0.980216 6.8446 0.387964 0.86822 1.36112 1.02631 0.731854 0.969719 0.902102 1.76075 1.34731 1.15145 1.60079 1.4172 1.20354 1.02089 0.882974 0.691216 0.470596 0.364587 0.268673 0.401126 0.526482 1.65385 1.28743 1.18523
threshold=0.94922371171663422 0.77800197229805812 -1.0140886165254834 2.2644726613124244 -1.0010984696466598 0.76048314901579195 0.72673839039432109 -0.06511358465074972 1.2072803500562281 -0.38574087695561848 1.3513989753214828 -0.57040713465898196 0.74442681851000558 0.32455817764362144 -1.2634939647235244 -0.52153043874339733 -1.2941188715569452 -1.0000000180025095e-35 -0.36314803144900593 -0.33937819130413455 -0.68592160633640564 0.87625982138625536 -0.23795328584385958 -0.54772174473974722 1.8107153439898915 1.5088533555346453 0.14690726950428742 0.72419810252650807 0.53165376738354675 1.0628855155696153
decision_type=2 2 2 2 2 2 2 2 2 2 2 2 2 2 2 2 2 2 2 2 2 2 2 2 2 2 2 2 2 2
left_child=1 2 -1 4 24 -6 10 9 -9 -8 12 -12 13 14 23 17 -17 -16 19 -18 -15 22 -14 -7 25 26 -4 28 -28 -29
right_child=-2 -3 3 -5 5 6 7 8 -10 -11 11 -13 21 20 15 16 18 -19 -20 -21 -22 -23 -24 -25 -26 -27 27 29 -30 -31
leaf_value=-0.10001031693817551 -0.10001031693817551 -0.10001031693817551 0.0078467914549150523 -0.12321329117789084 0.10001137588772212 0.014717596562634969 0.012554872283182054 0.054873382047335807 -0.047898696161368805 0.1098419408101281 -0.0071443182990292052 0.099345834858733176 0.017145505313017711 0.016575431892913658 -0.11248896386098584 -0.063758301167304826 -0.051876737306991716 -0.014054826501932481 0.081550637889751976 0.046159437129225024 0.11643097448746349 -0.084475866174506573 -0.046154234512710481 0.079343068607887091 -0.030288572509795459 0.037025005111264428 -0.018450912328658659 -0.0077228880259679117 -0.09760109427146306 0.049186901259511556
leaf_weight=2.1323487682893747 3.7187477890765868 2.7941903979808549 35.959483068436384 0.53385781138786015 8.5403918908559699 1.8354065883904698 2.6904771830886602 2.1178740253671986 3.2914911787956953 1.8164239507168529 1.9191371239721777 1.5423543602228154 2.133174448274076 1.7819106159731748 2.6379151791334152 2.9095051083713797 2.3087408049032119 3.2829233324155256 2.4136656178161431 1.967311800457537 1.7603414487093676 2.3025514520704746 2.613299509510397 1.6647530756890816 2.7891213856637469 3.0169391073286524 6.0045805908739585 15.503029275685551 3.1243251375854015 4.7903646752238265
leaf_count=20681 36067 27100 252 120 75058 21 28 33 28 29 19 24 23 18 20 28 24 39 38 27 27 20 22 20 19 21 43 110 25 32
internal_value=0.000145607 0.00305137 0.00534811 0.0071709 0.00773811 0.0182428 0.00199834 0.0193475 -0.00766138 0.0517646 -0.00320345 0.040305 -0.00828946 0.00146647 -0.0105891 -0.0232284 -0.00183651 -0.0579103 0.0250946 -0.00677259 0.0661992 -0.0395162 -0.0177059 0.0454549 0.000134261 0.00137482 -0.000270197 -0.0101907 -0.0455397 0.00571097
internal_weight=131.897 128.178 125.384 123.251 122.717 51.5296 42.9893 9.91627 5.40937 4.5069 33.073 3.46149 29.6115 22.5625 19.0202 15.5201 9.59922 5.92084 6.68972 4.27605 3.54225 7.04903 4.74647 3.50016 71.1878 68.3987 65.3818 29.4223 9.12891 20.2934
internal_count=160016 123949 96849 76168 76048 75546 488 118 61 57 370 43 327 262 217 176 117 59 89 51 45 65 45 41 502 483 462 210 68 142
is_linear=0
shrinkage=0.1


Tree=85
num_leaves=31
num_cat=0
split_feature=0 12 12 3 3 11 11 12 12 11 8 2 0 13 13 4 10 0 1 8 4 0 3 2 0 1 2 10 6 3
split_gain=3.46602 2.72879 2.15894 0.847818 0.842014 0.7689 0.928066 0.850095 6.36431 0.496707 0.356805 0.34256 0.431299 0.902415 1.34181 0.731302 0.988223 0.885443 0.764015 0.693884 0.581764 2.73515 1.05932 2.45674 0.988837 0.634237 0.654411 0.451264 0.421321 0.333966
threshold=0.94922371171663422 0.77800197229805812 -1.0140886165254834 -1.6949049930774878 1.6754154257422591 2.2644726613124244 2.0722558774476609 -1.0010984696466598 0.76048314901579195 1.6878223097181355 -1.6455868593928378 1.5580018348670335 -0.95506583406532197 -0.16932630290856013 -0.75986503970283492 -0.80143607801382943 -0.19364449876510628 0.25675478597774104 -1.0000000180025095e-35 -0.27210723949329085 -0.10834924794928717 0.34331340169510266 -0.89215202442997943 -0.21795643218273153 -0.089479676891705606 -0.43123357267326595 -0.13453558065947327 -0.82015630831886444 -0.093630577588304467 1.4041961115329997
decision_type=2 2 2 2 2 2 2 2 2 2 2 2 2 2 2 2 2 2 2 2 2 2 2 2 2 2 2 2 2 2
left_child=1 2 -1 -4 5 6 7 11 -9 10 -6 12 13 14 -5 16 17 -14 -18 20 21 -17 23 -22 -24 -26 -27 -15 -29 -10
right_child=-2 -3 3 4 9 -7 -8 8 29 -11 -12 -13 15 27 -16 19 18 -19 -20 -21 22 -23 24 -25 25 26 -28 28 -30 -31
leaf_value=-0.10000932738772157 -0.10000932738772157 -0.10000932738772157 0.10163069079440344 -0.0014001022084400509 -0.10638769858949629 -0.11862956415314532 0.12731176292554899 0.10001029660148548 0.0022364235654252205 -0.10558799842675202 0.11701983818974243 -0.035715774095477416 0.095712443271464026 -0.02729386571247196 -0.077986736700152159 -0.079031648937140264 -0.025697159743434363 0.01549298261006405 0.043405951492316359 0.041242139500602439 0.1080569115960419 0.039961980951227334 0.028271432516231973 -0.027986367934605134 -0.060219631138224483 0.019095098456828219 -0.038486892762033084 0.042307485232201181 -0.0019325412485065394 -0.03137778087485904
leaf_weight=1.9294469615415426 3.364893552628927 2.5283116221544324 0.93176173321262368 5.0583442337810993 0.076179302268428617 0.50112193703534913 0.62218973314156656 7.4548062701069275 38.167648915667087 0.12541953541222017 1.1609408837102808 2.9338086619973174 2.8493960984051228 3.0751053467392913 4.1764062531292456 4.772864852100609 4.2902594618499279 2.660839419811964 2.5514586567878705 3.1858316715806749 2.632234763354063 3.2449893243610859 4.4308947734534767 2.6777909696102169 3.8857475183904189 3.79119845852256 4.1169484294950909 3.7972761020064345 4.9705006554722777 3.2037751879543057
leaf_count=20681 36067 27100 891 32 10 117 630 72407 438 59 1092 20 23 26 27 30 30 19 23 27 20 22 32 20 25 25 26 27 34 36
internal_value=0.000151537 0.00283056 0.00493976 0.00660849 0.00587321 0.00497861 0.00550111 0.00485844 0.0149589 0.0840385 0.103263 -0.00227841 -0.000795843 -0.0126044 -0.0360363 0.00472408 0.0254574 0.0569752 7.32284e-05 -0.0030984 -0.00787839 -0.0308725 0.000682789 0.0394517 -0.0120054 -0.0271372 -0.0108818 0.0056672 0.0172276 -0.000366638
internal_weight=129.168 125.803 123.275 121.346 120.414 119.051 118.55 117.928 48.8262 1.36254 1.23712 69.1019 66.1681 21.0776 9.23475 45.0905 12.352 5.51024 6.84172 32.7385 29.5527 8.01785 21.5348 5.31003 16.2248 11.7939 7.90815 11.8429 8.76778 41.3714
internal_count=160016 123949 96849 76168 75277 74116 73999 73369 72881 1161 1102 488 468 146 59 322 95 42 53 227 200 52 148 40 108 76 51 87 61 474
is_linear=0
shrinkage=0.1


Tree=86
num_leaves=31
num_cat=0
split_feature=0 12 12 3 3 11 11 12 12 11 8 0 11 10 13 2 1 2 11 0 0 9 4 5 8 2 5 1 3 3
split_gain=3.12955 2.45473 1.93642 0.742977 0.753579 0.665518 0.824205 0.705239 5.83892 0.44146 0.318008 0.31538 0.453004 1.12255 0.716714 0.706766 0.716982 1.47002 0.94686 0.621849 0.916842 1.78367 1.05003 0.768937 0.621254 1.06792 0.933568 0.853395 0.296051 0.767873
threshold=0.94922371171663422 0.77800197229805812 -1.0140886165254834 1.6754154257422591 -1.6949049930774878 2.2644726613124244 2.0722558774476609 -1.0010984696466598 0.76048314901579195 1.6878223097181355 -1.6455868593928378 -1.6475347598042152 0.053979646867650943 0.71017887943310465 0.073836706359672072 1.123436080397763 -1.0000000180025095e-35 0.41971458518705479 0.63062999846193957 -0.26259690832642885 -0.52227275547851371 -1.3072715604905074 -1.2634939647235244 0.34745418622899804 0.8210880410728042 -0.58924077478839498 0.86853777216946992 1.0000000180025095e-35 -1.4469474953146315 -1.2109315091689534
decision_type=2 2 2 2 2 2 2 2 2 2 2 2 2 2 2 2 2 2 2 2 2 2 2 2 2 2 2 2 2 2
left_child=1 2 -1 4 -4 6 7 28 -9 10 -5 -10 19 15 -15 16 -14 18 -18 20 21 -13 -23 -24 25 -21 -27 -26 -6 -30
right_child=-2 -3 3 9 5 -7 -8 8 11 -11 -12 12 13 14 -16 -17 17 -19 -20 24 -22 22 23 -25 27 26 -28 -29 29 -31
leaf_value=-0.10000844657635266 -0.10000844657635266 -0.10000844657635266 0.097712788864077374 -0.10495723084489191 -0.023369440549975386 -0.11413538389705064 0.12445960040001168 0.10000931751724483 -0.036963955839128718 -0.1020823427029009 0.11534153892893109 -0.091396028983566441 -0.043424853887853089 0.024922084446444781 0.11043811244188143 0.048677872318505434 0.0043333149656424805 -0.047212233051489749 0.11071287734641032 0.097434076969558567 -0.073266721849904501 0.08710567959117331 -0.043681144432046445 0.03239018380519286 0.03141916056256093 0.051407810318576552 -0.050777476545610545 -0.04785343778370052 0.042319058531169129 -0.0029325463049447863
leaf_weight=1.7458505277609209 3.0447072668030151 2.2877302501001386 0.87518260974320483 0.069822001023567171 5.9527118895202866 0.47037173827993584 0.57521722599631075 6.7454503942280999 2.2235957421362391 0.11718392628245045 1.0649646491656302 1.9810643140226591 4.2294973200187087 2.3825707398354998 1.6649022120982406 2.3672753497958174 1.7985523473471423 2.5185307860374451 1.5645292317494748 1.7756433058530081 2.8080614022910604 1.6050041140988458 2.6257277429103851 2.690116670448333 2.3839307660236955 1.8716401476413023 1.7117562890052793 3.1556228157132864 4.006926540285348 58.462621072307229
leaf_count=20681 36067 27100 891 10 42 117 630 72407 17 59 1092 17 44 30 32 28 21 24 26 27 24 23 20 38 29 26 20 28 31 415
internal_value=0.000150407 0.00261504 0.00454823 0.00607323 0.00526324 0.00457506 0.0050519 0.00446246 0.0137407 0.0827048 0.101787 -0.000329571 0.00175197 0.0143362 0.0600986 -0.000507246 -0.0120228 0.0105586 0.0538218 -0.00744652 -0.0234463 -0.00773068 0.0162182 -0.00518477 0.00974439 0.0340185 0.00259482 -0.0137387 -0.00206054 -3.00144e-05
internal_weight=126.777 123.732 121.444 119.698 118.447 117.571 117.101 116.526 48.1035 1.25197 1.13479 41.358 39.1344 16.5259 4.04747 12.4784 10.1111 5.88161 3.36308 22.6086 11.71 8.90191 6.92085 5.31584 10.8986 5.35904 3.5834 5.53955 68.4223 62.4695
internal_count=160016 123949 96849 76168 75007 74116 73999 73369 72881 1161 1102 474 457 205 62 143 115 71 47 252 122 98 81 58 130 73 46 57 488 446
is_linear=0
shrinkage=0.1


Tree=87
num_leaves=31
num_cat=0
split_feature=0 12 12 3 3 10 11 0 11 11 13 8 13 8 0 6 9 12 10 6 11 10 11 6 13 3 2 10 11 10
split_gain=2.82718 2.20992 1.73858 0.668079 0.655069 0.656256 0.59012 0.586637 0.565601 0.747017 0.562174 1.64285 1.316 1.30179 1.00622 1.21348 0.931807 0.803759 0.630575 1.0741 1.13085 0.975085 0.903612 0.648722 0.58803 0.578211 1.38063 1.4416 1.12865 1.06309
threshold=0.94922371171663422 0.77800197229805812 -1.0140886165254834 1.6754154257422591 -1.6949049930774878 1.7063346946566438 -2.0604049756447398 -1.0416244497826834 2.2644726613124244 2.0722558774476609 1.9149280622477078 -1.4971783862457777 1.6022899074742647 0.4144580707797989 0.25675478597774104 -1.6811803683994107 -0.76032562115497671 -1.0010984696466598 -1.6209794930289052 -0.38227599409941465 0.43841321459717669 -1.6073357299393696 -0.81099588052378169 -1.4406425213068188 0.45595000663832025 1.1756748752130268 0.20274694586505576 -0.9305218241279033 -1.4837546240504518 -1.1726746274556004
decision_type=2 2 2 2 2 2 2 2 2 2 2 2 2 2 2 2 2 2 2 2 2 2 2 2 2 2 2 2 2 2
left_child=1 2 -1 4 -4 6 7 -6 9 10 12 -12 18 16 15 -14 -13 -16 19 20 22 -20 -8 -24 -25 -23 28 29 -27 -28
right_child=-2 -3 3 -5 5 -7 8 -9 -10 -11 11 13 14 -15 17 -17 -18 -19 21 -21 -22 25 23 24 -26 26 27 -29 -30 -31
leaf_value=-0.10000763932771631 -0.10000763932771631 -0.10000763932771631 0.093693101119092695 0.081465193855643256 -0.092175326090836132 0.10958727175618806 0.11073070380645066 0.12854938749465455 -0.10990429301520102 0.12194602762871312 0.20035496895062896 0.10657571607995231 -0.13484396502971846 0.10488553007909046 -0.11654207017444906 0.12204657445750569 -0.11848620738773792 0.10359423306924792 -0.13512155859600081 0.10248080848672401 0.12202751823545598 0.0044297831262083316 0.11757639350145566 -0.13462903423363301 0.1083336246111592 0.11252378548875766 0.029291701958923534 0.059392309383495261 -0.049670278813624277 -0.13424453113671217
leaf_weight=1.5797229308082013 2.7549860715371315 2.0700397188193156 0.82414737812359717 1.149443958995106 0.14701206165045733 0.58814445350435463 0.28998884183965867 0.66547107708902231 0.44132341108342998 0.5301894497097227 0.25443942599667968 0.20351652447425395 0.20102902330108996 0.37674012810020929 0.45029443502426147 2.1555813662635037 1.9143360164016472 0.26257749447540835 0.52517941702534088 1.6625462836964136 0.52041315576207114 89.717802651597623 0.14029455087438703 1.0059233152423988 0.11056275774899393 0.45214964960177795 0.76938559823611286 3.5378982782785888 8.3917239432994375 0.82239274830499176
leaf_count=20681 36067 27100 891 1161 208 588 243 530 116 623 54 321 29 541 4 1981 781 673 250 1270 291 55612 95 189 84 400 576 3427 4912 318
internal_value=0.000167168 0.00243375 0.00420548 0.00559932 0.00485374 0.00422331 0.00368701 0.0886111 0.00308563 0.00352192 0.00297001 -0.0417018 0.0040762 -0.0663908 0.0686425 0.100133 -0.0968587 -0.0354576 0.00224024 0.0426414 -0.00548481 0.000794351 -0.0483865 -0.0851012 -0.110569 0.00148274 -0.0174389 0.0238336 -0.041378 -0.0551993
internal_weight=124.515 121.76 119.69 118.111 116.961 116.137 115.549 0.812483 114.736 114.295 113.765 2.74903 111.016 2.49459 3.06948 2.35661 2.11785 0.712872 107.946 3.72973 2.06718 104.217 1.54677 1.25678 1.11649 103.691 13.9736 5.12968 8.84387 1.59178
internal_count=160016 123949 96849 76168 75007 74116 73528 738 72790 72674 72051 1697 70354 1643 2687 2010 1102 677 67667 2172 902 65495 611 368 273 65245 9633 4321 5312 894
is_linear=0
shrinkage=0.1


Tree=88
num_leaves=31
num_cat=0
split_feature=0 12 12 10 3 11 2 2 6 10 11 4 11 0 6 6 11 11 12 12 11 1 2 4 4 3 11 6 6 0
split_gain=2.55245 1.98862 1.56046 0.578799 0.577712 0.586457 0.541416 0.753791 0.909565 0.684594 1.01704 1.33231 1.10932 0.756808 0.792016 0.61095 0.487322 0.673623 0.483032 5.27841 0.507227 1.59737 1.02463 0.820313 1.78095 1.6297 0.707261 1.09599 1.01912 1.05105
threshold=0.94922371171663422 0.77800197229805812 -1.0140886165254834 1.7063346946566438 1.6754154257422591 -2.0604049756447398 1.7217823881768564 1.6946591777786548 0.050692130667250666 -1.5652883895741709 -0.81099588052378169 -0.22386371962671089 0.053979646867650943 -1.3878589126521301 0.91662838020058157 -1.4406425213068188 2.2644726613124244 2.0722558774476609 -1.0010984696466598 0.76048314901579195 -0.81099588052378169 0.44042869003308155 -0.21795643218273153 -0.80143607801382943 -0.57040713465898196 0.52473155633921909 0.24619643073241385 1.3495965049672469 1.205273796711692 0.34331340169510266
decision_type=2 2 2 2 2 2 2 2 2 2 2 2 2 2 2 2 2 2 2 2 2 2 2 2 2 2 2 2 2 2
left_child=1 2 -1 4 5 -4 7 9 -9 10 -7 12 15 -13 -15 -12 17 18 20 -20 21 22 -11 25 -25 -22 28 -28 29 -26
right_child=-2 -3 3 -5 -6 6 -8 8 -10 16 11 13 -14 14 -16 -17 -18 -19 19 -21 23 -23 -24 24 26 -27 27 -29 -30 -31
leaf_value=-0.10000690575310292 -0.10000690575310292 -0.10000690575310292 0.088154009821279813 0.10861432197812584 0.076778510358436497 0.11841479259207606 0.1172836478498 0.10700733739446654 -0.15025646092475353 -0.00076396795765112024 0.11610643396297134 -0.10555116502041394 0.11729151516500741 0.11372592109950541 -0.054995835350258704 -0.11590659330702623 -0.1065124212030276 0.1197631626421387 0.10000837503418654 -0.0035461280557110304 0.067420542911823339 0.031068332268829851 -0.078002974753324461 -0.075387937794314644 0.013963529801828327 -0.024481520867295686 -0.017860514768708698 0.04422815960871887 -0.036712409425489721 0.082196071507413537
leaf_weight=1.4294023349502811 2.492831778668914 1.8730623894953158 0.82117740928515459 0.53782334816059929 1.0995094378595229 1.2358398424912591 0.41552260181924694 0.17614184455305704 0.62528217312501511 2.7031752355396748 0.12534375773248019 0.23309538541070685 0.30586062950169424 1.6342269636152185 0.33530742559378257 1.2007462516630769 0.41282945865532283 0.48637639451044279 5.6595983809384185 37.782138528767973 4.7236925810575476 3.6376550681889057 4.7101316936314088 3.3197363652288905 10.536532273516046 3.2620396539568901 21.873310089111332 3.2677685357630244 2.9088345728814593 2.873180015012621
leaf_count=20681 36067 27100 745 604 1153 822 302 308 260 21 45 258 162 1263 417 556 109 595 67674 436 35 33 32 21 77 22 153 22 19 24
internal_value=0.000148718 0.00222576 0.00384398 0.00511379 0.00463543 0.00394726 0.00334305 0.00292785 -0.0937135 0.00361187 0.0395244 0.014099 -0.0543805 0.0648361 0.0850015 -0.0939764 0.00192829 0.00234379 0.00181133 0.00994497 -0.00372551 -0.0232064 -0.0498387 0.000354513 -0.00491093 0.0298801 0.000732273 -0.0097904 0.016944 0.0285831
internal_weight=122.698 120.205 118.332 116.903 116.365 115.266 114.444 114.029 0.801424 113.227 5.07042 3.83458 1.63195 2.20263 1.96953 1.32609 108.157 107.744 107.258 43.4417 63.8161 11.051 7.41331 52.7651 44.7794 7.98573 41.4596 25.1411 16.3185 13.4097
internal_count=160016 123949 96849 76168 75564 74411 73666 73364 568 72796 3523 2701 763 1938 1680 601 69273 69164 68569 68110 459 86 53 373 316 57 295 175 120 101
is_linear=0
shrinkage=0.1


Tree=89
num_leaves=31
num_cat=0
split_feature=0 12 12 3 10 13 8 8 13 0 10 2 12 9 3 2 2 9 10 6 11 0 11 13 6 3 3 2 8 11
split_gain=2.306 1.79139 1.40251 0.537271 0.528117 0.513999 1.36558 1.12271 1.10857 0.912713 1.07363 0.805395 0.720068 0.547956 0.502306 0.488922 0.667019 0.75201 0.657687 0.897198 1.01302 0.940612 0.691764 0.684491 0.598863 0.569818 0.55935 1.07338 1.49965 1.35332
threshold=0.94922371171663422 0.77800197229805812 -1.0140886165254834 -1.6949049930774878 1.7063346946566438 1.9149280622477078 -1.4971783862457777 0.4144580707797989 1.6022899074742647 0.25675478597774104 1.6649185450577781 -0.86566852782068837 -1.0010984696466598 -0.76032562115497671 1.6754154257422591 1.7217823881768564 1.6946591777786548 0.17837889239213442 -1.5652883895741709 -0.38227599409941465 0.43841321459717669 0.86266509599927266 -0.81099588052378169 0.45595000663832025 -1.4406425213068188 -1.5162252156594496 1.1756748752130268 0.20274694586505576 -0.53319071976018773 1.7839307016505168
decision_type=2 2 2 2 2 2 2 2 2 2 2 2 2 2 2 2 2 2 2 2 2 2 2 2 2 2 2 2 2 2
left_child=1 2 -1 -4 5 8 -7 11 14 10 -10 -8 -11 -13 15 16 18 -18 19 20 22 25 -5 24 -24 -21 -20 -28 29 -29
right_child=-2 -3 3 4 -6 6 7 -9 9 12 -12 13 -14 -15 -16 -17 17 -19 26 21 -22 -23 23 -25 -26 -27 27 28 -30 -31
leaf_value=-0.10000625916260548 -0.10000625916260548 -0.10000625916260548 0.087860935820312264 0.10831043092978346 0.10777041433684156 0.18134705388262023 0.10840158681685151 0.10448283774397148 0.12000684467259876 -0.11529164194962958 -0.13009088358146934 0.10496574196769481 0.10331670173936532 -0.12635849046909894 0.071947674982534446 0.11555154526090468 -0.14263917913196134 0.10662249117383722 0.0039955453286777843 -0.10278445063238797 0.11606358880946771 -0.12930229953449815 0.11407525938218221 0.10568515718671603 -0.12381577601778278 0.11509233559628376 -0.038638897835325176 0.10131956797177835 -0.033156008110895828 -0.15192503421462902
leaf_weight=1.2933847517633683 2.2556214806754715 1.6948274635069527 0.77185627938888401 0.24923238952760596 0.48974515224108373 0.2510223500139549 0.18143343203701179 0.33809124101389887 1.9662149194773517 0.41901980340480804 0.18806418625172217 0.10891102395544372 0.23527781417942595 1.7130653392232467 1.0502104848783336 0.38087289074610353 0.59627567489951516 0.15186119051941205 88.163288155556074 0.12764289725601052 0.51316376240720263 0.19133692712057371 0.1173372985140303 0.18613803580956312 1.0781734207921543 2.0143807435524641 8.812985359807497 2.1576325103233107 2.6012361847242564 0.23389379838772573
leaf_count=20681 36067 27100 891 365 596 54 294 546 2012 4 33 244 688 593 1069 294 258 273 55442 101 439 46 77 185 290 1794 5339 1310 2880 51
internal_value=0.000153742 0.00206387 0.00354773 0.00470947 0.00414902 0.00370396 -0.0403136 -0.0640769 0.00472803 0.0667571 0.0981738 -0.0925226 -0.0366826 -0.112531 0.00312424 0.00245235 0.00205049 -0.0920426 0.00271181 0.0402234 -0.00647536 0.0831332 -0.0450328 -0.072694 -0.100467 0.102109 0.00106469 -0.0176517 0.019394 0.076552
internal_weight=120.532 118.277 116.582 115.288 114.517 114.027 2.59252 2.3415 111.434 2.80858 2.15428 2.00341 0.654298 1.82198 108.626 107.575 107.195 0.748137 106.446 4.47741 2.14404 2.33336 1.63088 1.38165 1.19551 2.14202 101.969 13.8057 4.99276 2.39153
internal_count=160016 123949 96849 76168 75277 74681 1731 1677 72950 2737 2045 1131 692 837 70213 69144 68850 531 68319 3297 1356 1941 917 552 367 1895 65022 9580 4241 1361
is_linear=0
shrinkage=0.1


Tree=90
num_leaves=31
num_cat=0
split_feature=0 12 12 11 10 10 13 8 13 8 3 10 2 9 10 6 11 11 10 8 2 3 11 6 3 2 8 5 8 10
split_gain=2.08275 1.61345 1.26045 0.481699 0.477419 0.455498 0.441707 1.16232 0.997961 0.987415 0.811726 0.837857 0.704272 0.477221 0.444096 0.766581 0.799216 0.62184 0.585416 0.449869 0.440159 0.439879 0.439084 0.438927 0.42648 0.860437 1.29037 1.2001 1.13892 1.12494
threshold=0.94922371171663422 0.77800197229805812 -1.0140886165254834 -2.0604049756447398 1.7063346946566438 -0.98425553830452006 1.9149280622477078 -1.4971783862457777 1.6022899074742647 0.4144580707797989 1.4579391076469963 1.6649185450577781 -0.86566852782068837 -0.76032562115497671 -1.6209794930289052 -0.38227599409941465 0.43841321459717669 -0.81099588052378169 -1.6073357299393696 1.6744535523971156 1.7217823881768564 1.6754154257422591 1.6878223097181355 -1.4406425213068188 1.1756748752130268 0.20274694586505576 -0.53319071976018773 -1.3894911002392414 0.23481371069106671 -0.30116064232902223
decision_type=2 2 2 2 2 2 2 2 2 2 2 2 2 2 2 2 2 2 2 2 2 2 2 2 2 2 2 2 2 2
left_child=1 2 -1 5 6 -4 8 -8 14 12 11 -10 -9 -14 15 16 17 -5 -16 20 21 24 -23 -19 -20 -26 27 -27 29 -28
right_child=-2 -3 3 4 -6 -7 7 9 10 -11 -12 -13 13 -15 18 -17 -18 23 19 -21 -22 22 -24 -25 25 26 28 -29 -30 -31
leaf_value=-0.1000056573576347 -0.1000056573576347 -0.1000056573576347 -0.058471791200978285 0.10777086458177579 0.10700375662921607 0.12372459279388376 0.16795027589552411 0.10754699222575664 0.10139917421997452 0.10404814485641206 -0.10405310504191073 -0.12552933834036228 0.10447464575831003 -0.12155638930875881 -0.10711115825379394 0.095165365795632298 0.11588491030496469 0.11245134440667764 0.0033306829802760801 0.10784517623387345 0.11400341637292769 0.092216622887038774 -0.10664406071865398 -0.10012568284870438 -0.034210722233582395 -0.059416665504580003 -0.11645017369923681 0.11384873867285383 0.056268648504955415 0.11023887871454524
leaf_weight=1.1703095193843172 2.0409822269539282 1.5335519547079446 0.17739568792967475 0.21914706135430595 0.44616955726451024 0.60583256928657547 0.24435066971273078 0.16564326419393238 2.1519511380938638 0.3074354303171275 0.25391722806671158 0.17600900218531013 0.099169599758170413 1.6077144693990686 0.49195182724360975 1.3913671778427659 0.4087698918992827 0.10857041125564115 88.906310760736233 0.40176813182188098 0.34859773366770141 0.88146783009869867 0.12703409188543446 0.92189701707684479 8.8366238312555634 0.52018180687446181 1.3790521654082111 1.7267142417986177 0.9694223783299093 0.26021817637956646
leaf_count=20681 36067 27100 170 250 596 593 56 298 2485 551 240 35 247 602 267 1314 303 96 56251 633 286 951 57 281 5302 148 504 1245 1643 764
internal_value=0.000141548 0.00189096 0.00324618 0.0043049 0.00376488 0.0824584 0.00335691 -0.0388671 0.00428344 -0.0620491 0.0657238 0.0842419 -0.0893193 -0.108424 0.00281326 0.0404299 -0.00549254 -0.0451971 0.0017191 0.00223214 0.00182397 0.00144653 0.0671675 -0.0777285 0.000800514 -0.0156284 0.0181894 0.0737358 -0.0296534 -0.0804655
internal_weight=118.88 116.839 115.305 114.135 113.351 0.783228 112.905 2.42431 110.481 2.17996 2.58188 2.32796 1.87253 1.70688 107.899 3.04975 1.65838 1.24961 104.849 104.357 103.956 103.607 1.0085 1.03047 102.599 13.6922 4.85559 2.2469 2.60869 1.63927
internal_count=160016 123949 96849 76168 75405 763 74809 1754 73055 1698 2760 2520 1147 849 70295 2244 930 627 68051 67784 67151 66865 1008 377 65857 9606 4304 1393 2911 1268
is_linear=0
shrinkage=0.1


Tree=91
num_leaves=31
num_cat=0
split_feature=0 12 12 12 12 6 6 13 8 2 9 2 13 8 1 10 10 2 0 4 8 5 2 5 13 10 10 10 1 2
split_gain=1.8814 1.4537 1.13338 0.455986 4.97353 0.329832 0.490769 0.330968 1.0059 1.10673 0.623773 0.980291 0.951016 0.714357 1.61095 1.08959 1.03904 0.655576 0.699846 0.919172 1.04228 0.360832 0.225021 0.396742 0.699608 0.564043 1.67112 1.38888 0.990112 0.914302
threshold=0.94922371171663422 0.77800197229805812 -1.0140886165254834 -1.0010984696466598 0.76048314901579195 1.4458116438042838 1.2533813661302105 -0.96829047621846309 1.3091313109977987 -0.49135712140876997 0.10907282830413163 0.82484127985307054 -0.27353902116637646 1.0000000180025095e-35 1.0000000180025095e-35 -1.1588894949106041 -0.97037160448773896 1.0151925061594247 0.083637554543017689 0.35370863876040776 0.75342585327082567 -1.0421020429455934 1.5717177085747613 -0.17362939971147384 -0.34301416667158141 0.69607646177240123 1.0479293696524496 0.1496424447889215 -0.86706470402643965 1.0000000180025095e-35
decision_type=2 2 2 2 2 2 2 2 2 2 2 2 2 2 2 2 2 2 2 2 2 2 2 2 2 2 2 2 2 2
left_child=1 2 -1 22 -5 6 7 8 9 -6 13 12 -12 14 -9 -15 -17 18 19 20 -18 -11 23 25 -25 27 -27 28 -4 -28
right_child=-2 -3 3 4 5 -7 -8 10 -10 21 11 -13 -14 15 -16 16 17 -19 -20 -21 -22 -23 -24 24 -26 26 29 -29 -30 -31
leaf_value=-0.10000512263561237 -0.10000512263561237 -0.10000512263561237 -0.060413770099933706 0.10000760795422817 -0.010052468578474791 0.043630278267560385 -0.041396997322626118 -0.023590754680621589 -0.045764220162217074 0.11442584750025138 0.0030377695805416738 -0.030762543391545258 0.1107414091941734 -0.075464278303233906 0.089958452173806269 0.062068521192215911 0.071137167070193782 -0.049395377929153182 0.048399629839505971 -0.060414108798278743 -0.033207860274903377 0.045905140883924535 -0.028850249582614812 0.050920330036868494 0.0025714291607262956 -0.08256533627864307 -0.034818429643004654 0.043811199273105922 -0.00043525843771960795 0.04374289564626347
leaf_weight=1.0589452331842029 1.8467664873678575 1.3876222532417148 3.6268843896687057 5.5901530623304998 2.3807257479056716 1.6170219341292966 2.988582383375614 3.1311706486158135 1.7623462621122596 1.5644191252067683 1.5437970720231533 1.8486969377845524 1.7482451358810058 2.9900511596351906 2.0790334707126021 1.7927349153906149 1.7387199113145384 4.6430095992982379 2.0388701157644391 2.9505801191553473 2.1299885315820575 1.5106477839872234 2.845012515783309 3.3146311808377495 30.8267133962363 3.5808202475309354 3.00119573995471 5.5039421096444121 11.413447689265015 2.9253726825118065
leaf_count=20681 36067 27100 25 75175 30 32 27 37 12 21 17 21 35 32 41 19 22 37 33 31 23 21 20 29 232 26 23 42 84 21
internal_value=0.00013116 0.00173181 0.00296858 0.00393283 0.0115945 -0.000621545 -0.0024638 0.000781534 0.0199181 0.0411351 -0.00404232 0.0275101 0.060234 -0.0109463 0.0217189 -0.0202546 -0.00946074 -0.0189587 -0.00300524 -0.0183746 0.0136881 0.0807646 -0.00132999 -0.000110303 0.00726541 -0.00848976 -0.0286287 0.000830049 -0.0148987 0.00395969
internal_weight=117.38 115.533 114.146 113.087 46.0488 40.4586 38.8416 35.853 7.21814 5.45579 28.6349 5.14074 3.29204 23.4942 5.2102 18.284 15.2939 13.5012 8.85816 6.81929 3.86871 3.07507 67.038 64.193 34.1413 30.0517 9.50739 20.5443 15.0403 5.92657
internal_count=160016 123949 96849 76168 75666 491 459 432 84 72 348 73 52 275 78 197 165 146 109 76 45 42 502 482 261 221 70 151 109 44
is_linear=0
shrinkage=0.1


Tree=92
num_leaves=31
num_cat=0
split_feature=0 12 12 3 10 11 11 12 12 0 2 10 0 0 9 8 7 11 3 10 4 3 5 4 4 11 9 6 6 8
split_gain=1.7008 1.31117 1.02045 0.471248 0.429321 0.408956 0.598583 0.452505 4.43787 0.370043 0.315447 0.354027 1.5387 2.09571 1.07553 0.769456 0.911805 1.1871 0.619938 0.521752 0.835684 1.07609 0.943472 0.888442 1.37857 0.781082 0.500535 0.27844 0.467729 0.307552
threshold=0.94922371171663422 0.77800197229805812 -1.0140886165254834 -1.6949049930774878 1.7063346946566438 2.2644726613124244 2.0722558774476609 -1.0010984696466598 0.76048314901579195 0.60298924884718763 1.5717177085747613 -0.16606017317269525 0.68954786456454931 0.42987201741246434 -0.13935787269758707 -0.36913799950914183 1.0000000180025095e-35 -0.23434552892949331 -1.41870358601099 0.1496424447889215 -0.91695054969125322 1.1090846344704222 -0.52101845700512162 -0.10834924794928717 0.46922311043783155 1.1111719581238468 0.64990336515420855 1.4458116438042838 1.2533813661302105 1.6095359480392075
decision_type=2 2 2 2 2 2 2 2 2 2 2 2 2 2 2 2 2 2 2 2 2 2 2 2 2 2 2 2 2 2
left_child=1 2 -1 9 5 6 7 10 -9 -4 11 12 13 14 -5 16 17 -16 -13 -20 22 23 -21 -22 -25 -26 -18 28 29 -10
right_child=-2 -3 3 4 -6 -7 -8 8 27 -11 -12 18 -14 -15 15 -17 26 -19 19 20 21 -23 -24 24 25 -27 -28 -29 -30 -31
leaf_value=-0.10000463273702419 -0.10000463273702419 -0.10000463273702419 0.11297347075824829 0.058317621874417885 0.10650528564415276 -0.1016425350219064 0.11783969750236255 0.10000683136138699 0.0030510901623029153 -0.095932712451738025 -0.036326180982402485 -0.046531346084777825 -0.062525944384533724 0.087874114060545322 0.058826031976367536 0.03094198565480152 -0.021025845496615417 -0.027938195497004881 -0.034399603005917649 -0.0083467405232271839 -0.032026658529165919 -0.055195193807983246 0.071518081281303575 0.056760543307431556 -0.035387983820670446 0.025310148605814695 -0.079421747119029829 0.040387064942670033 -0.041034697094707639 -0.037282934123144477
leaf_weight=0.9581777078419681 1.6710311584902218 1.2555783512652841 0.61973088263402942 3.0349879413843253 0.40015935734845598 0.37407815994811144 0.45274499409788305 4.9169016388404989 32.507460930384696 0.098230657986277947 2.6656262427568427 3.6614293586462727 2.780412930995225 3.4687713757157317 2.6345924884080976 4.1415716297924439 3.2753012292087078 3.9279475398361683 4.6191097795963278 2.7164081819355488 5.2852010764181676 3.8378568366169921 3.2475765235722056 5.2120049223303822 4.7741006985306722 3.8135400079190731 2.659777021035552 1.5744962254539121 2.9110733433626583 2.0072280187159768
leaf_count=20681 36067 27100 765 25 596 118 631 72963 393 126 19 26 22 26 24 35 24 29 35 21 36 28 27 37 31 27 20 32 26 26
internal_value=0.000149695 0.00161994 0.00275337 0.00363549 0.00311268 0.00273826 0.00309282 0.00261913 0.010479 0.0843912 -0.00263027 -0.00120659 0.00776295 0.0162075 0.00357191 -0.0064137 -0.018793 0.00689411 -0.00746266 -0.00319333 0.00179669 -0.00687907 0.0351422 0.00283703 0.0161897 -0.00843358 -0.0471957 -0.000808146 -0.00254122 0.000705434
internal_weight=115.503 113.832 112.576 111.618 110.9 110.5 110.126 109.673 43.9172 0.717962 65.7562 63.0906 25.9234 23.1429 19.6742 16.6392 12.4976 6.56254 37.1672 33.5058 28.8867 22.9227 5.96398 19.0848 13.7996 8.58764 5.93508 39.0003 37.4258 34.5147
internal_count=160016 123949 96849 76168 75277 74681 74563 73932 73440 891 492 473 205 183 157 132 97 53 268 242 207 159 48 131 95 58 44 477 445 419
is_linear=0
shrinkage=0.1


Tree=93
num_leaves=31
num_cat=0
split_feature=0 12 12 3 2 2 6 2 3 2 10 13 11 11 5 3 12 6 10 8 11 3 11 4 9 10 9 1 6 10
split_gain=1.53723 1.18257 0.918859 0.422454 0.406709 0.489515 0.658745 0.444781 1.10863 1.00602 0.503609 0.787056 0.952266 0.970376 0.631003 0.481196 0.415529 0.397438 0.3941 0.374436 0.361585 0.537187 0.350302 1.0852 1.20636 1.18026 0.93307 0.750697 0.851838 0.801985
threshold=0.94922371171663422 0.77800197229805812 -1.0140886165254834 -1.6949049930774878 1.7217823881768564 1.6946591777786548 0.050692130667250666 1.6684209814698125 -1.3489282617246612 1.6403907933742845 -1.5652883895741709 0.42121243388571178 -0.81099588052378169 0.053979646867650943 -1.0000000180025095e-35 -1.5162252156594496 -1.0010984696466598 -1.4406425213068188 1.7063346946566438 1.6744535523971156 -2.0604049756447398 -0.59123821062444892 -1.1954294482533074 -0.80143607801382943 1.2018817891435394 -1.482820318854003 0.81085772787395383 -0.86706470402643965 1.1090586578746551 -1.3102322063180434
decision_type=2 2 2 2 2 2 2 2 2 2 2 2 2 2 2 2 2 2 2 2 2 2 2 2 2 2 2 2 2 2
left_child=1 2 -1 -4 5 7 -7 9 -9 10 11 12 -5 17 15 -15 -11 -14 19 20 21 -12 23 24 26 -26 27 -22 29 -29
right_child=-2 -3 3 4 -6 6 -8 8 -10 16 18 -13 13 14 -16 -17 -18 -19 -20 -21 22 -23 -24 -25 25 -27 -28 28 -30 -31
leaf_value=-0.10000419141234283 -0.10000419141234283 -0.10000419141234283 0.083182938076987512 0.11404407425356529 0.11346375784084183 0.10600340642697036 -0.13168072204112577 -0.11663260788598842 0.12553984671137786 -0.1472346587401922 -0.099567410198947243 0.11108012762859015 0.11072886273639207 -0.10895887326036523 -0.12684627970040871 0.11011041177103549 0.013203381302202558 -0.10601792341795398 0.10587612231176453 0.10669151025500566 -0.058542041550223113 0.12189054704374612 0.0028835555383331067 -0.090819043633441121 -0.13846082212832575 0.12079649686540106 -0.11831163840510105 -0.16477513501927168 0.10830941179246348 0.0066318035329021282
leaf_weight=0.86699869178846611 1.512017881956125 1.1360990545654193 0.65884101207120593 0.67848966657038623 0.33150062339700426 0.14814645318983721 0.54767847133553005 0.24790680340811377 0.79598226225061697 0.62991707772016525 0.13883784885547357 1.0815699593476891 0.092391447687987127 0.11546013725092108 0.17466334450364152 0.76198758568352787 0.21705679552905977 1.0030158146146271 0.36365753505378862 0.33784974791706091 2.0447408749278084 0.51892239081642699 89.725344314425485 1.6447301561092746 0.20575740717322322 1.197889761380792 0.82490659651739395 0.28985798725261425 0.7919079510065784 4.6841025821195252
leaf_count=20681 36067 27100 891 586 315 315 265 62 515 4 212 1256 58 47 24 933 573 601 585 637 1268 461 59641 1198 24 959 849 266 691 2932
internal_value=0.000153877 0.00150294 0.00254076 0.00334714 0.0028672 0.00253165 -0.081076 0.0030675 0.0680278 0.00243684 0.00329873 0.038535 0.0107705 -0.0218579 0.0467317 0.0812839 -0.106119 -0.0877365 0.00195894 0.00158991 0.00124202 0.0751459 0.000762664 -0.0155245 -0.00318892 0.0827926 -0.0171647 -0.00648215 0.0119798 -0.00335695
internal_weight=113.768 112.256 111.12 110.253 109.594 109.263 0.695825 108.567 1.04389 107.523 106.676 3.90758 2.82601 2.14752 1.05211 0.877448 0.846974 1.09541 102.769 102.405 102.067 0.65776 101.409 11.6839 10.0392 1.40365 8.63552 7.81061 5.76587 4.97396
internal_count=160016 123949 96849 76168 75277 74962 580 74382 577 73805 73228 3505 2249 1663 1004 980 577 659 69723 69138 68501 673 67828 8187 6989 983 6006 5157 3889 3198
is_linear=0
shrinkage=0.1


Tree=94
num_leaves=31
num_cat=0
split_feature=0 12 12 3 11 3 2 2 6 10 11 4 11 0 6 10 1 11 11 6 8 13 3 10 6 4 9 0 3 1
split_gain=1.38908 1.06644 0.827332 0.36796 0.369677 0.367507 0.368052 0.418123 0.56929 0.40109 0.652368 0.824173 0.732723 0.544427 0.53518 0.360282 0.353899 0.349669 0.518259 0.343854 0.342157 0.347639 1.81986 1.11018 1.03703 1.51396 0.887715 0.734282 0.444763 1.83293
threshold=0.94922371171663422 0.77800197229805812 -1.0140886165254834 1.6754154257422591 1.6878223097181355 -1.6949049930774878 1.7217823881768564 1.6946591777786548 0.050692130667250666 -1.5652883895741709 -0.81099588052378169 -0.22386371962671089 0.053979646867650943 -1.3878589126521301 0.91662838020058157 1.7063346946566438 -1.3028958353796132 2.2644726613124244 2.0722558774476609 -1.4406425213068188 1.6744535523971156 -1.6630419312705544 1.0948769580378033 -0.16606017317269525 0.29122997775984261 -1.4945229080783717 1.4442411703230122 -0.089479676891705606 -1.4328439710163343 0.87625982138625536
decision_type=2 2 2 2 2 2 2 2 2 2 2 2 2 2 2 2 2 2 2 2 2 2 2 2 2 2 2 2 2 2
left_child=1 2 -1 5 -5 16 7 9 -9 10 -7 12 19 -13 -15 17 -4 18 20 -12 21 22 24 -24 26 -26 -11 -27 29 -23
right_child=-2 -3 3 4 -6 6 -8 8 -10 15 11 13 -14 14 -16 -17 -18 -19 -20 -21 -22 28 23 -25 25 27 -28 -29 -30 -31
leaf_value=-0.10000379783655665 -0.10000379783655665 -0.10000379783655665 -0.097335432018796381 0.089711531886350684 -0.1036559762721552 0.11238717994279653 0.11212461223153672 0.10542919081188754 -0.12551742329272214 0.10847619435631572 0.1096762477428021 -0.10599612005023898 0.11230750657952851 0.10911050000192944 -0.051512295715739669 0.10530255769471741 0.11086824370035962 -0.098830442665528248 0.1145988295204151 -0.10161222270939758 0.10604834905018962 -0.042740873804158683 0.11595205311436613 -0.12084443171489612 0.12785121228504981 -0.12124483143260192 -0.1198694810567817 0.05104492232736059 0.0010692603835179878 0.079787785962856281
leaf_weight=0.78449578544314036 1.3681354621912749 1.0279887716023939 0.096479348474531434 0.80736600713498674 0.11266462003550259 0.83521268711410845 0.30306941833259671 0.13438676941950589 0.51874933576254989 2.5455311960576945 0.083832285487005609 0.17612767354876302 0.23176324927408121 1.1622228851047092 0.25250414422771417 0.33072755889952432 0.53078889941389107 0.35133013894664955 0.40076645867884408 0.94832990830036656 0.30712542615219618 7.3794559680099905 0.24149851030233538 1.0989686736284054 0.57486106587748498 0.83108255275874388 0.18245320644200536 0.35219882260207658 87.070747520250762 1.4628960877489587
leaf_count=20681 36067 27100 131 1102 59 848 308 308 262 1584 45 255 160 1243 413 584 760 108 591 549 636 3734 265 340 418 456 122 273 59335 1279
internal_value=0.000144195 0.00137707 0.00232358 0.00305788 0.0660322 0.0025234 0.00207921 0.00176888 -0.0779987 0.00225661 0.0346514 0.0119085 -0.0483721 0.0598011 0.0804421 0.00109752 0.0788447 0.000762272 0.00110381 -0.0844514 0.000658085 0.000339939 0.0240564 -0.0781832 0.0546059 -0.00528388 0.093204 -0.0699635 -0.00110081 -0.0224695
internal_weight=112.504 111.136 110.108 109.323 0.920031 108.403 107.776 107.473 0.653136 106.82 3.68999 2.85478 1.26393 1.59085 1.41473 103.13 0.627268 102.799 102.448 1.03216 102.047 101.74 5.82659 1.34047 4.48613 1.75814 2.72798 1.18328 95.9131 8.84235
internal_count=160016 123949 96849 76168 1161 75007 74116 73808 570 73238 3513 2665 754 1911 1656 69725 891 69141 69033 594 68442 67806 3458 605 2853 1147 1706 729 64348 5013
is_linear=0
shrinkage=0.1


Tree=95
num_leaves=31
num_cat=0
split_feature=0 12 12 13 8 13 8 0 6 2 12 9 11 10 2 2 9 10 6 11 0 5 0 13 3 0 2 13 2 3
split_gain=1.25546 0.962084 0.745317 0.359388 1.02423 0.926029 0.840663 0.785973 0.825428 0.613636 0.593257 0.378219 0.351413 0.38802 0.330774 0.376527 0.491326 0.42361 0.613149 0.655274 0.641533 0.45132 0.458732 0.409169 1.79432 1.27242 0.88686 0.783372 1.0551 0.936921
threshold=0.94922371171663422 0.77800197229805812 -1.0140886165254834 1.9149280622477078 -1.4971783862457777 1.6022899074742647 0.4144580707797989 0.25675478597774104 -1.6811803683994107 -0.86566852782068837 -1.0010984696466598 -0.76032562115497671 -2.0604049756447398 -0.98425553830452006 1.7217823881768564 1.6946591777786548 0.17837889239213442 -1.5652883895741709 -0.38227599409941465 0.43841321459717669 0.86266509599927266 0.69484324352264604 0.17019617026037934 1.3243893254534329 -1.0712928866886842 -1.4744175283694918 1.2709210868999621 1.0464887434325922 1.6684209814698125 -1.6689519127800534
decision_type=2 2 2 2 2 2 2 2 2 2 2 2 2 2 2 2 2 2 2 2 2 2 2 2 2 2 2 2 2 2
left_child=1 2 -1 5 -5 12 9 8 -7 -6 -9 -11 13 -4 15 17 -17 18 19 21 -20 22 -14 27 -25 -26 -27 28 -19 -29
right_child=-2 -3 3 4 6 7 -8 10 -10 11 -12 -13 14 -15 -16 16 -18 23 20 -21 -22 -23 -24 24 25 26 -28 29 -30 -31
leaf_value=-0.10000342350941938 -0.10000342350941938 -0.10000342350941938 -0.060082362523262128 0.15934524149079024 0.10723080258902831 -0.12164574220812395 0.10379961986894126 -0.11242573523309343 0.11743822555637878 0.10352677664764665 0.10302315043920313 -0.11778667917884243 -0.093330282016367991 0.11943977687695961 0.1109262684483272 -0.1217163071172309 0.10500264192610026 -0.00091393783771280741 0.096044055414692825 0.11025407425858054 -0.11826279610732147 0.10357190914893666 0.10688956532181143 0.11820162358536711 0.1230948061914057 -0.069881458267910132 0.11676301338654241 -0.12390566364413808 0.12196241351617715 0.049653741574678924
leaf_weight=0.70984363848037801 1.2379445147271315 0.93016597857058414 0.15946972911842749 0.23617112373540328 0.14792093133655737 0.15802219943725515 0.2666971725411712 0.37013871222734451 1.675583449057739 0.081551284176384686 0.19521285052542214 1.4538013719138676 0.91434804591699526 0.49139229477805102 0.27673110143950808 0.4865401867282334 0.11895613934393623 86.645322084612417 1.6107429134244728 0.36047455080188218 0.15294772332708806 0.17900762405406556 0.1308010433895106 0.76951491168802011 0.41384739065324527 4.5994717497815136 0.26949707264793676 0.3311188658553873 0.70448539379503827 5.1274987034958022
leaf_count=20681 36067 27100 170 56 301 31 555 4 2042 248 699 604 423 593 299 265 275 58651 1921 453 48 359 140 644 254 2124 277 87 455 4190
internal_value=0.000139427 0.00126677 0.00213068 0.00279994 -0.0373344 0.00362657 -0.0611552 0.0650504 0.0968337 -0.0872906 -0.0380324 -0.106031 0.00220619 0.0754545 0.00174374 0.00144987 -0.077175 0.00191565 0.036897 -0.0082487 0.0774593 -0.0431439 -0.0682726 0.000730868 -0.0244617 -0.0452425 -0.0595507 0.00237375 7.70729e-05 0.0391257
internal_weight=111.205 109.967 109.037 108.327 2.18614 106.141 1.94997 2.39896 1.83361 1.68327 0.565352 1.53535 103.742 0.650862 103.091 102.815 0.605496 102.209 3.34832 1.58463 1.76369 1.22416 1.04515 98.8608 6.05233 5.28282 4.86897 92.8084 87.3498 5.45862
internal_count=160016 123949 96849 76168 1764 74404 1708 2776 2073 1153 703 852 71628 763 70865 70566 540 70026 3344 1375 1969 922 563 66682 3299 2655 2401 63383 59106 4277
is_linear=0
shrinkage=0.1


Tree=96
num_leaves=31
num_cat=0
split_feature=0 12 12 12 12 9 8 8 4 0 2 0 10 9 0 3 3 5 6 2 5 3 1 1 9 13 3 2 3 2
split_gain=1.13479 0.86815 0.671675 0.330595 4.12608 0.217177 1.07548 0.69159 0.668755 0.982931 0.867392 1.70406 0.631676 1.04874 0.627443 2.66809 1.01122 0.960425 1.11565 1.19939 0.895516 0.681115 0.525435 0.324981 0.216797 0.849092 1.01278 0.868275 0.650337 1.04587
threshold=0.94922371171663422 0.77800197229805812 -1.0140886165254834 -1.0010984696466598 0.76048314901579195 0.73209997508990077 -0.94154328631317752 -0.67088614866351626 -1.0324650213686768 -1.3013002969347685 -0.026619297340059005 -1.0000000180025095e-35 -0.45393778986061756 1.3228790670807131 -1.3013002969347685 -1.0000000180025095e-35 0.91902644593350336 0.52114871487582204 0.14690726950428742 0.62228326972062076 -0.17362939971147384 1.2700241483962793 -0.43123357267326595 0.44042869003308155 -0.026919765966474583 -1.0000000180025095e-35 -0.042010063753663167 -0.50493894197730038 -0.24896248364216825 1.0825633746383052
decision_type=2 2 2 2 2 2 2 2 2 2 2 2 2 2 2 2 2 2 2 2 2 2 2 2 2 2 2 2 2 2
left_child=1 2 -1 5 -5 6 14 -7 -9 -10 11 -11 -12 -14 15 -4 17 18 19 -16 -20 -18 -19 -8 28 27 -27 -26 29 -6
right_child=-2 -3 3 4 24 7 23 8 9 10 12 -13 13 -15 16 -17 21 22 20 -21 -22 -23 -24 -25 25 26 -28 -29 -30 -31
leaf_value=-0.10000310415203176 -0.10000310415203176 -0.10000310415203176 0.086965395900287581 0.10000629187979027 -0.029867856273405654 -0.04900906115232153 0.06426470747571944 -0.03438895933348942 -0.047947046467867703 0.099971804351094457 -0.040463654767403656 -0.0034594730566381662 0.05418098444023034 -0.03145755946696642 0.055454411390915337 -0.042785541591667857 0.066683627862184222 -0.089647718507022203 -0.070561091321158578 -0.027115162011778278 0.0028014064296384127 -0.0021665672230718569 -0.027518720117697782 0.015734773798161759 0.042548503637191218 0.08733606508338565 -0.011460053994087267 -0.042051589754173356 0.010930232069208103 0.042631492126188483
leaf_weight=0.6422950718588244 1.1201419833050739 0.84165158586983935 3.2620255909860134 4.4956620878092499 13.50545678520575 3.6974675133824375 3.1879312694072715 5.1039272509515348 2.7909015044570031 2.9770983997732401 3.0572299882769638 3.4258456360548797 3.1857887022197033 2.5946084931492805 3.9950311109423691 3.0823456309735802 2.3391241282224646 2.6722070425748825 3.7103507891297394 3.1434475854039192 3.016734994947905 3.7249745689332485 2.7746206093579522 2.4329581819474697 1.8071159524843095 2.4382500126957893 1.8062912980094532 3.6909838020801544 13.100678442977369 2.3336213100701579
leaf_count=20681 36067 27100 24 75175 139 29 26 35 20 30 26 25 23 20 31 22 20 21 30 20 24 33 22 21 21 46 27 35 195 28
internal_value=0.000134821 0.00116544 0.00195389 0.0025639 0.00932927 -0.00198799 0.00294331 -0.0088506 -0.00243253 0.00661295 0.0166041 0.0446317 -0.00370208 0.015741 -0.00420055 0.0239273 -0.0112328 -0.0224187 -0.00844165 0.0190947 -0.037662 0.0243912 -0.0579991 0.0432589 -0.00120919 0.0116935 0.0452928 -0.0142452 -0.00555291 -0.0191863
internal_weight=109.957 108.837 107.995 107.353 43.1781 64.1746 37.3418 26.8329 23.1354 18.0315 15.2406 6.40294 8.83763 5.7804 31.7209 6.34437 25.3765 19.3124 13.8656 7.13848 6.72709 6.0641 5.44683 5.62089 38.6824 9.74264 4.24454 5.4981 28.9398 15.8391
internal_count=160016 123949 96849 76168 75666 502 294 208 179 144 124 55 69 43 247 46 201 148 105 51 54 53 43 47 491 129 73 56 362 167
is_linear=0
shrinkage=0.1


Tree=97
num_leaves=31
num_cat=0
split_feature=0 12 12 2 2 10 6 10 5 2 11 0 13 3 11 6 8 10 11 10 4 11 3 0 5 2 4 2 2 7
split_gain=1.02626 0.783969 0.605863 0.34727 1.15873 0.971671 1.40183 0.862415 1.12331 0.804521 1.65749 1.37398 1.11252 0.992374 0.792709 0.910954 0.789945 0.716486 0.626048 0.794849 0.626008 0.609789 0.657503 0.575282 0.47934 0.454188 1.95769 1.72226 0.795406 1.46593
threshold=0.94922371171663422 0.77800197229805812 -1.0140886165254834 -1.4292863358594909 -1.5221039222929129 -1.4430052900703625 -1.1519971047957085 -0.99692005195545963 0.34745418622899804 -1.2530172757706854 1.0000000180025095e-35 -0.8685072183479603 -1.3156662037445088 1.2960285430567797 -0.52267070472663746 0.33933754717836101 -1.2817246474040762 0.97895073659717979 0.24619643073241385 -0.9305218241279033 1.5088533555346453 -1.7720797998475959 -0.60446797241066519 0.68954786456454931 -1.5631856288860653 -1.1021412953226959 0.1226796954055603 -1.1297675645816752 -1.0050457453603447 1.0000000180025095e-35
decision_type=2 2 2 2 2 2 2 2 2 2 2 2 2 2 2 2 2 2 2 2 2 2 2 2 2 2 2 2 2 2
left_child=1 2 -1 4 5 -4 -7 16 14 10 13 18 -13 23 -9 24 -8 -17 -12 -20 -14 -10 -23 -5 -16 26 -11 -28 29 -27
right_child=-2 -3 3 9 -6 6 7 8 21 25 11 12 20 -15 15 17 -18 -19 19 -21 -22 22 -24 -25 -26 28 27 -29 -30 -31
leaf_value=-0.10000280921567735 -0.10000280921567735 -0.10000280921567735 -0.12721447812810285 -0.11115529225147691 0.10872106849000461 0.12232498091223006 -0.12391892288514834 0.11721750278763964 0.10420252950436888 0.099686636658982086 0.12185839538545372 -0.077568063571539003 0.11807353621665102 0.11235187442944894 -0.10743230780496751 -0.079873279658909391 0.11321456259401314 0.11977000780820808 0.10632055030760446 -0.12336550993551954 -0.10367076101586721 0.10752198763372199 -0.15535889359844335 0.107253425312634 0.11221531255268297 -0.1136244225388065 -0.093008577592470928 0.12523126481069186 0.0033717321809400209 0.033802156620774515
leaf_weight=0.58117423125076939 1.0135491996770714 0.76155996648594637 0.50861825786705583 2.7763272111624246 1.3012930583518008 1.0440404748424033 0.16661772732550162 0.54426602337480234 0.12388881528386253 2.2132127513068545 0.1588795433945055 0.4426952412904942 1.5801324511648998 0.2341313015003833 0.11840604316967018 1.5112279629502152 0.89545838616322704 0.20403208129573602 0.17679661906004174 1.019388702132346 0.13847036074912455 0.10533086402028846 0.9837344209627189 0.1260747020223788 0.61751997306055539 1.5919400212042083 1.4408095491126003 0.48275968892994559 84.198367804641748 1.1703016138799285
leaf_count=20681 36067 27100 380 1529 2128 689 33 309 101 1780 136 104 1091 229 72 522 475 168 118 422 170 336 712 159 691 1016 1248 290 60150 1110
internal_value=0.00015002 0.00109679 0.00182003 0.00237896 0.0222445 0.00575186 0.0164619 -0.00450867 -0.02483 0.000727855 -0.0328426 0.0142983 0.0637938 -0.0856922 0.00804628 -0.0161943 0.0760132 -0.0561255 -0.064646 -0.0894178 0.100207 -0.10602 -0.129934 -0.101668 0.0768753 0.00317953 0.0355534 -0.0382368 0.00163948 -0.051163
internal_weight=108.231 107.217 106.456 105.875 8.12443 6.82314 6.31452 5.27048 4.20841 97.7503 6.6529 3.51636 2.1613 3.13653 2.99545 2.45119 1.06208 1.71526 1.35506 1.19619 1.7186 1.21295 1.08907 2.9024 0.735926 91.0974 4.13678 1.92357 86.9606 2.76224
internal_count=160016 123949 96849 76168 6616 4488 4108 3419 2911 69552 3958 2041 1365 1917 1762 1453 508 690 676 540 1261 1149 1048 1688 763 65594 3318 1538 62276 2126
is_linear=0
shrinkage=0.1


Tree=98
num_leaves=31
num_cat=0
split_feature=0 12 12 13 13 8 8 0 6 2 12 9 3 10 3 1 12 0 11 11 11 11 13 11 10 0 6 10 2 10
split_gain=0.927767 0.707752 0.546383 0.318543 0.845596 0.841875 0.731932 0.626595 0.666283 0.524984 0.503765 0.330912 0.312979 0.306317 0.308661 0.305808 0.365727 0.305519 0.298123 0.455104 0.964938 1.11586 0.909669 0.803335 1.08731 0.790655 0.789234 0.738275 1.2845 1.11256
threshold=0.94922371171663422 0.77800197229805812 -1.0140886165254834 1.9149280622477078 1.6022899074742647 -1.4971783862457777 0.4144580707797989 0.25675478597774104 -1.6811803683994107 -0.86566852782068837 -1.0010984696466598 -0.76032562115497671 -1.6949049930774878 1.7063346946566438 1.6754154257422591 -0.43123357267326595 -1.0010984696466598 0.60298924884718763 2.2644726613124244 1.8800390935828981 1.7839307016505168 1.5917139177857538 0.073836706359672072 1.3994971339209912 1.5267045420390464 -1.6475347598042152 0.57987539427095292 0.55769562360113867 1.0414489348102174 0.10951097829436522
decision_type=2 2 2 2 2 2 2 2 2 2 2 2 2 2 2 2 2 2 2 2 2 2 2 2 2 2 2 2 2 2
left_child=1 2 -1 4 12 -5 9 8 -6 -7 -9 -11 17 14 18 16 -16 -4 19 20 21 23 25 -14 27 -21 -23 28 29 -25
right_child=-2 -3 3 5 7 6 -8 10 -10 11 -12 -13 13 -15 15 -17 -18 -19 -20 22 -22 26 -24 24 -26 -27 -28 -29 -30 -31
leaf_value=-0.10000254667606552 -0.10000254667606552 -0.10000254667606552 0.10986086312911468 0.14724536246772352 -0.11626846369306472 0.10630312077652349 0.10340580655218751 -0.11013134322064129 0.11493460814188157 0.10330142634558215 0.10286193788163306 -0.1143421253917403 0.0013598639788596572 0.10438841406856172 -0.11096413692765708 0.11074840512916931 0.10234996271212914 -0.095587721374176995 -0.095205701863098027 -0.12157429204259076 -0.093346890570430052 0.11176576838333351 -0.11115019864822782 -0.098341341825851705 0.090155411484737893 0.11484631712807113 -0.023999188131932327 -0.11576150036320816 0.11965613324653412 0.11086795561649909
leaf_weight=0.52586951476041477 0.91709954977341013 0.68908968860341602 0.45726073919831733 0.2199649622980363 0.13607146653885149 0.13095322339722759 0.23726897861706664 0.31130881235003471 1.484188000094945 0.073702420389963552 0.17261698677248194 1.3395185478475458 89.339295897683769 0.28702695375250087 0.17660414427518845 0.50152466663348505 0.1475058488376817 0.085994762892369181 0.32491214237961585 0.16042316365383147 1.0981809298482392 1.5004878936215384 0.27976294011386915 1.5417327541799748 0.54126283275763842 1.1963163670261554 0.59916321364289604 1.5077132029728089 0.48079840904028959 0.30437493154749962
leaf_count=20681 36067 27100 720 56 31 301 555 4 2042 248 699 604 62266 571 2 672 395 124 116 43 798 1248 225 1013 125 1449 647 670 308 236
internal_value=0.00014445 0.00101213 0.00167405 0.00218504 0.00295553 -0.0373264 -0.0601165 0.0656951 0.0955179 -0.0852424 -0.0341564 -0.102992 0.00164234 0.00123105 0.000934075 0.0618234 -0.0138827 0.0773393 0.000425628 0.000740919 -0.000142151 0.000926115 0.053036 -0.000689197 -0.0425234 0.0868915 0.0730234 -0.0612513 -0.0259315 -0.0638482
internal_weight=106.768 105.851 105.162 104.636 102.635 2.00141 1.78144 2.10419 1.62026 1.54417 0.483926 1.41322 100.53 99.9871 99.7001 0.825635 0.32411 0.543256 98.8744 98.5495 96.913 95.8148 1.6365 93.7152 4.37588 1.35674 2.09965 3.83462 2.32691 1.84611
internal_count=160016 123949 96849 76168 74404 1764 1708 2776 2073 1153 703 852 71628 70784 70213 1069 397 844 69144 69028 67311 66513 1717 64618 2352 1492 1895 2227 1557 1249
is_linear=0
shrinkage=0.1


Tree=99
num_leaves=31
num_cat=0
split_feature=0 12 12 11 0 2 2 9 13 9 2 5 9 2 5 1 9 11 8 2 2 2 9 13 5 10 11 5 3 6
split_gain=0.83873 0.638999 0.492815 0.29921 0.348033 0.282072 0.332637 0.944755 1.10526 1.03287 0.767072 1.18693 1.05759 0.960203 0.648525 0.495848 0.465375 0.440831 1.07529 0.990419 0.952391 1.48739 1.52365 1.28042 1.80109 2.01791 1.26951 1.23365 1.01682 1.01369
threshold=0.94922371171663422 0.77800197229805812 -1.0140886165254834 -2.0604049756447398 -1.0416244497826834 1.7217823881768564 1.5848567264076687 0.17837889239213442 -0.13458873015595468 0.67805177448981324 1.5175681539002697 -0.86840751429876961 -0.32009858816147962 1.5043297633943842 -0.69471298565194561 0.44042869003308155 -0.8823323850356618 0.72673839039432109 0.9963756349318279 1.3794029779220323 0.73061691897489178 0.46091400439722685 1.4840638157699424 -1.6283043585179489 1.0000000180025095e-35 1.2283225442482579 -1.2915378401856887 0.52114871487582204 0.85259958369060618 -1.584965229562374
decision_type=2 2 2 2 2 2 2 2 2 2 2 2 2 2 2 2 2 2 2 2 2 2 2 2 2 2 2 2 2 2
left_child=1 2 -1 4 -4 6 10 16 -9 -10 13 12 -12 17 -15 -14 -8 20 -19 -20 21 -5 26 -22 -25 27 28 -26 -23 -28
right_child=-2 -3 3 5 -6 -7 7 8 9 -11 11 -13 15 14 -16 -17 -18 18 19 -21 23 22 -24 24 25 -27 29 -29 -30 -31
leaf_value=-0.10000230062131797 -0.10000230062131797 -0.10000230062131797 -0.057565065713707703 -0.0011717146592184321 0.11879785645229131 0.10930367999348718 0.03737068735328937 0.11636356142304427 0.11045470834503841 -0.11616475715081248 0.11939518343889791 0.12013807806727744 -0.1176580133645113 -0.20040337390978863 0.10240134354047725 0.11265125737145104 -0.10764992688506834 0.0066472689801065094 0.10078829554478895 -0.13046986635857363 0.065856082092598675 -0.12745866259648811 -0.11980740282173737 -0.069764866012422419 0.077203703896131196 -0.10336724068428178 -0.054584017139190637 -0.0072135210795707429 0.11622598172016115 0.10339599863663157
leaf_weight=0.47582751634217757 0.82982791121867094 0.62351557917281653 0.15076202290401852 49.151565074558675 0.43401236885438166 0.24257268573273805 0.26413180939198344 0.72032655928705935 0.28812172849393369 0.66602533432705968 0.37650285745621659 1.3608987133757171 0.66137928417447278 0.37346506087487796 0.087254570416915977 0.10886950864369282 1.3639646219999115 20.790781169505866 2.0287854528178282 0.20379616408354184 1.5323025117559179 0.53652595986932272 0.47262229364241637 6.740733292424923 2.3992691645889845 1.6848414499891067 0.45073725084876048 6.2164519916514109 0.25150050780030142 4.1072817958083752
leaf_count=20681 36067 27100 216 35428 547 311 532 641 287 500 113 1084 167 96 202 99 951 15423 2678 116 888 389 255 4158 1777 1125 144 4558 149 3334
internal_value=0.000136835 0.000930023 0.00153433 0.00200038 0.0733293 0.00159573 0.00134167 -0.0298811 0.0228582 -0.047733 0.00237764 0.0569841 -0.0179635 0.000966357 -0.143056 -0.0851053 -0.0841227 0.00165348 0.0137291 0.0796784 -0.00212687 0.00448796 0.0522965 -0.0217041 -0.0295772 -0.00327821 0.0675115 0.0162946 -0.0496861 0.0877735
internal_weight=105.595 104.765 104.141 103.665 0.584774 103.081 102.838 3.30257 1.67447 0.954147 99.5356 2.50765 1.14675 97.0279 0.46072 0.770249 1.6281 96.5672 23.0234 2.23258 73.5438 54.9702 5.81867 18.5736 17.0413 10.3006 5.34605 8.61572 0.788026 4.55802
internal_count=160016 123949 96849 76168 763 75405 75094 2911 1428 787 72183 1463 379 70720 298 266 1483 70422 18217 2794 52205 39699 4271 12506 11618 7460 4016 6335 538 3478
is_linear=0
shrinkage=0.1


end of trees

feature_importances:
Column_12=388
Column_3=317
Column_10=300
Column_2=293
Column_0=289
Column_6=281
Column_11=197
Column_8=175
Column_13=167
Column_4=153
Column_5=148
Column_9=131
Column_1=130
Column_7=31

parameters:
[boosting: gbdt]
[objective: binary]
[metric: binary_logloss]
[tree_learner: serial]
[device_type: cpu]
[data_sample_strategy: bagging]
[data: ]
[valid: ]
[num_iterations: 100]
[learning_rate: 0.1]
[num_leaves: 31]
[num_threads: 8]
[seed: 0]
[deterministic: 0]
[force_col_wise: 0]
[force_row_wise: 0]
[histogram_pool_size: -1]
[max_depth: -1]
[min_data_in_leaf: 20]
[min_sum_hessian_in_leaf: 0.001]
[bagging_fraction: 1]
[pos_bagging_fraction: 1]
[neg_bagging_fraction: 1]
[bagging_freq: 0]
[bagging_seed: 3]
[bagging_by_query: 0]
[feature_fraction: 1]
[feature_fraction_bynode: 1]
[feature_fraction_seed: 2]
[extra_trees: 0]
[extra_seed: 6]
[early_stopping_round: 0]
[early_stopping_min_delta: 0]
[first_metric_only: 0]
[max_delta_step: 0]
[lambda_l1: 0]
[lambda_l2: 0]
[linear_lambda: 0]
[min_gain_to_split: 0]
[drop_rate: 0.1]
[max_drop: 50]
[skip_drop: 0.5]
[xgboost_dart_mode: 0]
[uniform_drop: 0]
[drop_seed: 4]
[top_rate: 0.2]
[other_rate: 0.1]
[min_data_per_group: 100]
[max_cat_threshold: 32]
[cat_l2: 10]
[cat_smooth: 10]
[max_cat_to_onehot: 4]
[top_k: 20]
[monotone_constraints: ]
[monotone_constraints_method: basic]
[monotone_penalty: 0]
[feature_contri: ]
[forcedsplits_filename: ]
[refit_decay_rate: 0.9]
[cegb_tradeoff: 1]
[cegb_penalty_split: 0]
[cegb_penalty_feature_lazy: ]
[cegb_penalty_feature_coupled: ]
[path_smooth: 0]
[interaction_constraints: ]
[verbosity: 1]
[saved_feature_importance_type: 0]
[use_quantized_grad: 0]
[num_grad_quant_bins: 4]
[quant_train_renew_leaf: 0]
[stochastic_rounding: 1]
[linear_tree: 0]
[max_bin: 255]
[max_bin_by_feature: ]
[min_data_in_bin: 3]
[bin_construct_sample_cnt: 200000]
[data_random_seed: 1]
[is_enable_sparse: 1]
[enable_bundle: 1]
[use_missing: 1]
[zero_as_missing: 0]
[feature_pre_filter: 1]
[pre_partition: 0]
[two_round: 0]
[header: 0]
[label_column: ]
[weight_column: ]
[group_column: ]
[ignore_column: ]
[categorical_feature: ]
[forcedbins_filename: ]
[precise_float_parser: 0]
[parser_config_file: ]
[objective_seed: 5]
[num_class: 1]
[is_unbalance: 0]
[scale_pos_weight: 1]
[sigmoid: 1]
[boost_from_average: 1]
[reg_sqrt: 0]
[alpha: 0.9]
[fair_c: 1]
[poisson_max_delta_step: 0.7]
[tweedie_variance_power: 1.5]
[lambdarank_truncation_level: 30]
[lambdarank_norm: 1]
[label_gain: ]
[lambdarank_position_bias_regularization: 0]
[eval_at: ]
[multi_error_top_k: 1]
[auc_mu_weights: ]
[num_machines: 1]
[local_listen_port: 12400]
[time_out: 120]
[machine_list_filename: ]
[machines: ]
[gpu_platform_id: -1]
[gpu_device_id: -1]
[gpu_use_dp: 0]
[num_gpu: 1]

end of parameters

pandas_categorical:null
